sample_id,speaker,digit,status,mp4_present,mp4_filename,mp4_valid,mp4_frame_count,mp4_fps,mp4_duration_sec,mp4_resolution,frame_count,frame_resolution,frame_mode,frame_sequence_continuous,frame_vs_mp4_diff,frame_vs_mp4_ratio,notes
s1_d0,s1,d0,PASS,True,d0.mp4,True,40,30.0,1.33,720x1280,40,720x1280,RGB,True,0,1.0,OK
s1_d1,s1,d1,PASS,True,d1.mp4,True,39,30.0,1.3,720x1280,39,720x1280,RGB,True,0,1.0,OK
s1_d2,s1,d2,PASS,True,d2.mp4,True,40,30.0,1.33,720x1280,40,720x1280,RGB,True,0,1.0,OK
s1_d3,s1,d3,PASS,True,d3.mp4,True,36,30.0,1.2,720x1280,36,720x1280,RGB,True,0,1.0,OK
s1_d4,s1,d4,PASS,True,d4.mp4,True,48,30.0,1.6,720x1280,48,720x1280,RGB,True,0,1.0,OK
s1_d5,s1,d5,PASS,True,d5.mp4,True,55,30.0,1.83,720x1280,55,720x1280,RGB,True,0,1.0,OK
s1_d6,s1,d6,PASS,True,d6.mp4,True,35,30.0,1.17,720x1280,35,720x1280,RGB,True,0,1.0,OK
s1_d7,s1,d7,PASS,True,d7.mp4,True,41,30.0,1.37,720x1280,41,720x1280,RGB,True,0,1.0,OK
s1_d8,s1,d8,PASS,True,d8.mp4,True,42,30.0,1.4,720x1280,42,720x1280,RGB,True,0,1.0,OK
s1_d9,s1,d9,PASS,True,d9.mp4,True,36,30.0,1.2,720x1280,36,720x1280,RGB,True,0,1.0,OK
s1_d10,s1,d10,PASS,True,d10.mp4,True,30,30.0,1.0,720x1280,30,720x1280,RGB,True,0,1.0,OK
s2_d0,s2,d0,PASS,True,d0.mp4,True,23,30.020013342228154,0.77,720x1280,23,720x1280,RGB,True,0,1.0,OK
s2_d1,s2,d1,PASS,True,d1.mp4,True,43,30.020013342228154,1.43,720x1280,43,720x1280,RGB,True,0,1.0,OK
s2_d2,s2,d2,PASS,True,d2.mp4,True,32,30.020013342228154,1.07,720x1280,32,720x1280,RGB,True,0,1.0,OK
s2_d3,s2,d3,PASS,True,d3.mp4,True,28,30.020013342228154,0.93,720x1280,28,720x1280,RGB,True,0,1.0,OK
s2_d4,s2,d4,PASS,True,d4.mp4,True,44,30.020013342228154,1.47,720x1280,44,720x1280,RGB,True,0,1.0,OK
s2_d5,s2,d5,PASS,True,d5.mp4,True,37,30.020013342228154,1.23,720x1280,37,720x1280,RGB,True,0,1.0,OK
s2_d6,s2,d6,PASS,True,d6.mp4,True,40,30.020013342228154,1.33,720x1280,40,720x1280,RGB,True,0,1.0,OK
s2_d7,s2,d7,PASS,True,d7.mp4,True,46,30.020013342228154,1.53,720x1280,46,720x1280,RGB,True,0,1.0,OK
s2_d8,s2,d8,PASS,True,d8.mp4,True,39,30.020013342228154,1.3,720x1280,39,720x1280,RGB,True,0,1.0,OK
s2_d9,s2,d9,PASS,True,d9.mp4,True,32,30.020013342228154,1.07,720x1280,32,720x1280,RGB,True,0,1.0,OK
s2_d10,s2,d10,PASS,True,d10.mp4,True,25,30.020013342228154,0.83,720x1280,25,720x1280,RGB,True,0,1.0,OK
s3_d0,s3,d0,WARNING,True,d0.mp4,True,66,30.0,2.2,720x1080,66,720x1080,RGB,True,0,1.0,Video resolution (720x1080) differs from expected (720x1280)
s3_d1,s3,d1,WARNING,True,d1.mp4,True,31,30.0,1.03,720x1080,31,720x1080,RGB,True,0,1.0,Video resolution (720x1080) differs from expected (720x1280)
s3_d2,s3,d2,WARNING,True,d2.mp4,True,32,30.0,1.07,720x1080,32,720x1080,RGB,True,0,1.0,Video resolution (720x1080) differs from expected (720x1280)
s3_d3,s3,d3,WARNING,True,d3.mp4,True,23,30.0,0.77,720x1080,23,720x1080,RGB,True,0,1.0,Video resolution (720x1080) differs from expected (720x1280)
s3_d4,s3,d4,WARNING,True,d4.mp4,True,37,30.0,1.23,720x1080,37,720x1080,RGB,True,0,1.0,Video resolution (720x1080) differs from expected (720x1280)
s3_d5,s3,d5,WARNING,True,d5.mp4,True,31,30.0,1.03,720x1080,31,720x1080,RGB,True,0,1.0,Video resolution (720x1080) differs from expected (720x1280)
s3_d6,s3,d6,PASS,True,d6.mp4,True,30,29.97002997002997,1.0,720x1280,30,720x1280,RGB,True,0,1.0,OK
s3_d7,s3,d7,WARNING,True,d7.mp4,True,36,30.0,1.2,720x1080,36,720x1080,RGB,True,0,1.0,Video resolution (720x1080) differs from expected (720x1280)
s3_d8,s3,d8,WARNING,True,d8.mp4,True,25,30.0,0.83,720x1080,25,720x1080,RGB,True,0,1.0,Video resolution (720x1080) differs from expected (720x1280)
s3_d9,s3,d9,WARNING,True,d9.mp4,True,44,30.0,1.47,720x1080,44,720x1080,RGB,True,0,1.0,Video resolution (720x1080) differs from expected (720x1280)
s3_d10,s3,d10,WARNING,True,d10.mp4,True,22,30.0,0.73,720x1080,22,720x1080,RGB,True,0,1.0,Video resolution (720x1080) differs from expected (720x1280)
s4_d0,s4,d0,PASS,True,d0.mp4,True,31,30.020013342228154,1.03,720x1280,31,720x1280,RGB,True,0,1.0,OK
s4_d1,s4,d1,PASS,True,d1.mp4,True,37,30.020013342228154,1.23,720x1280,37,720x1280,RGB,True,0,1.0,OK
s4_d2,s4,d2,PASS,True,d2.mp4,True,38,30.020013342228154,1.27,720x1280,38,720x1280,RGB,True,0,1.0,OK
s4_d3,s4,d3,PASS,True,d3.mp4,True,35,30.020013342228154,1.17,720x1280,35,720x1280,RGB,True,0,1.0,OK
s4_d4,s4,d4,PASS,True,d4.mp4,True,36,30.020013342228154,1.2,720x1280,36,720x1280,RGB,True,0,1.0,OK
s4_d5,s4,d5,PASS,True,d5.mp4,True,41,30.020013342228154,1.37,720x1280,41,720x1280,RGB,True,0,1.0,OK
s4_d6,s4,d6,PASS,True,d6.mp4,True,38,30.020013342228154,1.27,720x1280,38,720x1280,RGB,True,0,1.0,OK
s4_d7,s4,d7,PASS,True,d7.mp4,True,33,30.020013342228154,1.1,720x1280,33,720x1280,RGB,True,0,1.0,OK
s4_d8,s4,d8,PASS,True,d8.mp4,True,38,30.020013342228154,1.27,720x1280,38,720x1280,RGB,True,0,1.0,OK
s4_d9,s4,d9,WARNING,True,d9.mp4,True,54,29.994769327335494,1.87,720x1280,54,720x1280,RGB,True,0,1.0,Decoded frame count (54) differs from container header (56)
s4_d10,s4,d10,PASS,True,d10.mp4,True,56,30.0,1.87,720x1280,56,720x1280,RGB,True,0,1.0,OK
s5_d0,s5,d0,PASS,True,d0.mp4,True,22,30.020013342228154,0.73,720x1280,22,720x1280,RGB,True,0,1.0,OK
s5_d1,s5,d1,PASS,True,d1.mp4,True,40,30.020013342228154,1.33,720x1280,40,720x1280,RGB,True,0,1.0,OK
s5_d2,s5,d2,PASS,True,d2.mp4,True,31,30.020013342228154,1.03,720x1280,31,720x1280,RGB,True,0,1.0,OK
s5_d3,s5,d3,PASS,True,d3.mp4,True,24,30.020013342228154,0.8,720x1280,24,720x1280,RGB,True,0,1.0,OK
s5_d4,s5,d4,PASS,True,d4.mp4,True,47,30.020013342228154,1.57,720x1280,47,720x1280,RGB,True,0,1.0,OK
s5_d5,s5,d5,PASS,True,d5.mp4,True,38,30.020013342228154,1.27,720x1280,38,720x1280,RGB,True,0,1.0,OK
s5_d6,s5,d6,PASS,True,d6.mp4,True,36,30.020013342228154,1.2,720x1280,36,720x1280,RGB,True,0,1.0,OK
s5_d7,s5,d7,PASS,True,d7.mp4,True,36,30.020013342228154,1.2,720x1280,36,720x1280,RGB,True,0,1.0,OK
s5_d8,s5,d8,PASS,True,d8.mp4,True,31,30.020013342228154,1.03,720x1280,31,720x1280,RGB,True,0,1.0,OK
s5_d9,s5,d9,PASS,True,d9.mp4,True,33,30.020013342228154,1.1,720x1280,33,720x1280,RGB,True,0,1.0,OK
s5_d10,s5,d10,PASS,True,d10.mp4,True,28,30.020013342228154,0.93,720x1280,28,720x1280,RGB,True,0,1.0,OK
s6_d0,s6,d0,PASS,True,d0.mp4,True,39,30.020013342228154,1.3,720x1280,39,720x1280,RGB,True,0,1.0,OK
s6_d1,s6,d1,PASS,True,d1.mp4,True,37,30.020013342228154,1.23,720x1280,37,720x1280,RGB,True,0,1.0,OK
s6_d2,s6,d2,PASS,True,d2.mp4,True,42,30.020013342228154,1.4,720x1280,42,720x1280,RGB,True,0,1.0,OK
s6_d3,s6,d3,PASS,True,d3.mp4,True,40,30.020013342228154,1.33,720x1280,40,720x1280,RGB,True,0,1.0,OK
s6_d4,s6,d4,PASS,True,d4.mp4,True,42,29.321873497060057,1.43,720x1280,42,720x1280,RGB,True,0,1.0,OK
s6_d5,s6,d5,WARNING,True,d5.mp4,True,42,30.0,1.4,1280x720,42,1280x720,RGB,True,0,1.0,Video resolution (1280x720) differs from expected (720x1280)
s6_d6,s6,d6,PASS,True,d6.mp4,True,47,28.21881254169446,1.67,720x1280,47,720x1280,RGB,True,0,1.0,OK
s6_d7,s6,d7,PASS,True,d7.mp4,True,39,30.0,1.3,720x1280,39,720x1280,RGB,True,0,1.0,OK
s6_d8,s6,d8,PASS,True,d8.mp4,True,41,30.020013342228154,1.37,720x1280,41,720x1280,RGB,True,0,1.0,OK
s6_d9,s6,d9,PASS,True,d9.mp4,True,42,30.020013342228154,1.4,720x1280,42,720x1280,RGB,True,0,1.0,OK
s6_d10,s6,d10,PASS,True,d10.mp4,True,42,30.020013342228154,1.4,720x1280,42,720x1280,RGB,True,0,1.0,OK
s7_d0,s7,d0,PASS,True,d0.mp4,True,31,30.020013342228154,1.03,720x1280,31,720x1280,RGB,True,0,1.0,OK
s7_d1,s7,d1,PASS,True,d1.mp4,True,39,30.020013342228154,1.3,720x1280,39,720x1280,RGB,True,0,1.0,OK
s7_d2,s7,d2,PASS,True,d2.mp4,True,42,30.020013342228154,1.4,720x1280,42,720x1280,RGB,True,0,1.0,OK
s7_d3,s7,d3,PASS,True,d3.mp4,True,30,30.020013342228154,1.0,720x1280,30,720x1280,RGB,True,0,1.0,OK
s7_d4,s7,d4,PASS,True,d4.mp4,True,41,30.020013342228154,1.37,720x1280,41,720x1280,RGB,True,0,1.0,OK
s7_d5,s7,d5,PASS,True,d5.mp4,True,28,30.020013342228154,0.93,720x1280,28,720x1280,RGB,True,0,1.0,OK
s7_d6,s7,d6,PASS,True,d6.mp4,True,32,30.020013342228154,1.07,720x1280,32,720x1280,RGB,True,0,1.0,OK
s7_d7,s7,d7,PASS,True,d7.mp4,True,43,30.020013342228154,1.43,720x1280,43,720x1280,RGB,True,0,1.0,OK
s7_d8,s7,d8,PASS,True,d8.mp4,True,26,30.020013342228154,0.87,720x1280,26,720x1280,RGB,True,0,1.0,OK
s7_d9,s7,d9,PASS,True,d9.mp4,True,30,30.020013342228154,1.0,720x1280,30,720x1280,RGB,True,0,1.0,OK
s7_d10,s7,d10,PASS,True,d10.mp4,True,52,30.020013342228154,1.73,720x1280,52,720x1280,RGB,True,0,1.0,OK
s8_d0,s8,d0,WARNING,True,d0.mp4,True,36,30.0,1.2,1280x720,36,1280x720,RGB,True,0,1.0,Video resolution (1280x720) differs from expected (720x1280)
s8_d1,s8,d1,WARNING,True,d1.mp4,True,32,30.0,1.07,1280x720,32,1280x720,RGB,True,0,1.0,Video resolution (1280x720) differs from expected (720x1280)
s8_d2,s8,d2,WARNING,True,d2.mp4,True,37,30.0,1.23,1280x720,37,1280x720,RGB,True,0,1.0,Video resolution (1280x720) differs from expected (720x1280)
s8_d3,s8,d3,WARNING,True,d3.mp4,True,50,30.0,1.67,1280x720,50,1280x720,RGB,True,0,1.0,Video resolution (1280x720) differs from expected (720x1280)
s8_d4,s8,d4,WARNING,True,d4.mp4,True,34,30.0,1.13,1280x720,34,1280x720,RGB,True,0,1.0,Video resolution (1280x720) differs from expected (720x1280)
s8_d5,s8,d5,WARNING,True,d5.mp4,True,41,30.0,1.37,1280x720,41,1280x720,RGB,True,0,1.0,Video resolution (1280x720) differs from expected (720x1280)
s8_d6,s8,d6,WARNING,True,d6.mp4,True,56,30.0,1.87,1280x720,56,1280x720,RGB,True,0,1.0,Video resolution (1280x720) differs from expected (720x1280)
s8_d7,s8,d7,WARNING,True,d7.mp4,True,38,30.0,1.27,1280x720,38,1280x720,RGB,True,0,1.0,Video resolution (1280x720) differs from expected (720x1280)
s8_d8,s8,d8,WARNING,True,d8.mp4,True,32,30.0,1.07,1280x720,32,1280x720,RGB,True,0,1.0,Video resolution (1280x720) differs from expected (720x1280)
s8_d9,s8,d9,WARNING,True,d9.mp4,True,28,28.82882882882883,1.21,1280x720,28,1280x720,RGB,True,0,1.0,Decoded frame count (28) differs from container header (35); Video resolution (1280x720) differs from expected (720x1280)
s8_d10,s8,d10,WARNING,True,d10.mp4,True,31,30.0,1.03,1280x720,31,1280x720,RGB,True,0,1.0,Video resolution (1280x720) differs from expected (720x1280)
s9_d0,s9,d0,WARNING,True,d0.mp4,True,44,30.0,1.47,1280x720,44,1280x720,RGB,True,0,1.0,Video resolution (1280x720) differs from expected (720x1280)
s9_d1,s9,d1,WARNING,True,d1.mp4,True,59,30.0,1.97,1280x720,59,1280x720,RGB,True,0,1.0,Video resolution (1280x720) differs from expected (720x1280)
s9_d2,s9,d2,WARNING,True,d2.mp4,True,51,30.0,1.7,1280x720,51,1280x720,RGB,True,0,1.0,Video resolution (1280x720) differs from expected (720x1280)
s9_d3,s9,d3,WARNING,True,d3.mp4,True,52,30.0,1.73,1280x720,52,1280x720,RGB,True,0,1.0,Video resolution (1280x720) differs from expected (720x1280)
s9_d4,s9,d4,WARNING,True,d4.mp4,True,44,30.0,1.47,1280x720,44,1280x720,RGB,True,0,1.0,Video resolution (1280x720) differs from expected (720x1280)
s9_d5,s9,d5,WARNING,True,d5.mp4,True,52,30.0,1.73,1280x720,52,1280x720,RGB,True,0,1.0,Video resolution (1280x720) differs from expected (720x1280)
s9_d6,s9,d6,WARNING,True,d6.mp4,True,61,30.0,2.03,1280x720,61,1280x720,RGB,True,0,1.0,Video resolution (1280x720) differs from expected (720x1280)
s9_d7,s9,d7,WARNING,True,d7.mp4,True,64,30.0,2.13,1280x720,64,1280x720,RGB,True,0,1.0,Video resolution (1280x720) differs from expected (720x1280)
s9_d8,s9,d8,WARNING,True,d8.mp4,True,53,30.0,1.77,1280x720,53,1280x720,RGB,True,0,1.0,Video resolution (1280x720) differs from expected (720x1280)
s9_d9,s9,d9,WARNING,True,d9.mp4,True,66,30.0,2.2,1280x720,66,1280x720,RGB,True,0,1.0,Video resolution (1280x720) differs from expected (720x1280)
s9_d10,s9,d10,WARNING,True,d10.mp4,True,51,30.0,1.7,1280x720,51,1280x720,RGB,True,0,1.0,Video resolution (1280x720) differs from expected (720x1280)
s10_d0,s10,d0,WARNING,True,d0.mp4,True,48,30.0,1.6,1280x720,48,1280x720,RGB,True,0,1.0,Video resolution (1280x720) differs from expected (720x1280)
s10_d1,s10,d1,WARNING,True,d1.mp4,True,60,30.0,2.0,1280x720,60,1280x720,RGB,True,0,1.0,Video resolution (1280x720) differs from expected (720x1280)
s10_d2,s10,d2,WARNING,True,d2.mp4,True,68,30.0,2.27,1280x720,68,1280x720,RGB,True,0,1.0,Video resolution (1280x720) differs from expected (720x1280)
s10_d3,s10,d3,WARNING,True,d3.mp4,True,54,30.0,1.8,1280x720,54,1280x720,RGB,True,0,1.0,Video resolution (1280x720) differs from expected (720x1280)
s10_d4,s10,d4,WARNING,True,d4.mp4,True,51,30.0,1.7,1280x720,51,1280x720,RGB,True,0,1.0,Video resolution (1280x720) differs from expected (720x1280)
s10_d5,s10,d5,WARNING,True,d5.mp4,True,47,30.0,1.57,1280x720,47,1280x720,RGB,True,0,1.0,Video resolution (1280x720) differs from expected (720x1280)
s10_d6,s10,d6,PASS,True,d6.mp4,True,44,26.993865030674847,1.63,720x1280,44,720x1280,RGB,True,0,1.0,OK
s10_d7,s10,d7,WARNING,True,d7.mp4,True,41,30.0,1.37,1280x720,41,1280x720,RGB,True,0,1.0,Video resolution (1280x720) differs from expected (720x1280)
s10_d8,s10,d8,WARNING,True,d8.mp4,True,45,30.0,1.5,1280x720,45,1280x720,RGB,True,0,1.0,Video resolution (1280x720) differs from expected (720x1280)
s10_d9,s10,d9,WARNING,True,d9.mp4,True,46,30.0,1.53,1280x720,46,1280x720,RGB,True,0,1.0,Video resolution (1280x720) differs from expected (720x1280)
s10_d10,s10,d10,WARNING,True,d10.mp4,True,50,30.0,1.67,1280x720,50,1280x720,RGB,True,0,1.0,Video resolution (1280x720) differs from expected (720x1280)
s11_d0,s11,d0,WARNING,True,d0.mp4,True,45,30.0,1.5,1280x720,45,1280x720,RGB,True,0,1.0,Video resolution (1280x720) differs from expected (720x1280)
s11_d1,s11,d1,WARNING,True,d1.mp4,True,34,30.0,1.13,1280x720,34,1280x720,RGB,True,0,1.0,Video resolution (1280x720) differs from expected (720x1280)
s11_d2,s11,d2,WARNING,True,d2.mp4,True,51,29.517720536605196,1.76,1280x720,51,1280x720,RGB,True,0,1.0,Decoded frame count (51) differs from container header (52); Video resolution (1280x720) differs from expected (720x1280)
s11_d3,s11,d3,WARNING,True,d3.mp4,True,43,30.0,1.43,1280x720,43,1280x720,RGB,True,0,1.0,Video resolution (1280x720) differs from expected (720x1280)
s11_d4,s11,d4,WARNING,True,d4.mp4,True,40,30.0,1.33,1280x720,40,1280x720,RGB,True,0,1.0,Video resolution (1280x720) differs from expected (720x1280)
s11_d5,s11,d5,WARNING,True,d5.mp4,True,77,30.0,2.57,1280x720,77,1280x720,RGB,True,0,1.0,Video resolution (1280x720) differs from expected (720x1280)
s11_d6,s11,d6,WARNING,True,d6.mp4,True,42,30.0,1.4,1280x720,42,1280x720,RGB,True,0,1.0,Video resolution (1280x720) differs from expected (720x1280)
s11_d7,s11,d7,WARNING,True,d7.mp4,True,37,30.0,1.23,1280x720,37,1280x720,RGB,True,0,1.0,Video resolution (1280x720) differs from expected (720x1280)
s11_d8,s11,d8,WARNING,True,d8.mp4,True,42,30.0,1.4,1280x720,42,1280x720,RGB,True,0,1.0,Video resolution (1280x720) differs from expected (720x1280)
s11_d9,s11,d9,WARNING,True,d9.mp4,True,52,30.0,1.73,1280x720,52,1280x720,RGB,True,0,1.0,Video resolution (1280x720) differs from expected (720x1280)
s11_d10,s11,d10,WARNING,True,d10.mp4,True,54,30.0,1.8,1280x720,54,1280x720,RGB,True,0,1.0,Video resolution (1280x720) differs from expected (720x1280)
s12_d0,s12,d0,WARNING,True,d0.mp4,True,28,30.0,0.93,1280x720,28,1280x720,RGB,True,0,1.0,Video resolution (1280x720) differs from expected (720x1280)
s12_d1,s12,d1,WARNING,True,d1.mp4,True,30,30.0,1.0,1280x720,30,1280x720,RGB,True,0,1.0,Video resolution (1280x720) differs from expected (720x1280)
s12_d2,s12,d2,WARNING,True,d2.mp4,True,38,30.0,1.27,1280x720,38,1280x720,RGB,True,0,1.0,Video resolution (1280x720) differs from expected (720x1280)
s12_d3,s12,d3,WARNING,True,d3.mp4,True,41,30.0,1.37,1280x720,41,1280x720,RGB,True,0,1.0,Video resolution (1280x720) differs from expected (720x1280)
s12_d4,s12,d4,WARNING,True,d4.mp4,True,50,30.0,1.67,1280x720,50,1280x720,RGB,True,0,1.0,Video resolution (1280x720) differs from expected (720x1280)
s12_d5,s12,d5,WARNING,True,d5.mp4,True,55,30.0,1.83,1280x720,55,1280x720,RGB,True,0,1.0,Video resolution (1280x720) differs from expected (720x1280)
s12_d6,s12,d6,WARNING,True,d6.mp4,True,44,30.0,1.47,1280x720,44,1280x720,RGB,True,0,1.0,Video resolution (1280x720) differs from expected (720x1280)
s12_d7,s12,d7,WARNING,True,d7.mp4,True,49,30.0,1.63,1280x720,49,1280x720,RGB,True,0,1.0,Video resolution (1280x720) differs from expected (720x1280)
s12_d8,s12,d8,WARNING,True,d8.mp4,True,30,30.0,1.0,1280x720,30,1280x720,RGB,True,0,1.0,Video resolution (1280x720) differs from expected (720x1280)
s12_d9,s12,d9,WARNING,True,d9.mp4,True,32,30.0,1.07,1280x720,32,1280x720,RGB,True,0,1.0,Video resolution (1280x720) differs from expected (720x1280)
s12_d10,s12,d10,WARNING,True,d10.mp4,True,36,30.0,1.2,1280x720,36,1280x720,RGB,True,0,1.0,Video resolution (1280x720) differs from expected (720x1280)
s13_d0,s13,d0,WARNING,True,d0.mp4,True,33,30.0,1.1,1280x720,33,1280x720,RGB,True,0,1.0,Video resolution (1280x720) differs from expected (720x1280)
s13_d1,s13,d1,WARNING,True,d1.mp4,True,44,30.0,1.47,1280x720,44,1280x720,RGB,True,0,1.0,Video resolution (1280x720) differs from expected (720x1280)
s13_d2,s13,d2,WARNING,True,d2.mp4,True,44,30.0,1.47,1280x720,44,1280x720,RGB,True,0,1.0,Video resolution (1280x720) differs from expected (720x1280)
s13_d3,s13,d3,WARNING,True,d3.mp4,True,49,30.0,1.63,1280x720,49,1280x720,RGB,True,0,1.0,Video resolution (1280x720) differs from expected (720x1280)
s13_d4,s13,d4,WARNING,True,d4.mp4,True,47,30.0,1.57,1280x720,47,1280x720,RGB,True,0,1.0,Video resolution (1280x720) differs from expected (720x1280)
s13_d5,s13,d5,WARNING,True,d5.mp4,True,45,30.0,1.5,1280x720,45,1280x720,RGB,True,0,1.0,Video resolution (1280x720) differs from expected (720x1280)
s13_d6,s13,d6,WARNING,True,d6.mp4,True,56,30.0,1.87,1280x720,56,1280x720,RGB,True,0,1.0,Video resolution (1280x720) differs from expected (720x1280)
s13_d7,s13,d7,WARNING,True,d7.mp4,True,46,30.0,1.53,1280x720,46,1280x720,RGB,True,0,1.0,Video resolution (1280x720) differs from expected (720x1280)
s13_d8,s13,d8,WARNING,True,d8.mp4,True,56,30.0,1.87,1280x720,56,1280x720,RGB,True,0,1.0,Video resolution (1280x720) differs from expected (720x1280)
s13_d9,s13,d9,WARNING,True,d9.mp4,True,45,30.0,1.5,1280x720,45,1280x720,RGB,True,0,1.0,Video resolution (1280x720) differs from expected (720x1280)
s13_d10,s13,d10,WARNING,True,d10.mp4,True,60,30.0,2.0,1280x720,60,1280x720,RGB,True,0,1.0,Video resolution (1280x720) differs from expected (720x1280)
s14_d0,s14,d0,PASS,True,d0.mp4,True,32,30.0,1.07,720x1280,32,720x1280,RGB,True,0,1.0,OK
s14_d1,s14,d1,PASS,True,d1.mp4,True,30,30.0,1.0,720x1280,30,720x1280,RGB,True,0,1.0,OK
s14_d2,s14,d2,PASS,True,d2.mp4,True,32,30.0187617260788,1.07,720x1280,32,720x1280,RGB,True,0,1.0,OK
s14_d3,s14,d3,PASS,True,d3.mp4,True,45,30.0,1.5,720x1280,45,720x1280,RGB,True,0,1.0,OK
s14_d4,s14,d4,PASS,True,d4.mp4,True,50,30.0,1.67,720x1280,50,720x1280,RGB,True,0,1.0,OK
s14_d5,s14,d5,PASS,True,d5.mp4,True,40,30.0,1.33,720x1280,40,720x1280,RGB,True,0,1.0,OK
s14_d6,s14,d6,WARNING,True,d6.mp4,True,56,28.97345952743398,1.97,720x1280,56,720x1280,RGB,True,0,1.0,Decoded frame count (56) differs from container header (57)
s14_d7,s14,d7,PASS,True,d7.mp4,True,42,30.0,1.4,720x1280,42,720x1280,RGB,True,0,1.0,OK
s14_d8,s14,d8,PASS,True,d8.mp4,True,40,30.0,1.33,720x1280,40,720x1280,RGB,True,0,1.0,OK
s14_d9,s14,d9,PASS,True,d9.mp4,True,68,30.0,2.27,720x1280,68,720x1280,RGB,True,0,1.0,OK
s14_d10,s14,d10,PASS,True,d10.mp4,True,56,30.0,1.87,720x1280,56,720x1280,RGB,True,0,1.0,OK
s15_d0,s15,d0,PASS,True,d0.mp4,True,59,30.0,1.97,720x1280,59,720x1280,RGB,True,0,1.0,OK
s15_d1,s15,d1,PASS,True,d1.mp4,True,92,30.0,3.07,720x1280,92,720x1280,RGB,True,0,1.0,OK
s15_d2,s15,d2,PASS,True,d2.mp4,True,53,30.0,1.77,720x1280,53,720x1280,RGB,True,0,1.0,OK
s15_d3,s15,d3,PASS,True,d3.mp4,True,38,30.0,1.27,720x1280,38,720x1280,RGB,True,0,1.0,OK
s15_d4,s15,d4,PASS,True,d4.mp4,True,56,30.0,1.87,720x1280,56,720x1280,RGB,True,0,1.0,OK
s15_d5,s15,d5,PASS,True,d5.mp4,True,53,30.0,1.77,720x1280,53,720x1280,RGB,True,0,1.0,OK
s15_d6,s15,d6,PASS,True,d6.mp4,True,85,30.0,2.83,720x1280,85,720x1280,RGB,True,0,1.0,OK
s15_d7,s15,d7,PASS,True,d7.mp4,True,55,30.0,1.83,720x1280,55,720x1280,RGB,True,0,1.0,OK
s15_d8,s15,d8,PASS,True,d8.mp4,True,55,30.0,1.83,720x1280,55,720x1280,RGB,True,0,1.0,OK
s15_d9,s15,d9,PASS,True,d9.mp4,True,53,30.0,1.77,720x1280,53,720x1280,RGB,True,0,1.0,OK
s15_d10,s15,d10,PASS,True,d10.mp4,True,43,30.0,1.43,720x1280,43,720x1280,RGB,True,0,1.0,OK
s16_d0,s16,d0,PASS,True,d0.mp4,True,51,30.0,1.7,720x1280,51,720x1280,RGB,True,0,1.0,OK
s16_d1,s16,d1,PASS,True,d1.mp4,True,59,30.0,1.97,720x1280,59,720x1280,RGB,True,0,1.0,OK
s16_d2,s16,d2,PASS,True,d2.mp4,True,47,30.0,1.57,720x1280,47,720x1280,RGB,True,0,1.0,OK
s16_d3,s16,d3,PASS,True,d3.mp4,True,45,30.0,1.5,720x1280,45,720x1280,RGB,True,0,1.0,OK
s16_d4,s16,d4,PASS,True,d4.mp4,True,51,30.0,1.7,720x1280,51,720x1280,RGB,True,0,1.0,OK
s16_d5,s16,d5,PASS,True,d5.mp4,True,51,30.0,1.7,720x1280,51,720x1280,RGB,True,0,1.0,OK
s16_d6,s16,d6,PASS,True,d6.mp4,True,40,30.0,1.33,720x1280,40,720x1280,RGB,True,0,1.0,OK
s16_d7,s16,d7,PASS,True,d7.mp4,True,59,30.0,1.97,720x1280,59,720x1280,RGB,True,0,1.0,OK
s16_d8,s16,d8,PASS,True,d8.mp4,True,51,30.0,1.7,720x1280,51,720x1280,RGB,True,0,1.0,OK
s16_d9,s16,d9,PASS,True,d9.mp4,True,46,30.0,1.53,720x1280,46,720x1280,RGB,True,0,1.0,OK
s16_d10,s16,d10,PASS,True,d10.mp4,True,52,30.0,1.73,720x1280,52,720x1280,RGB,True,0,1.0,OK
s17_d0,s17,d0,PASS,True,d0.mp4,True,32,30.0,1.07,720x1280,32,720x1280,RGB,True,0,1.0,OK
s17_d1,s17,d1,PASS,True,d1.mp4,True,38,30.0,1.27,720x1280,38,720x1280,RGB,True,0,1.0,OK
s17_d2,s17,d2,PASS,True,d2.mp4,True,53,30.0,1.77,720x1280,53,720x1280,RGB,True,0,1.0,OK
s17_d3,s17,d3,PASS,True,d3.mp4,True,37,30.0,1.23,720x1280,37,720x1280,RGB,True,0,1.0,OK
s17_d4,s17,d4,PASS,True,d4.mp4,True,41,30.0,1.37,720x1280,41,720x1280,RGB,True,0,1.0,OK
s17_d5,s17,d5,PASS,True,d5.mp4,True,25,30.0,0.83,720x1280,25,720x1280,RGB,True,0,1.0,OK
s17_d6,s17,d6,PASS,True,d6.mp4,True,37,30.0,1.23,720x1280,37,720x1280,RGB,True,0,1.0,OK
s17_d7,s17,d7,PASS,True,d7.mp4,True,35,30.0,1.17,720x1280,35,720x1280,RGB,True,0,1.0,OK
s17_d8,s17,d8,PASS,True,d8.mp4,True,38,30.0,1.27,720x1280,38,720x1280,RGB,True,0,1.0,OK
s17_d9,s17,d9,PASS,True,d9.mp4,True,36,30.0,1.2,720x1280,36,720x1280,RGB,True,0,1.0,OK
s17_d10,s17,d10,PASS,True,d10.mp4,True,31,30.0,1.03,720x1280,31,720x1280,RGB,True,0,1.0,OK
s18_d0,s18,d0,PASS,True,d0.mp4,True,29,30.0,0.97,720x1280,29,720x1280,RGB,True,0,1.0,OK
s18_d1,s18,d1,PASS,True,d1.mp4,True,41,30.0,1.37,720x1280,41,720x1280,RGB,True,0,1.0,OK
s18_d2,s18,d2,PASS,True,d2.mp4,True,49,30.0,1.63,720x1280,49,720x1280,RGB,True,0,1.0,OK
s18_d3,s18,d3,PASS,True,d3.mp4,True,45,30.0,1.5,720x1280,45,720x1280,RGB,True,0,1.0,OK
s18_d4,s18,d4,PASS,True,d4.mp4,True,34,30.0,1.13,720x1280,34,720x1280,RGB,True,0,1.0,OK
s18_d5,s18,d5,PASS,True,d5.mp4,True,44,30.0,1.47,720x1280,44,720x1280,RGB,True,0,1.0,OK
s18_d6,s18,d6,PASS,True,d6.mp4,True,46,30.0,1.53,720x1280,46,720x1280,RGB,True,0,1.0,OK
s18_d7,s18,d7,PASS,True,d7.mp4,True,44,30.0,1.47,720x1280,44,720x1280,RGB,True,0,1.0,OK
s18_d8,s18,d8,PASS,True,d8.mp4,True,39,30.0,1.3,720x1280,39,720x1280,RGB,True,0,1.0,OK
s18_d9,s18,d9,PASS,True,d9.mp4,True,38,30.0,1.27,720x1280,38,720x1280,RGB,True,0,1.0,OK
s18_d10,s18,d10,PASS,True,d10.mp4,True,49,30.0,1.63,720x1280,49,720x1280,RGB,True,0,1.0,OK
s19_d0,s19,d0,PASS,True,d0.mp4,True,41,30.0,1.37,720x1280,41,720x1280,RGB,True,0,1.0,OK
s19_d1,s19,d1,PASS,True,d1.mp4,True,40,30.0,1.33,720x1280,40,720x1280,RGB,True,0,1.0,OK
s19_d2,s19,d2,PASS,True,d2.mp4,True,45,30.0,1.5,720x1280,45,720x1280,RGB,True,0,1.0,OK
s19_d3,s19,d3,PASS,True,d3.mp4,True,45,30.0,1.5,720x1280,45,720x1280,RGB,True,0,1.0,OK
s19_d4,s19,d4,PASS,True,d4.mp4,True,60,30.0,2.0,720x1280,60,720x1280,RGB,True,0,1.0,OK
s19_d5,s19,d5,PASS,True,d5.mp4,True,45,30.0,1.5,720x1280,45,720x1280,RGB,True,0,1.0,OK
s19_d6,s19,d6,PASS,True,d6.mp4,True,64,30.0,2.13,720x1280,64,720x1280,RGB,True,0,1.0,OK
s19_d7,s19,d7,PASS,True,d7.mp4,True,44,30.0,1.47,720x1280,44,720x1280,RGB,True,0,1.0,OK
s19_d8,s19,d8,PASS,True,d8.mp4,True,41,30.0,1.37,720x1280,41,720x1280,RGB,True,0,1.0,OK
s19_d9,s19,d9,PASS,True,d9.mp4,True,48,30.0,1.6,720x1280,48,720x1280,RGB,True,0,1.0,OK
s19_d10,s19,d10,PASS,True,d10.mp4,True,43,30.0,1.43,720x1280,43,720x1280,RGB,True,0,1.0,OK
s20_d0,s20,d0,PASS,True,d0.mp4,True,45,30.0,1.5,720x1280,45,720x1280,RGB,True,0,1.0,OK
s20_d1,s20,d1,PASS,True,d1.mp4,True,37,30.0,1.23,720x1280,37,720x1280,RGB,True,0,1.0,OK
s20_d2,s20,d2,WARNING,True,d2.mp4,True,46,30.0,1.53,1080x1920,46,1080x1920,RGB,True,0,1.0,Video resolution (1080x1920) differs from expected (720x1280)
s20_d3,s20,d3,PASS,True,d3.mp4,True,48,30.0,1.6,720x1280,48,720x1280,RGB,True,0,1.0,OK
s20_d4,s20,d4,PASS,True,d4.mp4,True,60,30.0,2.0,720x1280,60,720x1280,RGB,True,0,1.0,OK
s20_d5,s20,d5,PASS,True,d5.mp4,True,43,30.0,1.43,720x1280,43,720x1280,RGB,True,0,1.0,OK
s20_d6,s20,d6,PASS,True,d6.mp4,True,41,30.0,1.37,720x1280,41,720x1280,RGB,True,0,1.0,OK
s20_d7,s20,d7,PASS,True,d7.mp4,True,44,30.0,1.47,720x1280,44,720x1280,RGB,True,0,1.0,OK
s20_d8,s20,d8,PASS,True,d8.mp4,True,39,30.0,1.3,720x1280,39,720x1280,RGB,True,0,1.0,OK
s20_d9,s20,d9,PASS,True,d9.mp4,True,35,30.0,1.17,720x1280,35,720x1280,RGB,True,0,1.0,OK
s20_d10,s20,d10,PASS,True,d10.mp4,True,41,30.0,1.37,720x1280,41,720x1280,RGB,True,0,1.0,OK
s21_d0,s21,d0,PASS,True,d0.mp4,True,49,30.0,1.63,720x1280,49,720x1280,RGB,True,0,1.0,OK
s21_d1,s21,d1,PASS,True,d1.mp4,True,74,30.0,2.47,720x1280,74,720x1280,RGB,True,0,1.0,OK
s21_d2,s21,d2,PASS,True,d2.mp4,True,51,30.0,1.7,720x1280,51,720x1280,RGB,True,0,1.0,OK
s21_d3,s21,d3,PASS,True,d3.mp4,True,60,30.0,2.0,720x1280,60,720x1280,RGB,True,0,1.0,OK
s21_d4,s21,d4,PASS,True,d4.mp4,True,90,30.0,3.0,720x1280,90,720x1280,RGB,True,0,1.0,OK
s21_d5,s21,d5,PASS,True,d5.mp4,True,64,30.0,2.13,720x1280,64,720x1280,RGB,True,0,1.0,OK
s21_d6,s21,d6,PASS,True,d6.mp4,True,76,30.0,2.53,720x1280,76,720x1280,RGB,True,0,1.0,OK
s21_d7,s21,d7,PASS,True,d7.mp4,True,87,30.0,2.9,720x1280,87,720x1280,RGB,True,0,1.0,OK
s21_d8,s21,d8,PASS,True,d8.mp4,True,72,30.0,2.4,720x1280,72,720x1280,RGB,True,0,1.0,OK
s21_d9,s21,d9,PASS,True,d9.mp4,True,76,30.0,2.53,720x1280,76,720x1280,RGB,True,0,1.0,OK
s21_d10,s21,d10,PASS,True,d10.mp4,True,74,30.0,2.47,720x1280,74,720x1280,RGB,True,0,1.0,OK
s22_d0,s22,d0,PASS,True,d0.mp4,True,25,30.0,0.83,720x1280,25,720x1280,RGB,True,0,1.0,OK
s22_d1,s22,d1,PASS,True,d1.mp4,True,31,30.0,1.03,720x1280,31,720x1280,RGB,True,0,1.0,OK
s22_d2,s22,d2,PASS,True,d2.mp4,True,41,30.0,1.37,720x1280,41,720x1280,RGB,True,0,1.0,OK
s22_d3,s22,d3,PASS,True,d3.mp4,True,28,30.0,0.93,720x1280,28,720x1280,RGB,True,0,1.0,OK
s22_d4,s22,d4,PASS,True,d4.mp4,True,55,30.380958810784932,1.81,720x1280,55,720x1280,RGB,True,0,1.0,OK
s22_d5,s22,d5,PASS,True,d5.mp4,True,37,30.0,1.23,720x1280,37,720x1280,RGB,True,0,1.0,OK
s22_d6,s22,d6,PASS,True,d6.mp4,True,42,30.0,1.4,720x1280,42,720x1280,RGB,True,0,1.0,OK
s22_d7,s22,d7,PASS,True,d7.mp4,True,46,30.0,1.53,720x1280,46,720x1280,RGB,True,0,1.0,OK
s22_d8,s22,d8,PASS,True,d8.mp4,True,36,30.0,1.2,720x1280,36,720x1280,RGB,True,0,1.0,OK
s22_d9,s22,d9,PASS,True,d9.mp4,True,36,30.0,1.2,720x1280,36,720x1280,RGB,True,0,1.0,OK
s22_d10,s22,d10,PASS,True,d10.mp4,True,32,30.0,1.07,720x1280,32,720x1280,RGB,True,0,1.0,OK
s23_d0,s23,d0,PASS,True,d0.mp4,True,35,30.0,1.17,720x1280,35,720x1280,RGB,True,0,1.0,OK
s23_d1,s23,d1,PASS,True,d1.mp4,True,42,30.0,1.4,720x1280,42,720x1280,RGB,True,0,1.0,OK
s23_d2,s23,d2,PASS,True,d2.mp4,True,44,30.0,1.47,720x1280,44,720x1280,RGB,True,0,1.0,OK
s23_d3,s23,d3,PASS,True,d3.mp4,True,30,30.0,1.0,720x1280,30,720x1280,RGB,True,0,1.0,OK
s23_d4,s23,d4,PASS,True,d4.mp4,True,48,30.0,1.6,720x1280,48,720x1280,RGB,True,0,1.0,OK
s23_d5,s23,d5,PASS,True,d5.mp4,True,44,30.0,1.47,720x1280,44,720x1280,RGB,True,0,1.0,OK
s23_d6,s23,d6,PASS,True,d6.mp4,True,34,30.0,1.13,720x1280,34,720x1280,RGB,True,0,1.0,OK
s23_d7,s23,d7,PASS,True,d7.mp4,True,45,30.0,1.5,720x1280,45,720x1280,RGB,True,0,1.0,OK
s23_d8,s23,d8,PASS,True,d8.mp4,True,42,30.0,1.4,720x1280,42,720x1280,RGB,True,0,1.0,OK
s23_d9,s23,d9,PASS,True,d9.mp4,True,34,30.0,1.13,720x1280,34,720x1280,RGB,True,0,1.0,OK
s23_d10,s23,d10,PASS,True,d10.mp4,True,30,30.0,1.0,720x1280,30,720x1280,RGB,True,0,1.0,OK
s24_d0,s24,d0,PASS,True,d0.mp4,True,30,30.0,1.0,720x1280,30,720x1280,RGB,True,0,1.0,OK
s24_d1,s24,d1,PASS,True,d1.mp4,True,31,30.0,1.03,720x1280,31,720x1280,RGB,True,0,1.0,OK
s24_d2,s24,d2,PASS,True,d2.mp4,True,39,30.0,1.3,720x1280,39,720x1280,RGB,True,0,1.0,OK
s24_d3,s24,d3,PASS,True,d3.mp4,True,28,30.0,0.93,720x1280,28,720x1280,RGB,True,0,1.0,OK
s24_d4,s24,d4,PASS,True,d4.mp4,True,37,30.0,1.23,720x1280,37,720x1280,RGB,True,0,1.0,OK
s24_d5,s24,d5,PASS,True,d5.mp4,True,33,30.0,1.1,720x1280,33,720x1280,RGB,True,0,1.0,OK
s24_d6,s24,d6,PASS,True,d6.mp4,True,34,30.0,1.13,720x1280,34,720x1280,RGB,True,0,1.0,OK
s24_d7,s24,d7,PASS,True,d7.mp4,True,31,30.0,1.03,720x1280,31,720x1280,RGB,True,0,1.0,OK
s24_d8,s24,d8,PASS,True,d8.mp4,True,31,30.0,1.03,720x1280,31,720x1280,RGB,True,0,1.0,OK
s24_d9,s24,d9,PASS,True,d9.mp4,True,31,30.0,1.03,720x1280,31,720x1280,RGB,True,0,1.0,OK
s24_d10,s24,d10,PASS,True,d10.mp4,True,30,30.0,1.0,720x1280,30,720x1280,RGB,True,0,1.0,OK
s25_d0,s25,d0,PASS,True,d0.mp4,True,42,30.0,1.4,720x1280,42,720x1280,RGB,True,0,1.0,OK
s25_d1,s25,d1,PASS,True,d1.mp4,True,41,30.0,1.37,720x1280,41,720x1280,RGB,True,0,1.0,OK
s25_d2,s25,d2,PASS,True,d2.mp4,True,41,30.0,1.37,720x1280,41,720x1280,RGB,True,0,1.0,OK
s25_d3,s25,d3,PASS,True,d3.mp4,True,39,30.0,1.3,720x1280,39,720x1280,RGB,True,0,1.0,OK
s25_d4,s25,d4,PASS,True,d4.mp4,True,39,30.0,1.3,720x1280,39,720x1280,RGB,True,0,1.0,OK
s25_d5,s25,d5,PASS,True,d5.mp4,True,41,30.0,1.37,720x1280,41,720x1280,RGB,True,0,1.0,OK
s25_d6,s25,d6,PASS,True,d6.mp4,True,41,30.0,1.37,720x1280,41,720x1280,RGB,True,0,1.0,OK
s25_d7,s25,d7,PASS,True,d7.mp4,True,44,30.0,1.47,720x1280,44,720x1280,RGB,True,0,1.0,OK
s25_d8,s25,d8,PASS,True,d8.mp4,True,33,30.0,1.1,720x1280,33,720x1280,RGB,True,0,1.0,OK
s25_d9,s25,d9,PASS,True,d9.mp4,True,41,30.0,1.37,720x1280,41,720x1280,RGB,True,0,1.0,OK
s25_d10,s25,d10,WARNING,True,d10.mp4,True,34,29.460993463028927,1.66,720x1280,34,720x1280,RGB,True,0,1.0,Decoded frame count (34) differs from container header (49)
s26_d0,s26,d0,PASS,True,d0.mp4,True,25,30.0,0.83,720x1280,25,720x1280,RGB,True,0,1.0,OK
s26_d1,s26,d1,PASS,True,d1.mp4,True,27,30.0,0.9,720x1280,27,720x1280,RGB,True,0,1.0,OK
s26_d2,s26,d2,WARNING,True,d2.mp4,True,26,29.603390473780756,1.76,960x1280,26,960x1280,RGB,True,0,1.0,Decoded frame count (26) differs from container header (52); Video resolution (960x1280) differs from expected (720x1280)
s26_d3,s26,d3,PASS,True,d3.mp4,True,28,30.0,0.93,720x1280,28,720x1280,RGB,True,0,1.0,OK
s26_d4,s26,d4,PASS,True,d4.mp4,True,34,30.0,1.13,720x1280,34,720x1280,RGB,True,0,1.0,OK
s26_d5,s26,d5,PASS,True,d5.mp4,True,41,30.0,1.37,720x1280,41,720x1280,RGB,True,0,1.0,OK
s26_d6,s26,d6,PASS,True,d6.mp4,True,24,30.0,0.8,720x1280,24,720x1280,RGB,True,0,1.0,OK
s26_d7,s26,d7,PASS,True,d7.mp4,True,28,30.0,0.93,720x1280,28,720x1280,RGB,True,0,1.0,OK
s26_d8,s26,d8,PASS,True,d8.mp4,True,25,30.0,0.83,720x1280,25,720x1280,RGB,True,0,1.0,OK
s26_d9,s26,d9,PASS,True,d9.mp4,True,43,30.0,1.43,720x1280,43,720x1280,RGB,True,0,1.0,OK
s26_d10,s26,d10,PASS,True,d10.mp4,True,15,30.0,0.5,720x1280,15,720x1280,RGB,True,0,1.0,OK
s27_d0,s27,d0,PASS,True,d0.mp4,True,25,30.0,0.83,720x1280,25,720x1280,RGB,True,0,1.0,OK
s27_d1,s27,d1,PASS,True,d1.mp4,True,29,30.0,0.97,720x1280,29,720x1280,RGB,True,0,1.0,OK
s27_d2,s27,d2,PASS,True,d2.mp4,True,37,30.0,1.23,720x1280,37,720x1280,RGB,True,0,1.0,OK
s27_d3,s27,d3,PASS,True,d3.mp4,True,29,30.0,0.97,720x1280,29,720x1280,RGB,True,0,1.0,OK
s27_d4,s27,d4,PASS,True,d4.mp4,True,38,30.0,1.27,720x1280,38,720x1280,RGB,True,0,1.0,OK
s27_d5,s27,d5,PASS,True,d5.mp4,True,32,30.0,1.07,720x1280,32,720x1280,RGB,True,0,1.0,OK
s27_d6,s27,d6,PASS,True,d6.mp4,True,38,30.0,1.27,720x1280,38,720x1280,RGB,True,0,1.0,OK
s27_d7,s27,d7,PASS,True,d7.mp4,True,45,30.0,1.5,720x1280,45,720x1280,RGB,True,0,1.0,OK
s27_d8,s27,d8,PASS,True,d8.mp4,True,32,30.0,1.07,720x1280,32,720x1280,RGB,True,0,1.0,OK
s27_d9,s27,d9,PASS,True,d9.mp4,True,29,30.0,0.97,720x1280,29,720x1280,RGB,True,0,1.0,OK
s27_d10,s27,d10,PASS,True,d10.mp4,True,29,30.0,0.97,720x1280,29,720x1280,RGB,True,0,1.0,OK
s28_d0,s28,d0,PASS,True,d0.mp4,True,23,30.0,0.77,720x1280,23,720x1280,RGB,True,0,1.0,OK
s28_d1,s28,d1,PASS,True,d1.mp4,True,35,30.0,1.17,720x1280,35,720x1280,RGB,True,0,1.0,OK
s28_d2,s28,d2,PASS,True,d2.mp4,True,55,30.380958810784932,1.81,720x1280,55,720x1280,RGB,True,0,1.0,OK
s28_d3,s28,d3,PASS,True,d3.mp4,True,35,30.0,1.17,720x1280,35,720x1280,RGB,True,0,1.0,OK
s28_d4,s28,d4,PASS,True,d4.mp4,True,44,30.0,1.47,720x1280,44,720x1280,RGB,True,0,1.0,OK
s28_d5,s28,d5,PASS,True,d5.mp4,True,31,30.0,1.03,720x1280,31,720x1280,RGB,True,0,1.0,OK
s28_d6,s28,d6,PASS,True,d6.mp4,True,21,30.0,0.7,720x1280,21,720x1280,RGB,True,0,1.0,OK
s28_d7,s28,d7,PASS,True,d7.mp4,True,42,30.0,1.4,720x1280,42,720x1280,RGB,True,0,1.0,OK
s28_d8,s28,d8,PASS,True,d8.mp4,True,29,30.0,0.97,720x1280,29,720x1280,RGB,True,0,1.0,OK
s28_d9,s28,d9,PASS,True,d9.mp4,True,29,30.0,0.97,720x1280,29,720x1280,RGB,True,0,1.0,OK
s28_d10,s28,d10,PASS,True,d10.mp4,True,38,30.0,1.27,720x1280,38,720x1280,RGB,True,0,1.0,OK
s29_d0,s29,d0,PASS,True,d0.mp4,True,33,30.0,1.1,720x1280,33,720x1280,RGB,True,0,1.0,OK
s29_d1,s29,d1,PASS,True,d1.mp4,True,34,30.0,1.13,720x1280,34,720x1280,RGB,True,0,1.0,OK
s29_d2,s29,d2,PASS,True,d2.mp4,True,37,30.0,1.23,720x1280,37,720x1280,RGB,True,0,1.0,OK
s29_d3,s29,d3,PASS,True,d3.mp4,True,34,30.0,1.13,720x1280,34,720x1280,RGB,True,0,1.0,OK
s29_d4,s29,d4,PASS,True,d4.mp4,True,32,30.0,1.07,720x1280,32,720x1280,RGB,True,0,1.0,OK
s29_d5,s29,d5,PASS,True,d5.mp4,True,29,30.0,0.97,720x1280,29,720x1280,RGB,True,0,1.0,OK
s29_d6,s29,d6,PASS,True,d6.mp4,True,35,30.0,1.17,720x1280,35,720x1280,RGB,True,0,1.0,OK
s29_d7,s29,d7,PASS,True,d7.mp4,True,34,30.0,1.13,720x1280,34,720x1280,RGB,True,0,1.0,OK
s29_d8,s29,d8,PASS,True,d8.mp4,True,35,30.0,1.17,720x1280,35,720x1280,RGB,True,0,1.0,OK
s29_d9,s29,d9,PASS,True,d9.mp4,True,27,30.0,0.9,720x1280,27,720x1280,RGB,True,0,1.0,OK
s29_d10,s29,d10,PASS,True,d10.mp4,True,34,30.0,1.13,720x1280,34,720x1280,RGB,True,0,1.0,OK
s30_d0,s30,d0,WARNING,True,d0.mp4,True,31,30.0,1.03,1280x720,31,1280x720,RGB,True,0,1.0,Video resolution (1280x720) differs from expected (720x1280)
s30_d1,s30,d1,WARNING,True,d1.mp4,True,30,30.0,1.0,1280x720,30,1280x720,RGB,True,0,1.0,Video resolution (1280x720) differs from expected (720x1280)
s30_d2,s30,d2,PASS,True,d2.mp4,True,54,30.380696380571358,1.78,720x1280,54,720x1280,RGB,True,0,1.0,OK
s30_d3,s30,d3,WARNING,True,d3.mp4,True,23,30.0,0.77,1280x720,23,1280x720,RGB,True,0,1.0,Video resolution (1280x720) differs from expected (720x1280)
s30_d4,s30,d4,WARNING,True,d4.mp4,True,36,30.0,1.2,1280x720,36,1280x720,RGB,True,0,1.0,Video resolution (1280x720) differs from expected (720x1280)
s30_d5,s30,d5,WARNING,True,d5.mp4,True,18,30.0,0.6,1280x720,18,1280x720,RGB,True,0,1.0,Video resolution (1280x720) differs from expected (720x1280)
s30_d6,s30,d6,WARNING,True,d6.mp4,True,23,30.0,0.77,1280x720,23,1280x720,RGB,True,0,1.0,Video resolution (1280x720) differs from expected (720x1280)
s30_d7,s30,d7,WARNING,True,d7.mp4,True,35,30.0,1.17,1280x720,35,1280x720,RGB,True,0,1.0,Video resolution (1280x720) differs from expected (720x1280)
s30_d8,s30,d8,WARNING,True,d8.mp4,True,37,30.0,1.23,1280x720,37,1280x720,RGB,True,0,1.0,Video resolution (1280x720) differs from expected (720x1280)
s30_d9,s30,d9,WARNING,True,d9.mp4,True,34,30.0,1.13,1280x720,34,1280x720,RGB,True,0,1.0,Video resolution (1280x720) differs from expected (720x1280)
s30_d10,s30,d10,WARNING,True,d10.mp4,True,23,30.0,0.77,1280x720,23,1280x720,RGB,True,0,1.0,Video resolution (1280x720) differs from expected (720x1280)
