epoch,stage,loss,val_loss,accuracy,val_accuracy
1,1,2.464379072189331,2.331028938293457,0.10757575929164886,0.09090909361839294
2,1,2.226581573486328,2.2045302391052246,0.21287879347801208,0.3030303120613098
3,1,2.0161325931549072,2.058760643005371,0.30984848737716675,0.4545454680919647
4,1,1.7731058597564697,1.911529541015625,0.4431818127632141,0.3030303120613098
5,1,1.514975666999817,1.7751646041870117,0.5333333611488342,0.4545454680919647
6,1,1.2923976182937622,1.5914652347564697,0.6083333492279053,0.5151515007019043
7,1,1.0579134225845337,1.5249912738800049,0.7234848737716675,0.5151515007019043
8,1,0.8692095875740051,1.4503720998764038,0.7840909361839294,0.5454545617103577
9,1,0.7176296710968018,1.3501979112625122,0.8151515126228333,0.5454545617103577
10,1,0.5775929093360901,1.3891578912734985,0.8840909004211426,0.4848484992980957
11,1,0.466359406709671,1.4490737915039062,0.9174242615699768,0.4848484992980957
12,1,0.37366384267807007,1.3545804023742676,0.935606062412262,0.5151515007019043
13,1,0.29887497425079346,1.3048330545425415,0.960606038570404,0.5151515007019043
14,1,0.2640109062194824,1.345286250114441,0.9628787636756897,0.4848484992980957
15,1,0.2046610713005066,1.3289376497268677,0.9727272987365723,0.5757575631141663
16,1,0.16159892082214355,1.3205986022949219,0.9863636493682861,0.5151515007019043
17,1,0.13466776907444,1.3073835372924805,0.9946969747543335,0.5454545617103577
18,1,0.12159761041402817,1.393306016921997,0.9924242496490479,0.5454545617103577
19,1,0.10922133922576904,1.3246232271194458,0.9931818246841431,0.5454545617103577
20,1,0.08502604067325592,1.411950707435608,0.9977272748947144,0.5454545617103577
21,1,0.07585140317678452,1.3821126222610474,0.9962121248245239,0.5454545617103577
22,2,0.3011102080345154,1.308698296546936,0.9439393877983093,0.5151515007019043
23,2,0.23890843987464905,1.4034414291381836,0.9727272987365723,0.5757575631141663
24,2,0.19955037534236908,1.3644241094589233,0.9765151739120483,0.5454545617103577
25,2,0.18470366299152374,1.572471022605896,0.9840909242630005,0.5151515007019043
26,2,0.15754511952400208,1.4022889137268066,0.9924242496490479,0.5757575631141663
27,2,0.14545492827892303,1.3865351676940918,0.9901515245437622,0.5454545617103577
28,2,0.14744329452514648,1.3266552686691284,0.9886363744735718,0.5454545617103577
