epoch,stage,train_loss,val_loss,train_accuracy,val_accuracy
1,Stage 1,2.4427473545074463,2.310666084289551,0.10454545170068741,0.16363635659217834
2,Stage 1,2.336822032928467,2.2483415603637695,0.15000000596046448,0.19545455276966095
3,Stage 1,2.2240686416625977,2.1827268600463867,0.22613635659217834,0.26818183064460754
4,Stage 1,2.1376678943634033,2.0979840755462646,0.2772727310657501,0.30000001192092896
5,Stage 1,2.0133063793182373,2.061386823654175,0.34659090638160706,0.30909091234207153
6,Stage 1,1.8828988075256348,1.9822531938552856,0.40454545617103577,0.34545454382896423
7,Stage 1,1.7610807418823242,1.9052808284759521,0.48181816935539246,0.40454545617103577
8,Stage 1,1.6538670063018799,1.8277323246002197,0.49772727489471436,0.4636363685131073
9,Stage 1,1.5384578704833984,1.763486385345459,0.5897727012634277,0.48636364936828613
10,Stage 1,1.4028438329696655,1.7433091402053833,0.6420454382896423,0.48636364936828613
11,Stage 1,1.314458966255188,1.6689428091049194,0.6818181872367859,0.5227272510528564
12,Stage 1,1.2360996007919312,1.611476182937622,0.7124999761581421,0.581818163394928
13,Stage 1,1.167922854423523,1.5904000997543335,0.7534090876579285,0.5363636612892151
14,Stage 1,1.126783013343811,1.665216088294983,0.7715908885002136,0.5
15,Stage 1,1.0842506885528564,1.6143443584442139,0.7965909242630005,0.5409091114997864
16,Stage 1,1.0461121797561646,1.5029793977737427,0.8034090995788574,0.6000000238418579
17,Stage 1,0.9985644221305847,1.5513510704040527,0.8193181753158569,0.5681818127632141
18,Stage 1,0.9918250441551208,1.5264647006988525,0.8295454382896423,0.5681818127632141
19,Stage 1,0.9523089528083801,1.4985700845718384,0.8681818246841431,0.5681818127632141
20,Stage 1,0.9239009618759155,1.533429741859436,0.8715909123420715,0.581818163394928
21,Stage 1,0.8947656750679016,1.5520248413085938,0.8999999761581421,0.581818163394928
22,Stage 1,0.8780506253242493,1.5348920822143555,0.8965908885002136,0.6000000238418579
23,Stage 1,0.8480100631713867,1.5857629776000977,0.9079545736312866,0.5909090638160706
24,Stage 1,0.8479164838790894,1.5776472091674805,0.9068182110786438,0.5954545736312866
25,Stage 1,0.8445150852203369,1.534959316253662,0.9113636612892151,0.5863636136054993
26,Stage 1,0.8128327131271362,1.5580989122390747,0.9386363625526428,0.6181818246841431
27,Stage 1,0.8063023090362549,1.572535514831543,0.9215909242630005,0.6136363744735718
28,Stage 2,0.9091850519180298,1.6068514585494995,0.875,0.5590909123420715
29,Stage 2,0.8928588032722473,1.592964768409729,0.8840909004211426,0.5681818127632141
30,Stage 2,0.8771901726722717,1.5876634120941162,0.8999999761581421,0.5681818127632141
31,Stage 2,0.854309618473053,1.612515926361084,0.9159091114997864,0.5590909123420715
32,Stage 2,0.8533826470375061,1.607361912727356,0.9113636612892151,0.5636363625526428
33,Stage 2,0.8419020175933838,1.598974347114563,0.9193181991577148,0.5681818127632141
34,Stage 2,0.8320385217666626,1.6081305742263794,0.9215909242630005,0.5636363625526428
35,Stage 2,0.823760986328125,1.5743696689605713,0.9352272748947144,0.5727272629737854
36,Stage 2,0.8381505012512207,1.5912761688232422,0.9193181991577148,0.5727272629737854
37,Stage 2,0.8159846663475037,1.5961354970932007,0.9386363625526428,0.5636363625526428
38,Stage 2,0.8244395852088928,1.5334845781326294,0.9215909242630005,0.6045454740524292
39,Stage 2,0.8065232038497925,1.5839972496032715,0.9306818246841431,0.5863636136054993
40,Stage 2,0.7978413701057434,1.5721194744110107,0.9409090876579285,0.5909090638160706
41,Stage 2,0.7983955144882202,1.5582820177078247,0.9215909242630005,0.6000000238418579
42,Stage 2,0.7821812033653259,1.613418459892273,0.9397727251052856,0.5636363625526428
43,Stage 2,0.7897919416427612,1.5670368671417236,0.9477272629737854,0.5863636136054993
44,Stage 2,0.7813506126403809,1.5635415315628052,0.9409090876579285,0.5909090638160706
