sample_id,speaker,base_speaker,digit,frame_directory,num_frames,split,variant_type,true_label,predicted_label,predicted_digit,correct,prob_d0,prob_d1,prob_d2,prob_d3,prob_d4,prob_d5,prob_d6,prob_d7,prob_d8,prob_d9,prob_d10
s9_d0,s9,s9,d0,/Users/milinda/ghq/github.com/legion2004/tai-phake-lip-reading/data/augmented_100spk_dataset_d/s9/d0,44,test,original,0,4,d4,False,0.09870287,0.09534175,0.1501893,0.048948526,0.21518044,0.006813627,0.01221071,0.110935934,0.1259462,0.028394766,0.10733596
s9_d1,s9,s9,d1,/Users/milinda/ghq/github.com/legion2004/tai-phake-lip-reading/data/augmented_100spk_dataset_d/s9/d1,59,test,original,1,8,d8,False,0.14757533,0.08871726,0.103002526,0.060158774,0.10378055,0.012182679,0.022337051,0.102074966,0.2536552,0.037559323,0.068956256
s9_d2,s9,s9,d2,/Users/milinda/ghq/github.com/legion2004/tai-phake-lip-reading/data/augmented_100spk_dataset_d/s9/d2,51,test,original,2,0,d0,False,0.2227507,0.083035804,0.104615435,0.036403976,0.058445495,0.031935055,0.0591791,0.07469237,0.21119899,0.095506005,0.022237146
s9_d3,s9,s9,d3,/Users/milinda/ghq/github.com/legion2004/tai-phake-lip-reading/data/augmented_100spk_dataset_d/s9/d3,52,test,original,3,8,d8,False,0.082323484,0.11605737,0.06049663,0.13943453,0.08074682,0.010016968,0.012229402,0.13355713,0.2094452,0.032697268,0.12299513
s9_d4,s9,s9,d4,/Users/milinda/ghq/github.com/legion2004/tai-phake-lip-reading/data/augmented_100spk_dataset_d/s9/d4,44,test,original,4,1,d1,False,0.069013126,0.18637827,0.18122242,0.057738267,0.12656415,0.055495046,0.03987898,0.101449065,0.049021803,0.08233471,0.05090423
s9_d5,s9,s9,d5,/Users/milinda/ghq/github.com/legion2004/tai-phake-lip-reading/data/augmented_100spk_dataset_d/s9/d5,52,test,original,5,5,d5,True,0.022785863,0.23505686,0.09877444,0.06346808,0.02822392,0.28422052,0.0647802,0.032683294,0.008187635,0.14274265,0.019076541
s9_d6,s9,s9,d6,/Users/milinda/ghq/github.com/legion2004/tai-phake-lip-reading/data/augmented_100spk_dataset_d/s9/d6,61,test,original,6,8,d8,False,0.14340548,0.09876988,0.09094259,0.10172667,0.06643144,0.031607255,0.0375992,0.09687833,0.20903425,0.06569173,0.057913117
s9_d7,s9,s9,d7,/Users/milinda/ghq/github.com/legion2004/tai-phake-lip-reading/data/augmented_100spk_dataset_d/s9/d7,64,test,original,7,2,d2,False,0.11633209,0.11488699,0.12732184,0.07344039,0.07013609,0.09827547,0.07463773,0.07420854,0.09603813,0.12403083,0.030691922
s9_d8,s9,s9,d8,/Users/milinda/ghq/github.com/legion2004/tai-phake-lip-reading/data/augmented_100spk_dataset_d/s9/d8,53,test,original,8,8,d8,True,0.18196027,0.09129081,0.09241727,0.042338006,0.08115122,0.0070462055,0.017513355,0.09892318,0.29932675,0.032115653,0.05591725
s9_d9,s9,s9,d9,/Users/milinda/ghq/github.com/legion2004/tai-phake-lip-reading/data/augmented_100spk_dataset_d/s9/d9,66,test,original,9,2,d2,False,0.13182797,0.12156513,0.13727589,0.08598481,0.057546966,0.07087302,0.065661035,0.08019429,0.09244757,0.11418902,0.042434216
s9_d10,s9,s9,d10,/Users/milinda/ghq/github.com/legion2004/tai-phake-lip-reading/data/augmented_100spk_dataset_d/s9/d10,51,test,original,10,4,d4,False,0.08956059,0.10816373,0.10727035,0.08069936,0.14755912,0.011007148,0.016448364,0.1355559,0.14507961,0.036619373,0.12203644
s10_d0,s10,s10,d0,/Users/milinda/ghq/github.com/legion2004/tai-phake-lip-reading/data/augmented_100spk_dataset_d/s10/d0,48,test,original,0,2,d2,False,0.081636846,0.10709371,0.21938397,0.051306404,0.16077557,0.010529727,0.031080004,0.15664266,0.07461402,0.036597557,0.0703396
s10_d1,s10,s10,d1,/Users/milinda/ghq/github.com/legion2004/tai-phake-lip-reading/data/augmented_100spk_dataset_d/s10/d1,60,test,original,1,2,d2,False,0.04669218,0.13432777,0.16536728,0.12626356,0.12342171,0.04516758,0.036665883,0.10953581,0.049590703,0.065594815,0.09737277
s10_d2,s10,s10,d2,/Users/milinda/ghq/github.com/legion2004/tai-phake-lip-reading/data/augmented_100spk_dataset_d/s10/d2,68,test,original,2,2,d2,True,0.06482841,0.120232165,0.16750965,0.09291938,0.14341024,0.017834948,0.02717036,0.13114965,0.0847767,0.052110165,0.098058276
s10_d3,s10,s10,d3,/Users/milinda/ghq/github.com/legion2004/tai-phake-lip-reading/data/augmented_100spk_dataset_d/s10/d3,54,test,original,3,10,d10,False,0.030187922,0.082488455,0.109634474,0.1624375,0.15355241,0.0070758155,0.0071696206,0.1206732,0.06113998,0.01669005,0.24895057
s10_d4,s10,s10,d4,/Users/milinda/ghq/github.com/legion2004/tai-phake-lip-reading/data/augmented_100spk_dataset_d/s10/d4,51,test,original,4,4,d4,True,0.045843758,0.097857654,0.10266627,0.14128262,0.16459507,0.014932549,0.018516084,0.13660464,0.082277045,0.031838402,0.1635859
s10_d5,s10,s10,d5,/Users/milinda/ghq/github.com/legion2004/tai-phake-lip-reading/data/augmented_100spk_dataset_d/s10/d5,47,test,original,5,8,d8,False,0.09249698,0.11589905,0.11942866,0.08448472,0.12574857,0.022822069,0.028961457,0.12937522,0.14498803,0.06336485,0.07243042
s10_d6,s10,s10,d6,/Users/milinda/ghq/github.com/legion2004/tai-phake-lip-reading/data/augmented_100spk_dataset_d/s10/d6,44,test,original,6,5,d5,False,0.16270816,0.06922614,0.0500639,0.047812853,0.016128989,0.20403774,0.119274385,0.024806809,0.10599412,0.19419901,0.0057479097
s10_d7,s10,s10,d7,/Users/milinda/ghq/github.com/legion2004/tai-phake-lip-reading/data/augmented_100spk_dataset_d/s10/d7,41,test,original,7,2,d2,False,0.08537264,0.12859176,0.20704587,0.06851392,0.15162514,0.017760422,0.014729721,0.11014634,0.10549239,0.04734739,0.06337438
s10_d8,s10,s10,d8,/Users/milinda/ghq/github.com/legion2004/tai-phake-lip-reading/data/augmented_100spk_dataset_d/s10/d8,45,test,original,8,10,d10,False,0.04680082,0.05133232,0.06611009,0.12257873,0.13775356,0.0026007036,0.0058966586,0.11991175,0.14978598,0.009636828,0.28759262
s10_d9,s10,s10,d9,/Users/milinda/ghq/github.com/legion2004/tai-phake-lip-reading/data/augmented_100spk_dataset_d/s10/d9,46,test,original,9,2,d2,False,0.05024486,0.1711093,0.17737955,0.103918284,0.111742094,0.050343543,0.030761827,0.11239582,0.047843345,0.08797856,0.056282774
s10_d10,s10,s10,d10,/Users/milinda/ghq/github.com/legion2004/tai-phake-lip-reading/data/augmented_100spk_dataset_d/s10/d10,50,test,original,10,10,d10,True,0.03415623,0.07519464,0.10160096,0.17783229,0.16347423,0.0076196464,0.0067952103,0.116054066,0.077976644,0.017069306,0.22222683
s16_d0,s16,s16,d0,/Users/milinda/ghq/github.com/legion2004/tai-phake-lip-reading/data/augmented_100spk_dataset_d/s16/d0,51,test,original,0,10,d10,False,0.018763019,0.03328985,0.025696836,0.28035018,0.05570008,0.004476724,0.0029669364,0.06930474,0.07628935,0.0060241367,0.4271382
s16_d1,s16,s16,d1,/Users/milinda/ghq/github.com/legion2004/tai-phake-lip-reading/data/augmented_100spk_dataset_d/s16/d1,59,test,original,1,3,d3,False,0.01692487,0.053324167,0.042078268,0.35795814,0.064773925,0.019952528,0.0070954873,0.070909515,0.036745843,0.018772038,0.31146526
s16_d2,s16,s16,d2,/Users/milinda/ghq/github.com/legion2004/tai-phake-lip-reading/data/augmented_100spk_dataset_d/s16/d2,47,test,original,2,3,d3,False,0.01477336,0.073766865,0.053684473,0.36467242,0.066634156,0.027457785,0.0075283116,0.07560272,0.02024237,0.02135316,0.2742844
s16_d3,s16,s16,d3,/Users/milinda/ghq/github.com/legion2004/tai-phake-lip-reading/data/augmented_100spk_dataset_d/s16/d3,45,test,original,3,10,d10,False,0.042082477,0.06964851,0.061765485,0.21209055,0.10785841,0.012350583,0.010687563,0.095951475,0.09012532,0.027770426,0.2696692
s16_d4,s16,s16,d4,/Users/milinda/ghq/github.com/legion2004/tai-phake-lip-reading/data/augmented_100spk_dataset_d/s16/d4,51,test,original,4,3,d3,False,0.03349998,0.062101144,0.04873572,0.30411243,0.079890974,0.011449517,0.007089343,0.09389412,0.07525589,0.016762378,0.2672085
s16_d5,s16,s16,d5,/Users/milinda/ghq/github.com/legion2004/tai-phake-lip-reading/data/augmented_100spk_dataset_d/s16/d5,51,test,original,5,3,d3,False,0.013280233,0.056725327,0.043475192,0.42594013,0.057086833,0.03851149,0.00948399,0.06592616,0.021054395,0.023366425,0.24514982
s16_d6,s16,s16,d6,/Users/milinda/ghq/github.com/legion2004/tai-phake-lip-reading/data/augmented_100spk_dataset_d/s16/d6,40,test,original,6,1,d1,False,0.04865453,0.18843886,0.08306933,0.18842746,0.04488317,0.1254277,0.040140003,0.075857766,0.028907098,0.0947552,0.08143881
s16_d7,s16,s16,d7,/Users/milinda/ghq/github.com/legion2004/tai-phake-lip-reading/data/augmented_100spk_dataset_d/s16/d7,59,test,original,7,10,d10,False,0.013995651,0.047523763,0.039412364,0.22425318,0.094407804,0.0048720376,0.0030005148,0.072961114,0.02710382,0.009105183,0.46336448
s16_d8,s16,s16,d8,/Users/milinda/ghq/github.com/legion2004/tai-phake-lip-reading/data/augmented_100spk_dataset_d/s16/d8,51,test,original,8,10,d10,False,0.008786697,0.026259081,0.018413847,0.22692288,0.042601515,0.0021618064,0.0015015409,0.05999363,0.026130404,0.0025992433,0.5846293
s16_d9,s16,s16,d9,/Users/milinda/ghq/github.com/legion2004/tai-phake-lip-reading/data/augmented_100spk_dataset_d/s16/d9,46,test,original,9,10,d10,False,0.009060376,0.040344056,0.034682225,0.3150883,0.07636136,0.011865891,0.0042398493,0.059005424,0.018160582,0.0094064,0.42178556
s16_d10,s16,s16,d10,/Users/milinda/ghq/github.com/legion2004/tai-phake-lip-reading/data/augmented_100spk_dataset_d/s16/d10,52,test,original,10,10,d10,True,0.010810947,0.021164918,0.019930666,0.17706464,0.05199164,0.001712574,0.0016243801,0.052913234,0.04118541,0.0023170097,0.6192845
s18_d0,s18,s18,d0,/Users/milinda/ghq/github.com/legion2004/tai-phake-lip-reading/data/augmented_100spk_dataset_d/s18/d0,29,test,original,0,0,d0,True,0.1937704,0.10856843,0.080363475,0.08647068,0.043932073,0.05649887,0.065056786,0.05843764,0.1529889,0.13288927,0.021023465
s18_d1,s18,s18,d1,/Users/milinda/ghq/github.com/legion2004/tai-phake-lip-reading/data/augmented_100spk_dataset_d/s18/d1,41,test,original,1,8,d8,False,0.23410356,0.06390005,0.08608462,0.037186988,0.07708808,0.017250597,0.04881788,0.06324454,0.2817086,0.061365493,0.029249651
s18_d2,s18,s18,d2,/Users/milinda/ghq/github.com/legion2004/tai-phake-lip-reading/data/augmented_100spk_dataset_d/s18/d2,49,test,original,2,8,d8,False,0.23986183,0.056318544,0.06592014,0.026874207,0.06473264,0.016162107,0.04801714,0.059264682,0.34037566,0.06257574,0.019897433
s18_d3,s18,s18,d3,/Users/milinda/ghq/github.com/legion2004/tai-phake-lip-reading/data/augmented_100spk_dataset_d/s18/d3,45,test,original,3,8,d8,False,0.04794373,0.046462055,0.0330307,0.2465904,0.067998454,0.0119748665,0.010585507,0.09369072,0.278961,0.0139987385,0.14876373
s18_d4,s18,s18,d4,/Users/milinda/ghq/github.com/legion2004/tai-phake-lip-reading/data/augmented_100spk_dataset_d/s18/d4,34,test,original,4,8,d8,False,0.1747961,0.072769664,0.048855785,0.08315889,0.03330688,0.098080665,0.08753736,0.045613807,0.2200263,0.11771054,0.0181441
s18_d5,s18,s18,d5,/Users/milinda/ghq/github.com/legion2004/tai-phake-lip-reading/data/augmented_100spk_dataset_d/s18/d5,44,test,original,5,9,d9,False,0.14545858,0.05369467,0.034105603,0.031097444,0.016472867,0.2213651,0.13266197,0.019658862,0.0822153,0.2588791,0.004390569
s18_d6,s18,s18,d6,/Users/milinda/ghq/github.com/legion2004/tai-phake-lip-reading/data/augmented_100spk_dataset_d/s18/d6,46,test,original,6,9,d9,False,0.06669577,0.115472846,0.075128235,0.093508705,0.06414617,0.15522832,0.08466607,0.06121054,0.05492141,0.20894094,0.020080952
s18_d7,s18,s18,d7,/Users/milinda/ghq/github.com/legion2004/tai-phake-lip-reading/data/augmented_100spk_dataset_d/s18/d7,44,test,original,7,8,d8,False,0.16893609,0.0952036,0.085593425,0.08019217,0.08521282,0.035989344,0.057024993,0.071322404,0.17751111,0.103075765,0.0399382
s18_d8,s18,s18,d8,/Users/milinda/ghq/github.com/legion2004/tai-phake-lip-reading/data/augmented_100spk_dataset_d/s18/d8,39,test,original,8,8,d8,True,0.18742439,0.06039826,0.04742784,0.060895707,0.05142936,0.02825862,0.046285577,0.057480272,0.37651527,0.057533782,0.026350925
s18_d9,s18,s18,d9,/Users/milinda/ghq/github.com/legion2004/tai-phake-lip-reading/data/augmented_100spk_dataset_d/s18/d9,38,test,original,9,8,d8,False,0.23786171,0.06866111,0.048375413,0.06274399,0.03172464,0.049054015,0.066757746,0.04537571,0.26245227,0.114378214,0.01261508
s18_d10,s18,s18,d10,/Users/milinda/ghq/github.com/legion2004/tai-phake-lip-reading/data/augmented_100spk_dataset_d/s18/d10,49,test,original,10,10,d10,True,0.029544711,0.07009371,0.03966375,0.23582186,0.13126388,0.012248327,0.008543825,0.08845101,0.07633692,0.01829706,0.28973493
s24_d0,s24,s24,d0,/Users/milinda/ghq/github.com/legion2004/tai-phake-lip-reading/data/augmented_100spk_dataset_d/s24/d0,30,test,original,0,5,d5,False,0.08626143,0.049412783,0.030570958,0.08870227,0.023584587,0.2645855,0.088437594,0.02333213,0.084623374,0.2517366,0.008752806
s24_d1,s24,s24,d1,/Users/milinda/ghq/github.com/legion2004/tai-phake-lip-reading/data/augmented_100spk_dataset_d/s24/d1,31,test,original,1,8,d8,False,0.21081486,0.048805565,0.056524917,0.081500895,0.03962476,0.052694544,0.068884924,0.044461127,0.29406887,0.08229247,0.020327104
s24_d2,s24,s24,d2,/Users/milinda/ghq/github.com/legion2004/tai-phake-lip-reading/data/augmented_100spk_dataset_d/s24/d2,39,test,original,2,3,d3,False,0.08256513,0.072144456,0.06427297,0.24611653,0.068411306,0.061485153,0.038600646,0.074600525,0.13551721,0.059043735,0.09724244
s24_d3,s24,s24,d3,/Users/milinda/ghq/github.com/legion2004/tai-phake-lip-reading/data/augmented_100spk_dataset_d/s24/d3,28,test,original,3,8,d8,False,0.10403608,0.04065434,0.041569985,0.20187685,0.041743264,0.05542811,0.038072195,0.054331712,0.33582065,0.037650734,0.04881602
s24_d4,s24,s24,d4,/Users/milinda/ghq/github.com/legion2004/tai-phake-lip-reading/data/augmented_100spk_dataset_d/s24/d4,37,test,original,4,8,d8,False,0.1507301,0.070959345,0.04713687,0.09066174,0.04614993,0.10521376,0.06582211,0.04673079,0.23080756,0.123735555,0.022052225
s24_d5,s24,s24,d5,/Users/milinda/ghq/github.com/legion2004/tai-phake-lip-reading/data/augmented_100spk_dataset_d/s24/d5,33,test,original,5,5,d5,True,0.01106528,0.026308862,0.013661621,0.023370909,0.004030674,0.7179522,0.07921206,0.0040783593,0.0029768834,0.11517541,0.0021676112
s24_d6,s24,s24,d6,/Users/milinda/ghq/github.com/legion2004/tai-phake-lip-reading/data/augmented_100spk_dataset_d/s24/d6,34,test,original,6,5,d5,False,0.052150536,0.044261906,0.024201797,0.046883322,0.013008858,0.36493447,0.11447283,0.015589057,0.02642565,0.29426274,0.003808938
s24_d7,s24,s24,d7,/Users/milinda/ghq/github.com/legion2004/tai-phake-lip-reading/data/augmented_100spk_dataset_d/s24/d7,31,test,original,7,5,d5,False,0.09738761,0.06616459,0.05084546,0.14673813,0.044924293,0.19193201,0.06520058,0.043530833,0.12555993,0.14031686,0.02739979
s24_d8,s24,s24,d8,/Users/milinda/ghq/github.com/legion2004/tai-phake-lip-reading/data/augmented_100spk_dataset_d/s24/d8,31,test,original,8,8,d8,True,0.070493676,0.03894022,0.036964413,0.22026011,0.050586697,0.026694786,0.022869093,0.07216775,0.35460666,0.023114754,0.08330188
s24_d9,s24,s24,d9,/Users/milinda/ghq/github.com/legion2004/tai-phake-lip-reading/data/augmented_100spk_dataset_d/s24/d9,31,test,original,9,5,d5,False,0.10286356,0.050175443,0.032368094,0.09238656,0.020043408,0.28599852,0.09155104,0.02295768,0.0928486,0.19725375,0.011553355
s24_d10,s24,s24,d10,/Users/milinda/ghq/github.com/legion2004/tai-phake-lip-reading/data/augmented_100spk_dataset_d/s24/d10,30,test,original,10,3,d3,False,0.05697461,0.04839835,0.04066839,0.30106068,0.048917077,0.114818156,0.04898305,0.06116187,0.14056252,0.06444436,0.07401092
s28_d0,s28,s28,d0,/Users/milinda/ghq/github.com/legion2004/tai-phake-lip-reading/data/augmented_100spk_dataset_d/s28/d0,23,test,original,0,5,d5,False,0.054877732,0.066793665,0.037911464,0.020256624,0.010262231,0.4331943,0.14372522,0.013057902,0.0144540835,0.2027946,0.0026721484
s28_d1,s28,s28,d1,/Users/milinda/ghq/github.com/legion2004/tai-phake-lip-reading/data/augmented_100spk_dataset_d/s28/d1,35,test,original,1,9,d9,False,0.11069285,0.070852295,0.049226202,0.06964089,0.034638498,0.18601516,0.102548204,0.034439404,0.09836487,0.23214726,0.011434324
s28_d2,s28,s28,d2,/Users/milinda/ghq/github.com/legion2004/tai-phake-lip-reading/data/augmented_100spk_dataset_d/s28/d2,55,test,original,2,4,d4,False,0.07271208,0.13388507,0.119707726,0.110622995,0.13649589,0.061903436,0.041076075,0.10307842,0.059409004,0.09170978,0.06939949
s28_d3,s28,s28,d3,/Users/milinda/ghq/github.com/legion2004/tai-phake-lip-reading/data/augmented_100spk_dataset_d/s28/d3,35,test,original,3,0,d0,False,0.2168619,0.09850882,0.06498484,0.03251457,0.04591787,0.07535115,0.08347275,0.047268134,0.18262516,0.14334978,0.00914501
s28_d4,s28,s28,d4,/Users/milinda/ghq/github.com/legion2004/tai-phake-lip-reading/data/augmented_100spk_dataset_d/s28/d4,44,test,original,4,9,d9,False,0.07884384,0.09376948,0.057230916,0.123078205,0.05293308,0.16554494,0.08420197,0.05172613,0.057358474,0.21087296,0.02444
s28_d5,s28,s28,d5,/Users/milinda/ghq/github.com/legion2004/tai-phake-lip-reading/data/augmented_100spk_dataset_d/s28/d5,31,test,original,5,5,d5,True,0.10156762,0.053714357,0.030668322,0.017753014,0.010715924,0.33062828,0.13265842,0.011796601,0.039131727,0.26894754,0.0024180976
s28_d6,s28,s28,d6,/Users/milinda/ghq/github.com/legion2004/tai-phake-lip-reading/data/augmented_100spk_dataset_d/s28/d6,21,test,original,6,9,d9,False,0.16399989,0.07622476,0.04615413,0.040713064,0.019923918,0.17775668,0.12363499,0.02557365,0.08241642,0.23752412,0.0060783895
s28_d7,s28,s28,d7,/Users/milinda/ghq/github.com/legion2004/tai-phake-lip-reading/data/augmented_100spk_dataset_d/s28/d7,42,test,original,7,8,d8,False,0.08561808,0.07411589,0.057532344,0.1718931,0.09717092,0.047643173,0.038293272,0.085366674,0.1981934,0.08032599,0.06384722
s28_d8,s28,s28,d8,/Users/milinda/ghq/github.com/legion2004/tai-phake-lip-reading/data/augmented_100spk_dataset_d/s28/d8,29,test,original,8,9,d9,False,0.12996687,0.08417532,0.05511548,0.0820687,0.045861155,0.13820662,0.08259705,0.04824304,0.12652822,0.18918125,0.01805627
s28_d9,s28,s28,d9,/Users/milinda/ghq/github.com/legion2004/tai-phake-lip-reading/data/augmented_100spk_dataset_d/s28/d9,29,test,original,9,5,d5,False,0.064471915,0.0828621,0.044696085,0.060324192,0.025586514,0.2785783,0.11955974,0.032495365,0.032075576,0.2491632,0.010187011
s28_d10,s28,s28,d10,/Users/milinda/ghq/github.com/legion2004/tai-phake-lip-reading/data/augmented_100spk_dataset_d/s28/d10,38,test,original,10,8,d8,False,0.21394807,0.0761974,0.057719212,0.04818147,0.035470013,0.07958419,0.090958685,0.04423866,0.21451811,0.12840211,0.010782138
