sample_id,speaker,digit,frame_directory,num_frames,split,true_label,predicted_label,predicted_digit,correct,prob_d0,prob_d1,prob_d2,prob_d3,prob_d4,prob_d5,prob_d6,prob_d7,prob_d8,prob_d9,prob_d10
s1_d0,s1,d0,/Users/milinda/ghq/github.com/legion2004/tai-phake-lip-reading/data/cropped_lips_dataset/s1/d0,40,test,0,10,d10,False,0.07577505,0.08645542,0.08133577,0.120877296,0.07631748,0.080892965,0.067819096,0.07184918,0.10356664,0.09087478,0.14423628
s1_d1,s1,d1,/Users/milinda/ghq/github.com/legion2004/tai-phake-lip-reading/data/cropped_lips_dataset/s1/d1,39,test,1,10,d10,False,0.06870226,0.08983068,0.08181759,0.13107029,0.08088321,0.081308335,0.06556836,0.066949956,0.11367441,0.07986018,0.14033468
s1_d2,s1,d2,/Users/milinda/ghq/github.com/legion2004/tai-phake-lip-reading/data/cropped_lips_dataset/s1/d2,40,test,2,10,d10,False,0.068921916,0.09097321,0.08284334,0.13101226,0.080237426,0.082916014,0.0627994,0.06820429,0.11377982,0.0770363,0.14127593
s1_d3,s1,d3,/Users/milinda/ghq/github.com/legion2004/tai-phake-lip-reading/data/cropped_lips_dataset/s1/d3,36,test,3,3,d3,True,0.059334997,0.095950246,0.07201377,0.18537274,0.080538645,0.08203916,0.05808079,0.06577816,0.10190439,0.06442417,0.13456294
s1_d4,s1,d4,/Users/milinda/ghq/github.com/legion2004/tai-phake-lip-reading/data/cropped_lips_dataset/s1/d4,48,test,4,3,d3,False,0.066146016,0.09161481,0.077890605,0.1560278,0.0802854,0.08312572,0.061271995,0.06707264,0.108229704,0.07259854,0.13573682
s1_d5,s1,d5,/Users/milinda/ghq/github.com/legion2004/tai-phake-lip-reading/data/cropped_lips_dataset/s1/d5,55,test,5,3,d3,False,0.06743967,0.09527065,0.08187618,0.14126939,0.082792975,0.08440865,0.061895356,0.06944085,0.10968847,0.07222352,0.13369425
s1_d6,s1,d6,/Users/milinda/ghq/github.com/legion2004/tai-phake-lip-reading/data/cropped_lips_dataset/s1/d6,35,test,6,10,d10,False,0.07953552,0.087625206,0.07707027,0.11557229,0.07966535,0.07959246,0.07172685,0.07336564,0.10284322,0.09406487,0.13893834
s1_d7,s1,d7,/Users/milinda/ghq/github.com/legion2004/tai-phake-lip-reading/data/cropped_lips_dataset/s1/d7,41,test,7,10,d10,False,0.07287952,0.09154624,0.078674495,0.13534757,0.07996026,0.08230942,0.063468866,0.066178314,0.1135152,0.07643743,0.13968271
s1_d8,s1,d8,/Users/milinda/ghq/github.com/legion2004/tai-phake-lip-reading/data/cropped_lips_dataset/s1/d8,42,test,8,10,d10,False,0.07124998,0.0924329,0.08364156,0.13127673,0.08184021,0.08306647,0.0639865,0.06927509,0.11193308,0.07709794,0.13419953
s1_d9,s1,d9,/Users/milinda/ghq/github.com/legion2004/tai-phake-lip-reading/data/cropped_lips_dataset/s1/d9,36,test,9,10,d10,False,0.08071093,0.08130318,0.07637924,0.11822715,0.074951425,0.08137704,0.069291405,0.07237272,0.09653843,0.097569056,0.15127939
s1_d10,s1,d10,/Users/milinda/ghq/github.com/legion2004/tai-phake-lip-reading/data/cropped_lips_dataset/s1/d10,30,test,10,3,d3,False,0.06428774,0.094210684,0.07731622,0.16024739,0.080736466,0.08331148,0.05938269,0.06680612,0.107239336,0.06927996,0.13718204
s4_d0,s4,d0,/Users/milinda/ghq/github.com/legion2004/tai-phake-lip-reading/data/cropped_lips_dataset/s4/d0,31,test,0,10,d10,False,0.07804439,0.09575114,0.082851864,0.111501575,0.092400245,0.09220113,0.064125784,0.0823948,0.110373475,0.07725439,0.11310121
s4_d1,s4,d1,/Users/milinda/ghq/github.com/legion2004/tai-phake-lip-reading/data/cropped_lips_dataset/s4/d1,37,test,1,10,d10,False,0.06465388,0.090714514,0.083503254,0.12768055,0.07728477,0.07914217,0.058410645,0.06645905,0.12563169,0.080305405,0.14621408
s4_d2,s4,d2,/Users/milinda/ghq/github.com/legion2004/tai-phake-lip-reading/data/cropped_lips_dataset/s4/d2,38,test,2,10,d10,False,0.06830299,0.09208802,0.08447258,0.12442571,0.07751551,0.078989565,0.06125838,0.06805298,0.12268894,0.08253293,0.13967237
s4_d3,s4,d3,/Users/milinda/ghq/github.com/legion2004/tai-phake-lip-reading/data/cropped_lips_dataset/s4/d3,35,test,3,3,d3,True,0.05757356,0.0894677,0.07772743,0.15146706,0.07715405,0.0782993,0.055014778,0.0638555,0.122160286,0.07624705,0.15103327
s4_d4,s4,d4,/Users/milinda/ghq/github.com/legion2004/tai-phake-lip-reading/data/cropped_lips_dataset/s4/d4,36,test,4,10,d10,False,0.06539304,0.094154686,0.08532017,0.1243143,0.07818769,0.080406494,0.058367517,0.06770265,0.12527238,0.07848209,0.14239892
s4_d5,s4,d5,/Users/milinda/ghq/github.com/legion2004/tai-phake-lip-reading/data/cropped_lips_dataset/s4/d5,41,test,5,10,d10,False,0.064882204,0.0939979,0.08495936,0.12634549,0.07900395,0.07999971,0.058904987,0.06771135,0.12551154,0.078679405,0.14000404
s4_d6,s4,d6,/Users/milinda/ghq/github.com/legion2004/tai-phake-lip-reading/data/cropped_lips_dataset/s4/d6,38,test,6,10,d10,False,0.06806759,0.08995592,0.08246699,0.12196884,0.077198416,0.07807265,0.062458776,0.06657503,0.12514834,0.08510041,0.14298697
s4_d7,s4,d7,/Users/milinda/ghq/github.com/legion2004/tai-phake-lip-reading/data/cropped_lips_dataset/s4/d7,33,test,7,3,d3,False,0.06093294,0.10307024,0.07719055,0.16679408,0.08535373,0.08926306,0.05067664,0.073058486,0.107557766,0.061348014,0.12475445
s4_d8,s4,d8,/Users/milinda/ghq/github.com/legion2004/tai-phake-lip-reading/data/cropped_lips_dataset/s4/d8,38,test,8,10,d10,False,0.067031346,0.09366658,0.084715806,0.12315697,0.07845738,0.07993554,0.058512423,0.0686356,0.12511216,0.07896511,0.1418111
s4_d9,s4,d9,/Users/milinda/ghq/github.com/legion2004/tai-phake-lip-reading/data/cropped_lips_dataset/s4/d9,54,test,9,10,d10,False,0.06767772,0.092269555,0.08124862,0.123050295,0.078460224,0.07699897,0.059077673,0.07013497,0.12240646,0.0816301,0.14704537
s4_d10,s4,d10,/Users/milinda/ghq/github.com/legion2004/tai-phake-lip-reading/data/cropped_lips_dataset/s4/d10,56,test,10,3,d3,False,0.056519203,0.10254893,0.07466219,0.17925209,0.08500763,0.084887736,0.05137679,0.07046728,0.10688962,0.0593497,0.12903884
s21_d0,s21,d0,/Users/milinda/ghq/github.com/legion2004/tai-phake-lip-reading/data/cropped_lips_dataset/s21/d0,49,test,0,3,d3,False,0.06613116,0.08797475,0.08360851,0.14178172,0.077803634,0.087713644,0.057709128,0.0789532,0.11082734,0.076260656,0.13123626
s21_d1,s21,d1,/Users/milinda/ghq/github.com/legion2004/tai-phake-lip-reading/data/cropped_lips_dataset/s21/d1,74,test,1,10,d10,False,0.06654816,0.08378764,0.081693225,0.12277267,0.07394263,0.08348844,0.061798807,0.074868605,0.11725086,0.08579166,0.14805728
s21_d2,s21,d2,/Users/milinda/ghq/github.com/legion2004/tai-phake-lip-reading/data/cropped_lips_dataset/s21/d2,51,test,2,10,d10,False,0.07080588,0.07593493,0.079983436,0.12129312,0.0675827,0.076047696,0.06400103,0.0693771,0.114056595,0.10476291,0.15615465
s21_d3,s21,d3,/Users/milinda/ghq/github.com/legion2004/tai-phake-lip-reading/data/cropped_lips_dataset/s21/d3,60,test,3,3,d3,True,0.06750214,0.09701281,0.07628357,0.13862847,0.08866384,0.07935134,0.07209466,0.067256376,0.10862633,0.07735717,0.12722325
s21_d4,s21,d4,/Users/milinda/ghq/github.com/legion2004/tai-phake-lip-reading/data/cropped_lips_dataset/s21/d4,90,test,4,3,d3,False,0.06348052,0.08585181,0.065250136,0.18755293,0.087570876,0.07428089,0.05707156,0.08845044,0.08569389,0.0716941,0.13310283
s21_d5,s21,d5,/Users/milinda/ghq/github.com/legion2004/tai-phake-lip-reading/data/cropped_lips_dataset/s21/d5,64,test,5,3,d3,False,0.063852735,0.09223488,0.076265156,0.17057087,0.08400408,0.08363809,0.057578985,0.079547666,0.09916142,0.071525134,0.12162102
s21_d6,s21,d6,/Users/milinda/ghq/github.com/legion2004/tai-phake-lip-reading/data/cropped_lips_dataset/s21/d6,76,test,6,10,d10,False,0.06603373,0.08111017,0.08180335,0.11797475,0.071503654,0.080294855,0.061467104,0.07695602,0.11889964,0.09308535,0.15087143
s21_d7,s21,d7,/Users/milinda/ghq/github.com/legion2004/tai-phake-lip-reading/data/cropped_lips_dataset/s21/d7,87,test,7,3,d3,False,0.06435362,0.090387024,0.06822327,0.17864758,0.087234125,0.07634811,0.059335474,0.08567695,0.09069524,0.070142224,0.12895639
s21_d8,s21,d8,/Users/milinda/ghq/github.com/legion2004/tai-phake-lip-reading/data/cropped_lips_dataset/s21/d8,72,test,8,3,d3,False,0.06283974,0.087178156,0.06476482,0.18779172,0.089467704,0.07285849,0.058646895,0.08999263,0.085844375,0.071573995,0.12904148
s21_d9,s21,d9,/Users/milinda/ghq/github.com/legion2004/tai-phake-lip-reading/data/cropped_lips_dataset/s21/d9,76,test,9,10,d10,False,0.068240725,0.08461171,0.08238584,0.12638533,0.07276044,0.08465669,0.061576568,0.07468364,0.1162284,0.08523205,0.1432387
s21_d10,s21,d10,/Users/milinda/ghq/github.com/legion2004/tai-phake-lip-reading/data/cropped_lips_dataset/s21/d10,74,test,10,3,d3,False,0.06377822,0.09334073,0.07368396,0.15319693,0.088860445,0.07872826,0.06623105,0.072310805,0.10199361,0.07663412,0.13124187
