Digit,Samples,BiLSTM,BiGRU,Transformer,Uniform Ens,Optimal Ens
d0,20,20/20 (100.0%),20/20 (100.0%),11/20 (55.0%),20/20 (100.0%),20/20 (100.0%)
d1,20,8/20 (40.0%),6/20 (30.0%),6/20 (30.0%),9/20 (45.0%),9/20 (45.0%)
d2,20,7/20 (35.0%),8/20 (40.0%),8/20 (40.0%),10/20 (50.0%),10/20 (50.0%)
d3,20,17/20 (85.0%),17/20 (85.0%),13/20 (65.0%),17/20 (85.0%),17/20 (85.0%)
d4,20,7/20 (35.0%),7/20 (35.0%),6/20 (30.0%),6/20 (30.0%),6/20 (30.0%)
d5,20,14/20 (70.0%),14/20 (70.0%),10/20 (50.0%),15/20 (75.0%),15/20 (75.0%)
d6,20,10/20 (50.0%),11/20 (55.0%),10/20 (50.0%),11/20 (55.0%),11/20 (55.0%)
d7,20,3/20 (15.0%),9/20 (45.0%),11/20 (55.0%),7/20 (35.0%),8/20 (40.0%)
d8,20,18/20 (90.0%),15/20 (75.0%),10/20 (50.0%),16/20 (80.0%),17/20 (85.0%)
d9,20,9/20 (45.0%),7/20 (35.0%),12/20 (60.0%),10/20 (50.0%),10/20 (50.0%)
d10,20,20/20 (100.0%),18/20 (90.0%),19/20 (95.0%),20/20 (100.0%),20/20 (100.0%)
