speaker,digit,frame,detected,source_w,source_h,source_ar,method_a_dim,method_a_distortion,method_b_dim,method_b_distortion,method_c_dim,method_c_distortion
s1,d0,frame_0001.jpg,True,194,86,2.255813953488372,96x96,"sx=0.49, sy=1.12 (stretching ratio=2.26)",96x96,None (isotropic),128x64,None (aspect-preserving 2.0:1)
s1,d0,frame_0005.jpg,True,188,107,1.7570093457943925,96x96,"sx=0.51, sy=0.90 (stretching ratio=1.76)",96x96,None (isotropic),128x64,None (aspect-preserving 2.0:1)
s1,d0,frame_0009.jpg,True,187,80,2.3375,96x96,"sx=0.51, sy=1.20 (stretching ratio=2.34)",96x96,None (isotropic),128x64,None (aspect-preserving 2.0:1)
s1,d0,frame_0014.jpg,True,195,74,2.635135135135135,96x96,"sx=0.49, sy=1.30 (stretching ratio=2.64)",96x96,None (isotropic),128x64,None (aspect-preserving 2.0:1)
s1,d0,frame_0018.jpg,True,191,122,1.5655737704918034,96x96,"sx=0.50, sy=0.79 (stretching ratio=1.57)",96x96,None (isotropic),128x64,None (aspect-preserving 2.0:1)
s1,d0,frame_0022.jpg,True,174,115,1.5130434782608695,96x96,"sx=0.55, sy=0.83 (stretching ratio=1.51)",96x96,None (isotropic),128x64,None (aspect-preserving 2.0:1)
s1,d0,frame_0027.jpg,True,177,98,1.8061224489795917,96x96,"sx=0.54, sy=0.98 (stretching ratio=1.81)",96x96,None (isotropic),128x64,None (aspect-preserving 2.0:1)
s1,d0,frame_0031.jpg,True,177,90,1.9666666666666666,96x96,"sx=0.54, sy=1.07 (stretching ratio=1.97)",96x96,None (isotropic),128x64,None (aspect-preserving 2.0:1)
s1,d0,frame_0035.jpg,True,183,80,2.2875,96x96,"sx=0.52, sy=1.20 (stretching ratio=2.29)",96x96,None (isotropic),128x64,None (aspect-preserving 2.0:1)
s1,d0,frame_0040.jpg,True,188,75,2.506666666666667,96x96,"sx=0.51, sy=1.28 (stretching ratio=2.51)",96x96,None (isotropic),128x64,None (aspect-preserving 2.0:1)
s1,d1,frame_0001.jpg,True,190,77,2.4675324675324677,96x96,"sx=0.51, sy=1.25 (stretching ratio=2.47)",96x96,None (isotropic),128x64,None (aspect-preserving 2.0:1)
s1,d1,frame_0005.jpg,True,192,98,1.9591836734693877,96x96,"sx=0.50, sy=0.98 (stretching ratio=1.96)",96x96,None (isotropic),128x64,None (aspect-preserving 2.0:1)
s1,d1,frame_0009.jpg,True,193,101,1.9108910891089108,96x96,"sx=0.50, sy=0.95 (stretching ratio=1.91)",96x96,None (isotropic),128x64,None (aspect-preserving 2.0:1)
s1,d1,frame_0013.jpg,True,193,106,1.820754716981132,96x96,"sx=0.50, sy=0.91 (stretching ratio=1.82)",96x96,None (isotropic),128x64,None (aspect-preserving 2.0:1)
s1,d1,frame_0017.jpg,True,192,113,1.6991150442477876,96x96,"sx=0.50, sy=0.85 (stretching ratio=1.70)",96x96,None (isotropic),128x64,None (aspect-preserving 2.0:1)
s1,d1,frame_0022.jpg,True,191,97,1.9690721649484537,96x96,"sx=0.50, sy=0.99 (stretching ratio=1.97)",96x96,None (isotropic),128x64,None (aspect-preserving 2.0:1)
s1,d1,frame_0026.jpg,True,188,94,2.0,96x96,"sx=0.51, sy=1.02 (stretching ratio=2.00)",96x96,None (isotropic),128x64,None (aspect-preserving 2.0:1)
s1,d1,frame_0030.jpg,True,192,88,2.1818181818181817,96x96,"sx=0.50, sy=1.09 (stretching ratio=2.18)",96x96,None (isotropic),128x64,None (aspect-preserving 2.0:1)
s1,d1,frame_0034.jpg,True,190,78,2.4358974358974357,96x96,"sx=0.51, sy=1.23 (stretching ratio=2.44)",96x96,None (isotropic),128x64,None (aspect-preserving 2.0:1)
s1,d1,frame_0039.jpg,True,189,75,2.52,96x96,"sx=0.51, sy=1.28 (stretching ratio=2.52)",96x96,None (isotropic),128x64,None (aspect-preserving 2.0:1)
s1,d2,frame_0001.jpg,True,189,78,2.423076923076923,96x96,"sx=0.51, sy=1.23 (stretching ratio=2.42)",96x96,None (isotropic),128x64,None (aspect-preserving 2.0:1)
s1,d2,frame_0005.jpg,True,191,97,1.9690721649484537,96x96,"sx=0.50, sy=0.99 (stretching ratio=1.97)",96x96,None (isotropic),128x64,None (aspect-preserving 2.0:1)
s1,d2,frame_0009.jpg,True,195,93,2.096774193548387,96x96,"sx=0.49, sy=1.03 (stretching ratio=2.10)",96x96,None (isotropic),128x64,None (aspect-preserving 2.0:1)
s1,d2,frame_0014.jpg,True,184,120,1.5333333333333334,96x96,"sx=0.52, sy=0.80 (stretching ratio=1.53)",96x96,None (isotropic),128x64,None (aspect-preserving 2.0:1)
s1,d2,frame_0018.jpg,True,187,99,1.8888888888888888,96x96,"sx=0.51, sy=0.97 (stretching ratio=1.89)",96x96,None (isotropic),128x64,None (aspect-preserving 2.0:1)
s1,d2,frame_0022.jpg,True,188,88,2.1363636363636362,96x96,"sx=0.51, sy=1.09 (stretching ratio=2.14)",96x96,None (isotropic),128x64,None (aspect-preserving 2.0:1)
s1,d2,frame_0027.jpg,True,189,82,2.3048780487804876,96x96,"sx=0.51, sy=1.17 (stretching ratio=2.30)",96x96,None (isotropic),128x64,None (aspect-preserving 2.0:1)
s1,d2,frame_0031.jpg,True,187,78,2.3974358974358974,96x96,"sx=0.51, sy=1.23 (stretching ratio=2.40)",96x96,None (isotropic),128x64,None (aspect-preserving 2.0:1)
s1,d2,frame_0035.jpg,True,187,75,2.493333333333333,96x96,"sx=0.51, sy=1.28 (stretching ratio=2.49)",96x96,None (isotropic),128x64,None (aspect-preserving 2.0:1)
s1,d2,frame_0040.jpg,True,189,74,2.554054054054054,96x96,"sx=0.51, sy=1.30 (stretching ratio=2.55)",96x96,None (isotropic),128x64,None (aspect-preserving 2.0:1)
s1,d3,frame_0001.jpg,True,191,78,2.448717948717949,96x96,"sx=0.50, sy=1.23 (stretching ratio=2.45)",96x96,None (isotropic),128x64,None (aspect-preserving 2.0:1)
s1,d3,frame_0004.jpg,True,191,98,1.9489795918367347,96x96,"sx=0.50, sy=0.98 (stretching ratio=1.95)",96x96,None (isotropic),128x64,None (aspect-preserving 2.0:1)
s1,d3,frame_0008.jpg,True,192,105,1.8285714285714285,96x96,"sx=0.50, sy=0.91 (stretching ratio=1.83)",96x96,None (isotropic),128x64,None (aspect-preserving 2.0:1)
s1,d3,frame_0012.jpg,True,186,134,1.3880597014925373,96x96,"sx=0.52, sy=0.72 (stretching ratio=1.39)",96x96,None (isotropic),128x64,None (aspect-preserving 2.0:1)
s1,d3,frame_0016.jpg,True,192,117,1.641025641025641,96x96,"sx=0.50, sy=0.82 (stretching ratio=1.64)",96x96,None (isotropic),128x64,None (aspect-preserving 2.0:1)
s1,d3,frame_0020.jpg,True,197,76,2.5921052631578947,96x96,"sx=0.49, sy=1.26 (stretching ratio=2.59)",96x96,None (isotropic),128x64,None (aspect-preserving 2.0:1)
s1,d3,frame_0024.jpg,True,192,75,2.56,96x96,"sx=0.50, sy=1.28 (stretching ratio=2.56)",96x96,None (isotropic),128x64,None (aspect-preserving 2.0:1)
s1,d3,frame_0028.jpg,True,190,72,2.638888888888889,96x96,"sx=0.51, sy=1.33 (stretching ratio=2.64)",96x96,None (isotropic),128x64,None (aspect-preserving 2.0:1)
s1,d3,frame_0032.jpg,True,194,73,2.6575342465753424,96x96,"sx=0.49, sy=1.32 (stretching ratio=2.66)",96x96,None (isotropic),128x64,None (aspect-preserving 2.0:1)
s1,d3,frame_0036.jpg,True,194,71,2.732394366197183,96x96,"sx=0.49, sy=1.35 (stretching ratio=2.73)",96x96,None (isotropic),128x64,None (aspect-preserving 2.0:1)
s1,d4,frame_0001.jpg,True,191,75,2.546666666666667,96x96,"sx=0.50, sy=1.28 (stretching ratio=2.55)",96x96,None (isotropic),128x64,None (aspect-preserving 2.0:1)
s1,d4,frame_0006.jpg,True,190,115,1.6521739130434783,96x96,"sx=0.51, sy=0.83 (stretching ratio=1.65)",96x96,None (isotropic),128x64,None (aspect-preserving 2.0:1)
s1,d4,frame_0011.jpg,True,197,111,1.7747747747747749,96x96,"sx=0.49, sy=0.86 (stretching ratio=1.77)",96x96,None (isotropic),128x64,None (aspect-preserving 2.0:1)
s1,d4,frame_0016.jpg,True,201,101,1.99009900990099,96x96,"sx=0.48, sy=0.95 (stretching ratio=1.99)",96x96,None (isotropic),128x64,None (aspect-preserving 2.0:1)
s1,d4,frame_0021.jpg,True,202,105,1.9238095238095239,96x96,"sx=0.48, sy=0.91 (stretching ratio=1.92)",96x96,None (isotropic),128x64,None (aspect-preserving 2.0:1)
s1,d4,frame_0027.jpg,True,201,106,1.8962264150943395,96x96,"sx=0.48, sy=0.91 (stretching ratio=1.90)",96x96,None (isotropic),128x64,None (aspect-preserving 2.0:1)
s1,d4,frame_0032.jpg,True,199,100,1.99,96x96,"sx=0.48, sy=0.96 (stretching ratio=1.99)",96x96,None (isotropic),128x64,None (aspect-preserving 2.0:1)
s1,d4,frame_0037.jpg,True,191,72,2.6527777777777777,96x96,"sx=0.50, sy=1.33 (stretching ratio=2.65)",96x96,None (isotropic),128x64,None (aspect-preserving 2.0:1)
s1,d4,frame_0042.jpg,True,193,73,2.643835616438356,96x96,"sx=0.50, sy=1.32 (stretching ratio=2.64)",96x96,None (isotropic),128x64,None (aspect-preserving 2.0:1)
s1,d4,frame_0048.jpg,True,202,80,2.525,96x96,"sx=0.48, sy=1.20 (stretching ratio=2.52)",96x96,None (isotropic),128x64,None (aspect-preserving 2.0:1)
s1,d5,frame_0001.jpg,True,194,77,2.5194805194805197,96x96,"sx=0.49, sy=1.25 (stretching ratio=2.52)",96x96,None (isotropic),128x64,None (aspect-preserving 2.0:1)
s1,d5,frame_0007.jpg,True,192,131,1.465648854961832,96x96,"sx=0.50, sy=0.73 (stretching ratio=1.47)",96x96,None (isotropic),128x64,None (aspect-preserving 2.0:1)
s1,d5,frame_0013.jpg,True,188,140,1.3428571428571427,96x96,"sx=0.51, sy=0.69 (stretching ratio=1.34)",96x96,None (isotropic),128x64,None (aspect-preserving 2.0:1)
s1,d5,frame_0019.jpg,True,191,138,1.3840579710144927,96x96,"sx=0.50, sy=0.70 (stretching ratio=1.38)",96x96,None (isotropic),128x64,None (aspect-preserving 2.0:1)
s1,d5,frame_0025.jpg,True,192,126,1.5238095238095237,96x96,"sx=0.50, sy=0.76 (stretching ratio=1.52)",96x96,None (isotropic),128x64,None (aspect-preserving 2.0:1)
s1,d5,frame_0031.jpg,True,195,84,2.3214285714285716,96x96,"sx=0.49, sy=1.14 (stretching ratio=2.32)",96x96,None (isotropic),128x64,None (aspect-preserving 2.0:1)
s1,d5,frame_0037.jpg,True,195,74,2.635135135135135,96x96,"sx=0.49, sy=1.30 (stretching ratio=2.64)",96x96,None (isotropic),128x64,None (aspect-preserving 2.0:1)
s1,d5,frame_0043.jpg,True,201,68,2.9558823529411766,96x96,"sx=0.48, sy=1.41 (stretching ratio=2.96)",96x96,None (isotropic),128x64,None (aspect-preserving 2.0:1)
s1,d5,frame_0049.jpg,True,193,72,2.6805555555555554,96x96,"sx=0.50, sy=1.33 (stretching ratio=2.68)",96x96,None (isotropic),128x64,None (aspect-preserving 2.0:1)
s1,d5,frame_0055.jpg,True,191,76,2.513157894736842,96x96,"sx=0.50, sy=1.26 (stretching ratio=2.51)",96x96,None (isotropic),128x64,None (aspect-preserving 2.0:1)
s1,d6,frame_0001.jpg,True,193,84,2.2976190476190474,96x96,"sx=0.50, sy=1.14 (stretching ratio=2.30)",96x96,None (isotropic),128x64,None (aspect-preserving 2.0:1)
s1,d6,frame_0004.jpg,True,187,101,1.8514851485148516,96x96,"sx=0.51, sy=0.95 (stretching ratio=1.85)",96x96,None (isotropic),128x64,None (aspect-preserving 2.0:1)
s1,d6,frame_0008.jpg,True,178,126,1.4126984126984128,96x96,"sx=0.54, sy=0.76 (stretching ratio=1.41)",96x96,None (isotropic),128x64,None (aspect-preserving 2.0:1)
s1,d6,frame_0012.jpg,True,173,123,1.4065040650406504,96x96,"sx=0.55, sy=0.78 (stretching ratio=1.41)",96x96,None (isotropic),128x64,None (aspect-preserving 2.0:1)
s1,d6,frame_0016.jpg,True,173,120,1.4416666666666667,96x96,"sx=0.55, sy=0.80 (stretching ratio=1.44)",96x96,None (isotropic),128x64,None (aspect-preserving 2.0:1)
s1,d6,frame_0019.jpg,True,175,115,1.5217391304347827,96x96,"sx=0.55, sy=0.83 (stretching ratio=1.52)",96x96,None (isotropic),128x64,None (aspect-preserving 2.0:1)
s1,d6,frame_0023.jpg,True,178,112,1.5892857142857142,96x96,"sx=0.54, sy=0.86 (stretching ratio=1.59)",96x96,None (isotropic),128x64,None (aspect-preserving 2.0:1)
s1,d6,frame_0027.jpg,True,184,103,1.7864077669902914,96x96,"sx=0.52, sy=0.93 (stretching ratio=1.79)",96x96,None (isotropic),128x64,None (aspect-preserving 2.0:1)
s1,d6,frame_0031.jpg,True,190,85,2.235294117647059,96x96,"sx=0.51, sy=1.13 (stretching ratio=2.24)",96x96,None (isotropic),128x64,None (aspect-preserving 2.0:1)
s1,d6,frame_0035.jpg,True,189,77,2.4545454545454546,96x96,"sx=0.51, sy=1.25 (stretching ratio=2.45)",96x96,None (isotropic),128x64,None (aspect-preserving 2.0:1)
s1,d7,frame_0001.jpg,True,196,78,2.5128205128205128,96x96,"sx=0.49, sy=1.23 (stretching ratio=2.51)",96x96,None (isotropic),128x64,None (aspect-preserving 2.0:1)
s1,d7,frame_0005.jpg,True,192,106,1.8113207547169812,96x96,"sx=0.50, sy=0.91 (stretching ratio=1.81)",96x96,None (isotropic),128x64,None (aspect-preserving 2.0:1)
s1,d7,frame_0009.jpg,True,199,106,1.8773584905660377,96x96,"sx=0.48, sy=0.91 (stretching ratio=1.88)",96x96,None (isotropic),128x64,None (aspect-preserving 2.0:1)
s1,d7,frame_0014.jpg,True,202,105,1.9238095238095239,96x96,"sx=0.48, sy=0.91 (stretching ratio=1.92)",96x96,None (isotropic),128x64,None (aspect-preserving 2.0:1)
s1,d7,frame_0018.jpg,True,200,103,1.941747572815534,96x96,"sx=0.48, sy=0.93 (stretching ratio=1.94)",96x96,None (isotropic),128x64,None (aspect-preserving 2.0:1)
s1,d7,frame_0023.jpg,True,201,102,1.9705882352941178,96x96,"sx=0.48, sy=0.94 (stretching ratio=1.97)",96x96,None (isotropic),128x64,None (aspect-preserving 2.0:1)
s1,d7,frame_0027.jpg,True,201,99,2.0303030303030303,96x96,"sx=0.48, sy=0.97 (stretching ratio=2.03)",96x96,None (isotropic),128x64,None (aspect-preserving 2.0:1)
s1,d7,frame_0032.jpg,True,198,92,2.152173913043478,96x96,"sx=0.48, sy=1.04 (stretching ratio=2.15)",96x96,None (isotropic),128x64,None (aspect-preserving 2.0:1)
s1,d7,frame_0036.jpg,True,191,76,2.513157894736842,96x96,"sx=0.50, sy=1.26 (stretching ratio=2.51)",96x96,None (isotropic),128x64,None (aspect-preserving 2.0:1)
s1,d7,frame_0041.jpg,True,197,77,2.5584415584415585,96x96,"sx=0.49, sy=1.25 (stretching ratio=2.56)",96x96,None (isotropic),128x64,None (aspect-preserving 2.0:1)
s1,d8,frame_0001.jpg,True,191,75,2.546666666666667,96x96,"sx=0.50, sy=1.28 (stretching ratio=2.55)",96x96,None (isotropic),128x64,None (aspect-preserving 2.0:1)
s1,d8,frame_0005.jpg,True,187,78,2.3974358974358974,96x96,"sx=0.51, sy=1.23 (stretching ratio=2.40)",96x96,None (isotropic),128x64,None (aspect-preserving 2.0:1)
s1,d8,frame_0010.jpg,True,192,82,2.341463414634146,96x96,"sx=0.50, sy=1.17 (stretching ratio=2.34)",96x96,None (isotropic),128x64,None (aspect-preserving 2.0:1)
s1,d8,frame_0014.jpg,True,194,89,2.1797752808988764,96x96,"sx=0.49, sy=1.08 (stretching ratio=2.18)",96x96,None (isotropic),128x64,None (aspect-preserving 2.0:1)
s1,d8,frame_0019.jpg,True,199,118,1.6864406779661016,96x96,"sx=0.48, sy=0.81 (stretching ratio=1.69)",96x96,None (isotropic),128x64,None (aspect-preserving 2.0:1)
s1,d8,frame_0023.jpg,True,200,105,1.9047619047619047,96x96,"sx=0.48, sy=0.91 (stretching ratio=1.90)",96x96,None (isotropic),128x64,None (aspect-preserving 2.0:1)
s1,d8,frame_0028.jpg,True,197,100,1.97,96x96,"sx=0.49, sy=0.96 (stretching ratio=1.97)",96x96,None (isotropic),128x64,None (aspect-preserving 2.0:1)
s1,d8,frame_0032.jpg,True,199,97,2.051546391752577,96x96,"sx=0.48, sy=0.99 (stretching ratio=2.05)",96x96,None (isotropic),128x64,None (aspect-preserving 2.0:1)
s1,d8,frame_0037.jpg,True,194,78,2.4871794871794872,96x96,"sx=0.49, sy=1.23 (stretching ratio=2.49)",96x96,None (isotropic),128x64,None (aspect-preserving 2.0:1)
s1,d8,frame_0042.jpg,True,192,75,2.56,96x96,"sx=0.50, sy=1.28 (stretching ratio=2.56)",96x96,None (isotropic),128x64,None (aspect-preserving 2.0:1)
s1,d9,frame_0001.jpg,True,191,78,2.448717948717949,96x96,"sx=0.50, sy=1.23 (stretching ratio=2.45)",96x96,None (isotropic),128x64,None (aspect-preserving 2.0:1)
s1,d9,frame_0004.jpg,True,191,94,2.0319148936170213,96x96,"sx=0.50, sy=1.02 (stretching ratio=2.03)",96x96,None (isotropic),128x64,None (aspect-preserving 2.0:1)
s1,d9,frame_0008.jpg,True,197,110,1.790909090909091,96x96,"sx=0.49, sy=0.87 (stretching ratio=1.79)",96x96,None (isotropic),128x64,None (aspect-preserving 2.0:1)
s1,d9,frame_0012.jpg,True,193,128,1.5078125,96x96,"sx=0.50, sy=0.75 (stretching ratio=1.51)",96x96,None (isotropic),128x64,None (aspect-preserving 2.0:1)
s1,d9,frame_0016.jpg,True,174,131,1.3282442748091603,96x96,"sx=0.55, sy=0.73 (stretching ratio=1.33)",96x96,None (isotropic),128x64,None (aspect-preserving 2.0:1)
s1,d9,frame_0020.jpg,True,173,99,1.7474747474747474,96x96,"sx=0.55, sy=0.97 (stretching ratio=1.75)",96x96,None (isotropic),128x64,None (aspect-preserving 2.0:1)
s1,d9,frame_0024.jpg,True,176,94,1.872340425531915,96x96,"sx=0.55, sy=1.02 (stretching ratio=1.87)",96x96,None (isotropic),128x64,None (aspect-preserving 2.0:1)
s1,d9,frame_0028.jpg,True,186,87,2.1379310344827585,96x96,"sx=0.52, sy=1.10 (stretching ratio=2.14)",96x96,None (isotropic),128x64,None (aspect-preserving 2.0:1)
s1,d9,frame_0032.jpg,True,188,82,2.292682926829268,96x96,"sx=0.51, sy=1.17 (stretching ratio=2.29)",96x96,None (isotropic),128x64,None (aspect-preserving 2.0:1)
s1,d9,frame_0036.jpg,True,188,78,2.41025641025641,96x96,"sx=0.51, sy=1.23 (stretching ratio=2.41)",96x96,None (isotropic),128x64,None (aspect-preserving 2.0:1)
s1,d10,frame_0001.jpg,True,193,79,2.4430379746835444,96x96,"sx=0.50, sy=1.22 (stretching ratio=2.44)",96x96,None (isotropic),128x64,None (aspect-preserving 2.0:1)
s1,d10,frame_0004.jpg,True,194,80,2.425,96x96,"sx=0.49, sy=1.20 (stretching ratio=2.42)",96x96,None (isotropic),128x64,None (aspect-preserving 2.0:1)
s1,d10,frame_0007.jpg,True,195,100,1.95,96x96,"sx=0.49, sy=0.96 (stretching ratio=1.95)",96x96,None (isotropic),128x64,None (aspect-preserving 2.0:1)
s1,d10,frame_0010.jpg,True,198,107,1.8504672897196262,96x96,"sx=0.48, sy=0.90 (stretching ratio=1.85)",96x96,None (isotropic),128x64,None (aspect-preserving 2.0:1)
s1,d10,frame_0013.jpg,True,204,113,1.8053097345132743,96x96,"sx=0.47, sy=0.85 (stretching ratio=1.81)",96x96,None (isotropic),128x64,None (aspect-preserving 2.0:1)
s1,d10,frame_0017.jpg,True,196,75,2.6133333333333333,96x96,"sx=0.49, sy=1.28 (stretching ratio=2.61)",96x96,None (isotropic),128x64,None (aspect-preserving 2.0:1)
s1,d10,frame_0020.jpg,True,196,74,2.6486486486486487,96x96,"sx=0.49, sy=1.30 (stretching ratio=2.65)",96x96,None (isotropic),128x64,None (aspect-preserving 2.0:1)
s1,d10,frame_0023.jpg,True,197,80,2.4625,96x96,"sx=0.49, sy=1.20 (stretching ratio=2.46)",96x96,None (isotropic),128x64,None (aspect-preserving 2.0:1)
s1,d10,frame_0026.jpg,True,197,75,2.6266666666666665,96x96,"sx=0.49, sy=1.28 (stretching ratio=2.63)",96x96,None (isotropic),128x64,None (aspect-preserving 2.0:1)
s1,d10,frame_0030.jpg,True,197,77,2.5584415584415585,96x96,"sx=0.49, sy=1.25 (stretching ratio=2.56)",96x96,None (isotropic),128x64,None (aspect-preserving 2.0:1)
s6,d0,frame_0001.jpg,True,150,79,1.8987341772151898,96x96,"sx=0.64, sy=1.22 (stretching ratio=1.90)",96x96,None (isotropic),128x64,None (aspect-preserving 2.0:1)
s6,d0,frame_0005.jpg,True,150,81,1.8518518518518519,96x96,"sx=0.64, sy=1.19 (stretching ratio=1.85)",96x96,None (isotropic),128x64,None (aspect-preserving 2.0:1)
s6,d0,frame_0009.jpg,True,166,92,1.8043478260869565,96x96,"sx=0.58, sy=1.04 (stretching ratio=1.80)",96x96,None (isotropic),128x64,None (aspect-preserving 2.0:1)
s6,d0,frame_0013.jpg,True,162,83,1.9518072289156627,96x96,"sx=0.59, sy=1.16 (stretching ratio=1.95)",96x96,None (isotropic),128x64,None (aspect-preserving 2.0:1)
s6,d0,frame_0017.jpg,True,157,111,1.4144144144144144,96x96,"sx=0.61, sy=0.86 (stretching ratio=1.41)",96x96,None (isotropic),128x64,None (aspect-preserving 2.0:1)
s6,d0,frame_0022.jpg,True,143,93,1.5376344086021505,96x96,"sx=0.67, sy=1.03 (stretching ratio=1.54)",96x96,None (isotropic),128x64,None (aspect-preserving 2.0:1)
s6,d0,frame_0026.jpg,True,145,84,1.7261904761904763,96x96,"sx=0.66, sy=1.14 (stretching ratio=1.73)",96x96,None (isotropic),128x64,None (aspect-preserving 2.0:1)
s6,d0,frame_0030.jpg,True,141,83,1.6987951807228916,96x96,"sx=0.68, sy=1.16 (stretching ratio=1.70)",96x96,None (isotropic),128x64,None (aspect-preserving 2.0:1)
s6,d0,frame_0034.jpg,True,163,83,1.963855421686747,96x96,"sx=0.59, sy=1.16 (stretching ratio=1.96)",96x96,None (isotropic),128x64,None (aspect-preserving 2.0:1)
s6,d0,frame_0039.jpg,True,154,69,2.2318840579710146,96x96,"sx=0.62, sy=1.39 (stretching ratio=2.23)",96x96,None (isotropic),128x64,None (aspect-preserving 2.0:1)
s6,d1,frame_0001.jpg,True,154,95,1.6210526315789473,96x96,"sx=0.62, sy=1.01 (stretching ratio=1.62)",96x96,None (isotropic),128x64,None (aspect-preserving 2.0:1)
s6,d1,frame_0005.jpg,True,146,87,1.6781609195402298,96x96,"sx=0.66, sy=1.10 (stretching ratio=1.68)",96x96,None (isotropic),128x64,None (aspect-preserving 2.0:1)
s6,d1,frame_0009.jpg,True,149,88,1.6931818181818181,96x96,"sx=0.64, sy=1.09 (stretching ratio=1.69)",96x96,None (isotropic),128x64,None (aspect-preserving 2.0:1)
s6,d1,frame_0013.jpg,True,146,98,1.489795918367347,96x96,"sx=0.66, sy=0.98 (stretching ratio=1.49)",96x96,None (isotropic),128x64,None (aspect-preserving 2.0:1)
s6,d1,frame_0017.jpg,True,148,105,1.4095238095238096,96x96,"sx=0.65, sy=0.91 (stretching ratio=1.41)",96x96,None (isotropic),128x64,None (aspect-preserving 2.0:1)
s6,d1,frame_0021.jpg,True,147,92,1.5978260869565217,96x96,"sx=0.65, sy=1.04 (stretching ratio=1.60)",96x96,None (isotropic),128x64,None (aspect-preserving 2.0:1)
s6,d1,frame_0025.jpg,True,151,84,1.7976190476190477,96x96,"sx=0.64, sy=1.14 (stretching ratio=1.80)",96x96,None (isotropic),128x64,None (aspect-preserving 2.0:1)
s6,d1,frame_0029.jpg,True,147,84,1.75,96x96,"sx=0.65, sy=1.14 (stretching ratio=1.75)",96x96,None (isotropic),128x64,None (aspect-preserving 2.0:1)
s6,d1,frame_0033.jpg,True,154,76,2.026315789473684,96x96,"sx=0.62, sy=1.26 (stretching ratio=2.03)",96x96,None (isotropic),128x64,None (aspect-preserving 2.0:1)
s6,d1,frame_0037.jpg,True,151,73,2.0684931506849313,96x96,"sx=0.64, sy=1.32 (stretching ratio=2.07)",96x96,None (isotropic),128x64,None (aspect-preserving 2.0:1)
s6,d2,frame_0001.jpg,True,145,74,1.9594594594594594,96x96,"sx=0.66, sy=1.30 (stretching ratio=1.96)",96x96,None (isotropic),128x64,None (aspect-preserving 2.0:1)
s6,d2,frame_0005.jpg,True,143,82,1.7439024390243902,96x96,"sx=0.67, sy=1.17 (stretching ratio=1.74)",96x96,None (isotropic),128x64,None (aspect-preserving 2.0:1)
s6,d2,frame_0010.jpg,True,144,84,1.7142857142857142,96x96,"sx=0.67, sy=1.14 (stretching ratio=1.71)",96x96,None (isotropic),128x64,None (aspect-preserving 2.0:1)
s6,d2,frame_0014.jpg,True,142,103,1.3786407766990292,96x96,"sx=0.68, sy=0.93 (stretching ratio=1.38)",96x96,None (isotropic),128x64,None (aspect-preserving 2.0:1)
s6,d2,frame_0019.jpg,True,137,83,1.6506024096385543,96x96,"sx=0.70, sy=1.16 (stretching ratio=1.65)",96x96,None (isotropic),128x64,None (aspect-preserving 2.0:1)
s6,d2,frame_0023.jpg,True,143,79,1.8101265822784811,96x96,"sx=0.67, sy=1.22 (stretching ratio=1.81)",96x96,None (isotropic),128x64,None (aspect-preserving 2.0:1)
s6,d2,frame_0028.jpg,True,156,84,1.8571428571428572,96x96,"sx=0.62, sy=1.14 (stretching ratio=1.86)",96x96,None (isotropic),128x64,None (aspect-preserving 2.0:1)
s6,d2,frame_0032.jpg,True,158,86,1.8372093023255813,96x96,"sx=0.61, sy=1.12 (stretching ratio=1.84)",96x96,None (isotropic),128x64,None (aspect-preserving 2.0:1)
s6,d2,frame_0037.jpg,True,163,82,1.9878048780487805,96x96,"sx=0.59, sy=1.17 (stretching ratio=1.99)",96x96,None (isotropic),128x64,None (aspect-preserving 2.0:1)
s6,d2,frame_0042.jpg,True,161,91,1.7692307692307692,96x96,"sx=0.60, sy=1.05 (stretching ratio=1.77)",96x96,None (isotropic),128x64,None (aspect-preserving 2.0:1)
s6,d3,frame_0001.jpg,True,157,80,1.9625,96x96,"sx=0.61, sy=1.20 (stretching ratio=1.96)",96x96,None (isotropic),128x64,None (aspect-preserving 2.0:1)
s6,d3,frame_0005.jpg,True,156,87,1.793103448275862,96x96,"sx=0.62, sy=1.10 (stretching ratio=1.79)",96x96,None (isotropic),128x64,None (aspect-preserving 2.0:1)
s6,d3,frame_0009.jpg,True,153,86,1.7790697674418605,96x96,"sx=0.63, sy=1.12 (stretching ratio=1.78)",96x96,None (isotropic),128x64,None (aspect-preserving 2.0:1)
s6,d3,frame_0014.jpg,True,147,91,1.6153846153846154,96x96,"sx=0.65, sy=1.05 (stretching ratio=1.62)",96x96,None (isotropic),128x64,None (aspect-preserving 2.0:1)
s6,d3,frame_0018.jpg,True,148,93,1.5913978494623655,96x96,"sx=0.65, sy=1.03 (stretching ratio=1.59)",96x96,None (isotropic),128x64,None (aspect-preserving 2.0:1)
s6,d3,frame_0022.jpg,True,171,85,2.011764705882353,96x96,"sx=0.56, sy=1.13 (stretching ratio=2.01)",96x96,None (isotropic),128x64,None (aspect-preserving 2.0:1)
s6,d3,frame_0027.jpg,True,168,84,2.0,96x96,"sx=0.57, sy=1.14 (stretching ratio=2.00)",96x96,None (isotropic),128x64,None (aspect-preserving 2.0:1)
s6,d3,frame_0031.jpg,True,163,80,2.0375,96x96,"sx=0.59, sy=1.20 (stretching ratio=2.04)",96x96,None (isotropic),128x64,None (aspect-preserving 2.0:1)
s6,d3,frame_0035.jpg,True,160,82,1.951219512195122,96x96,"sx=0.60, sy=1.17 (stretching ratio=1.95)",96x96,None (isotropic),128x64,None (aspect-preserving 2.0:1)
s6,d3,frame_0040.jpg,True,156,84,1.8571428571428572,96x96,"sx=0.62, sy=1.14 (stretching ratio=1.86)",96x96,None (isotropic),128x64,None (aspect-preserving 2.0:1)
s6,d4,frame_0001.jpg,True,154,76,2.026315789473684,96x96,"sx=0.62, sy=1.26 (stretching ratio=2.03)",96x96,None (isotropic),128x64,None (aspect-preserving 2.0:1)
s6,d4,frame_0005.jpg,True,151,86,1.755813953488372,96x96,"sx=0.64, sy=1.12 (stretching ratio=1.76)",96x96,None (isotropic),128x64,None (aspect-preserving 2.0:1)
s6,d4,frame_0010.jpg,True,157,89,1.7640449438202248,96x96,"sx=0.61, sy=1.08 (stretching ratio=1.76)",96x96,None (isotropic),128x64,None (aspect-preserving 2.0:1)
s6,d4,frame_0014.jpg,True,156,88,1.7727272727272727,96x96,"sx=0.62, sy=1.09 (stretching ratio=1.77)",96x96,None (isotropic),128x64,None (aspect-preserving 2.0:1)
s6,d4,frame_0019.jpg,True,154,93,1.6559139784946237,96x96,"sx=0.62, sy=1.03 (stretching ratio=1.66)",96x96,None (isotropic),128x64,None (aspect-preserving 2.0:1)
s6,d4,frame_0023.jpg,True,153,86,1.7790697674418605,96x96,"sx=0.63, sy=1.12 (stretching ratio=1.78)",96x96,None (isotropic),128x64,None (aspect-preserving 2.0:1)
s6,d4,frame_0028.jpg,True,150,78,1.9230769230769231,96x96,"sx=0.64, sy=1.23 (stretching ratio=1.92)",96x96,None (isotropic),128x64,None (aspect-preserving 2.0:1)
s6,d4,frame_0032.jpg,True,156,79,1.9746835443037976,96x96,"sx=0.62, sy=1.22 (stretching ratio=1.97)",96x96,None (isotropic),128x64,None (aspect-preserving 2.0:1)
s6,d4,frame_0037.jpg,True,158,90,1.7555555555555555,96x96,"sx=0.61, sy=1.07 (stretching ratio=1.76)",96x96,None (isotropic),128x64,None (aspect-preserving 2.0:1)
s6,d4,frame_0042.jpg,True,155,80,1.9375,96x96,"sx=0.62, sy=1.20 (stretching ratio=1.94)",96x96,None (isotropic),128x64,None (aspect-preserving 2.0:1)
s6,d5,frame_0001.jpg,True,99,51,1.9411764705882353,96x96,"sx=0.97, sy=1.88 (stretching ratio=1.94)",96x96,None (isotropic),128x64,None (aspect-preserving 2.0:1)
s6,d5,frame_0005.jpg,True,102,54,1.8888888888888888,96x96,"sx=0.94, sy=1.78 (stretching ratio=1.89)",96x96,None (isotropic),128x64,None (aspect-preserving 2.0:1)
s6,d5,frame_0010.jpg,True,97,59,1.6440677966101696,96x96,"sx=0.99, sy=1.63 (stretching ratio=1.64)",96x96,None (isotropic),128x64,None (aspect-preserving 2.0:1)
s6,d5,frame_0014.jpg,True,96,64,1.5,96x96,"sx=1.00, sy=1.50 (stretching ratio=1.50)",96x96,None (isotropic),128x64,None (aspect-preserving 2.0:1)
s6,d5,frame_0019.jpg,True,99,68,1.4558823529411764,96x96,"sx=0.97, sy=1.41 (stretching ratio=1.46)",96x96,None (isotropic),128x64,None (aspect-preserving 2.0:1)
s6,d5,frame_0023.jpg,True,96,65,1.476923076923077,96x96,"sx=1.00, sy=1.48 (stretching ratio=1.48)",96x96,None (isotropic),128x64,None (aspect-preserving 2.0:1)
s6,d5,frame_0028.jpg,True,97,64,1.515625,96x96,"sx=0.99, sy=1.50 (stretching ratio=1.52)",96x96,None (isotropic),128x64,None (aspect-preserving 2.0:1)
s6,d5,frame_0032.jpg,True,95,56,1.6964285714285714,96x96,"sx=1.01, sy=1.71 (stretching ratio=1.70)",96x96,None (isotropic),128x64,None (aspect-preserving 2.0:1)
s6,d5,frame_0037.jpg,True,97,52,1.8653846153846154,96x96,"sx=0.99, sy=1.85 (stretching ratio=1.87)",96x96,None (isotropic),128x64,None (aspect-preserving 2.0:1)
s6,d5,frame_0042.jpg,True,101,52,1.9423076923076923,96x96,"sx=0.95, sy=1.85 (stretching ratio=1.94)",96x96,None (isotropic),128x64,None (aspect-preserving 2.0:1)
s6,d6,frame_0001.jpg,True,159,84,1.8928571428571428,96x96,"sx=0.60, sy=1.14 (stretching ratio=1.89)",96x96,None (isotropic),128x64,None (aspect-preserving 2.0:1)
s6,d6,frame_0006.jpg,True,148,73,2.0273972602739727,96x96,"sx=0.65, sy=1.32 (stretching ratio=2.03)",96x96,None (isotropic),128x64,None (aspect-preserving 2.0:1)
s6,d6,frame_0011.jpg,True,151,77,1.9610389610389611,96x96,"sx=0.64, sy=1.25 (stretching ratio=1.96)",96x96,None (isotropic),128x64,None (aspect-preserving 2.0:1)
s6,d6,frame_0016.jpg,True,145,82,1.7682926829268293,96x96,"sx=0.66, sy=1.17 (stretching ratio=1.77)",96x96,None (isotropic),128x64,None (aspect-preserving 2.0:1)
s6,d6,frame_0021.jpg,True,152,104,1.4615384615384615,96x96,"sx=0.63, sy=0.92 (stretching ratio=1.46)",96x96,None (isotropic),128x64,None (aspect-preserving 2.0:1)
s6,d6,frame_0026.jpg,True,144,85,1.6941176470588235,96x96,"sx=0.67, sy=1.13 (stretching ratio=1.69)",96x96,None (isotropic),128x64,None (aspect-preserving 2.0:1)
s6,d6,frame_0031.jpg,True,151,102,1.4803921568627452,96x96,"sx=0.64, sy=0.94 (stretching ratio=1.48)",96x96,None (isotropic),128x64,None (aspect-preserving 2.0:1)
s6,d6,frame_0036.jpg,True,155,110,1.4090909090909092,96x96,"sx=0.62, sy=0.87 (stretching ratio=1.41)",96x96,None (isotropic),128x64,None (aspect-preserving 2.0:1)
s6,d6,frame_0041.jpg,True,161,96,1.6770833333333333,96x96,"sx=0.60, sy=1.00 (stretching ratio=1.68)",96x96,None (isotropic),128x64,None (aspect-preserving 2.0:1)
s6,d6,frame_0047.jpg,True,154,90,1.711111111111111,96x96,"sx=0.62, sy=1.07 (stretching ratio=1.71)",96x96,None (isotropic),128x64,None (aspect-preserving 2.0:1)
s6,d7,frame_0001.jpg,True,148,78,1.8974358974358974,96x96,"sx=0.65, sy=1.23 (stretching ratio=1.90)",96x96,None (isotropic),128x64,None (aspect-preserving 2.0:1)
s6,d7,frame_0005.jpg,True,154,81,1.9012345679012346,96x96,"sx=0.62, sy=1.19 (stretching ratio=1.90)",96x96,None (isotropic),128x64,None (aspect-preserving 2.0:1)
s6,d7,frame_0009.jpg,True,151,86,1.755813953488372,96x96,"sx=0.64, sy=1.12 (stretching ratio=1.76)",96x96,None (isotropic),128x64,None (aspect-preserving 2.0:1)
s6,d7,frame_0013.jpg,True,155,88,1.7613636363636365,96x96,"sx=0.62, sy=1.09 (stretching ratio=1.76)",96x96,None (isotropic),128x64,None (aspect-preserving 2.0:1)
s6,d7,frame_0017.jpg,True,155,90,1.7222222222222223,96x96,"sx=0.62, sy=1.07 (stretching ratio=1.72)",96x96,None (isotropic),128x64,None (aspect-preserving 2.0:1)
s6,d7,frame_0022.jpg,True,152,86,1.7674418604651163,96x96,"sx=0.63, sy=1.12 (stretching ratio=1.77)",96x96,None (isotropic),128x64,None (aspect-preserving 2.0:1)
s6,d7,frame_0026.jpg,True,154,84,1.8333333333333333,96x96,"sx=0.62, sy=1.14 (stretching ratio=1.83)",96x96,None (isotropic),128x64,None (aspect-preserving 2.0:1)
s6,d7,frame_0030.jpg,True,152,81,1.876543209876543,96x96,"sx=0.63, sy=1.19 (stretching ratio=1.88)",96x96,None (isotropic),128x64,None (aspect-preserving 2.0:1)
s6,d7,frame_0034.jpg,True,148,73,2.0273972602739727,96x96,"sx=0.65, sy=1.32 (stretching ratio=2.03)",96x96,None (isotropic),128x64,None (aspect-preserving 2.0:1)
s6,d7,frame_0039.jpg,True,148,88,1.6818181818181819,96x96,"sx=0.65, sy=1.09 (stretching ratio=1.68)",96x96,None (isotropic),128x64,None (aspect-preserving 2.0:1)
s6,d8,frame_0001.jpg,True,144,73,1.9726027397260273,96x96,"sx=0.67, sy=1.32 (stretching ratio=1.97)",96x96,None (isotropic),128x64,None (aspect-preserving 2.0:1)
s6,d8,frame_0005.jpg,True,141,75,1.88,96x96,"sx=0.68, sy=1.28 (stretching ratio=1.88)",96x96,None (isotropic),128x64,None (aspect-preserving 2.0:1)
s6,d8,frame_0009.jpg,True,146,78,1.8717948717948718,96x96,"sx=0.66, sy=1.23 (stretching ratio=1.87)",96x96,None (isotropic),128x64,None (aspect-preserving 2.0:1)
s6,d8,frame_0014.jpg,True,159,90,1.7666666666666666,96x96,"sx=0.60, sy=1.07 (stretching ratio=1.77)",96x96,None (isotropic),128x64,None (aspect-preserving 2.0:1)
s6,d8,frame_0018.jpg,True,155,78,1.9871794871794872,96x96,"sx=0.62, sy=1.23 (stretching ratio=1.99)",96x96,None (isotropic),128x64,None (aspect-preserving 2.0:1)
s6,d8,frame_0023.jpg,True,149,76,1.9605263157894737,96x96,"sx=0.64, sy=1.26 (stretching ratio=1.96)",96x96,None (isotropic),128x64,None (aspect-preserving 2.0:1)
s6,d8,frame_0027.jpg,True,143,78,1.8333333333333333,96x96,"sx=0.67, sy=1.23 (stretching ratio=1.83)",96x96,None (isotropic),128x64,None (aspect-preserving 2.0:1)
s6,d8,frame_0032.jpg,True,144,71,2.028169014084507,96x96,"sx=0.67, sy=1.35 (stretching ratio=2.03)",96x96,None (isotropic),128x64,None (aspect-preserving 2.0:1)
s6,d8,frame_0036.jpg,True,148,73,2.0273972602739727,96x96,"sx=0.65, sy=1.32 (stretching ratio=2.03)",96x96,None (isotropic),128x64,None (aspect-preserving 2.0:1)
s6,d8,frame_0041.jpg,True,141,73,1.9315068493150684,96x96,"sx=0.68, sy=1.32 (stretching ratio=1.93)",96x96,None (isotropic),128x64,None (aspect-preserving 2.0:1)
s6,d9,frame_0001.jpg,True,146,73,2.0,96x96,"sx=0.66, sy=1.32 (stretching ratio=2.00)",96x96,None (isotropic),128x64,None (aspect-preserving 2.0:1)
s6,d9,frame_0005.jpg,True,144,73,1.9726027397260273,96x96,"sx=0.67, sy=1.32 (stretching ratio=1.97)",96x96,None (isotropic),128x64,None (aspect-preserving 2.0:1)
s6,d9,frame_0010.jpg,True,142,76,1.868421052631579,96x96,"sx=0.68, sy=1.26 (stretching ratio=1.87)",96x96,None (isotropic),128x64,None (aspect-preserving 2.0:1)
s6,d9,frame_0014.jpg,True,144,84,1.7142857142857142,96x96,"sx=0.67, sy=1.14 (stretching ratio=1.71)",96x96,None (isotropic),128x64,None (aspect-preserving 2.0:1)
s6,d9,frame_0019.jpg,True,139,101,1.3762376237623761,96x96,"sx=0.69, sy=0.95 (stretching ratio=1.38)",96x96,None (isotropic),128x64,None (aspect-preserving 2.0:1)
s6,d9,frame_0023.jpg,True,131,86,1.5232558139534884,96x96,"sx=0.73, sy=1.12 (stretching ratio=1.52)",96x96,None (isotropic),128x64,None (aspect-preserving 2.0:1)
s6,d9,frame_0028.jpg,True,141,79,1.7848101265822784,96x96,"sx=0.68, sy=1.22 (stretching ratio=1.78)",96x96,None (isotropic),128x64,None (aspect-preserving 2.0:1)
s6,d9,frame_0032.jpg,True,160,87,1.839080459770115,96x96,"sx=0.60, sy=1.10 (stretching ratio=1.84)",96x96,None (isotropic),128x64,None (aspect-preserving 2.0:1)
s6,d9,frame_0037.jpg,True,149,64,2.328125,96x96,"sx=0.64, sy=1.50 (stretching ratio=2.33)",96x96,None (isotropic),128x64,None (aspect-preserving 2.0:1)
s6,d9,frame_0042.jpg,True,150,66,2.272727272727273,96x96,"sx=0.64, sy=1.45 (stretching ratio=2.27)",96x96,None (isotropic),128x64,None (aspect-preserving 2.0:1)
s6,d10,frame_0001.jpg,True,155,87,1.7816091954022988,96x96,"sx=0.62, sy=1.10 (stretching ratio=1.78)",96x96,None (isotropic),128x64,None (aspect-preserving 2.0:1)
s6,d10,frame_0005.jpg,True,155,94,1.648936170212766,96x96,"sx=0.62, sy=1.02 (stretching ratio=1.65)",96x96,None (isotropic),128x64,None (aspect-preserving 2.0:1)
s6,d10,frame_0010.jpg,True,144,83,1.7349397590361446,96x96,"sx=0.67, sy=1.16 (stretching ratio=1.73)",96x96,None (isotropic),128x64,None (aspect-preserving 2.0:1)
s6,d10,frame_0014.jpg,True,140,85,1.6470588235294117,96x96,"sx=0.69, sy=1.13 (stretching ratio=1.65)",96x96,None (isotropic),128x64,None (aspect-preserving 2.0:1)
s6,d10,frame_0019.jpg,True,159,94,1.6914893617021276,96x96,"sx=0.60, sy=1.02 (stretching ratio=1.69)",96x96,None (isotropic),128x64,None (aspect-preserving 2.0:1)
s6,d10,frame_0023.jpg,True,162,88,1.8409090909090908,96x96,"sx=0.59, sy=1.09 (stretching ratio=1.84)",96x96,None (isotropic),128x64,None (aspect-preserving 2.0:1)
s6,d10,frame_0028.jpg,True,162,89,1.8202247191011236,96x96,"sx=0.59, sy=1.08 (stretching ratio=1.82)",96x96,None (isotropic),128x64,None (aspect-preserving 2.0:1)
s6,d10,frame_0032.jpg,True,155,72,2.1527777777777777,96x96,"sx=0.62, sy=1.33 (stretching ratio=2.15)",96x96,None (isotropic),128x64,None (aspect-preserving 2.0:1)
s6,d10,frame_0037.jpg,True,153,79,1.9367088607594938,96x96,"sx=0.63, sy=1.22 (stretching ratio=1.94)",96x96,None (isotropic),128x64,None (aspect-preserving 2.0:1)
s6,d10,frame_0042.jpg,True,146,63,2.3174603174603177,96x96,"sx=0.66, sy=1.52 (stretching ratio=2.32)",96x96,None (isotropic),128x64,None (aspect-preserving 2.0:1)
s12,d0,frame_0001.jpg,True,82,37,2.2162162162162162,96x96,"sx=1.17, sy=2.59 (stretching ratio=2.22)",96x96,None (isotropic),128x64,None (aspect-preserving 2.0:1)
s12,d0,frame_0004.jpg,True,82,41,2.0,96x96,"sx=1.17, sy=2.34 (stretching ratio=2.00)",96x96,None (isotropic),128x64,None (aspect-preserving 2.0:1)
s12,d0,frame_0007.jpg,True,81,51,1.588235294117647,96x96,"sx=1.19, sy=1.88 (stretching ratio=1.59)",96x96,None (isotropic),128x64,None (aspect-preserving 2.0:1)
s12,d0,frame_0010.jpg,True,80,46,1.7391304347826086,96x96,"sx=1.20, sy=2.09 (stretching ratio=1.74)",96x96,None (isotropic),128x64,None (aspect-preserving 2.0:1)
s12,d0,frame_0013.jpg,True,80,42,1.9047619047619047,96x96,"sx=1.20, sy=2.29 (stretching ratio=1.90)",96x96,None (isotropic),128x64,None (aspect-preserving 2.0:1)
s12,d0,frame_0016.jpg,True,81,39,2.076923076923077,96x96,"sx=1.19, sy=2.46 (stretching ratio=2.08)",96x96,None (isotropic),128x64,None (aspect-preserving 2.0:1)
s12,d0,frame_0019.jpg,True,81,38,2.1315789473684212,96x96,"sx=1.19, sy=2.53 (stretching ratio=2.13)",96x96,None (isotropic),128x64,None (aspect-preserving 2.0:1)
s12,d0,frame_0022.jpg,True,82,38,2.1578947368421053,96x96,"sx=1.17, sy=2.53 (stretching ratio=2.16)",96x96,None (isotropic),128x64,None (aspect-preserving 2.0:1)
s12,d0,frame_0025.jpg,True,82,37,2.2162162162162162,96x96,"sx=1.17, sy=2.59 (stretching ratio=2.22)",96x96,None (isotropic),128x64,None (aspect-preserving 2.0:1)
s12,d0,frame_0028.jpg,True,82,36,2.2777777777777777,96x96,"sx=1.17, sy=2.67 (stretching ratio=2.28)",96x96,None (isotropic),128x64,None (aspect-preserving 2.0:1)
s12,d1,frame_0001.jpg,True,83,37,2.2432432432432434,96x96,"sx=1.16, sy=2.59 (stretching ratio=2.24)",96x96,None (isotropic),128x64,None (aspect-preserving 2.0:1)
s12,d1,frame_0004.jpg,True,82,38,2.1578947368421053,96x96,"sx=1.17, sy=2.53 (stretching ratio=2.16)",96x96,None (isotropic),128x64,None (aspect-preserving 2.0:1)
s12,d1,frame_0007.jpg,True,81,42,1.9285714285714286,96x96,"sx=1.19, sy=2.29 (stretching ratio=1.93)",96x96,None (isotropic),128x64,None (aspect-preserving 2.0:1)
s12,d1,frame_0010.jpg,True,81,42,1.9285714285714286,96x96,"sx=1.19, sy=2.29 (stretching ratio=1.93)",96x96,None (isotropic),128x64,None (aspect-preserving 2.0:1)
s12,d1,frame_0013.jpg,True,81,47,1.7234042553191489,96x96,"sx=1.19, sy=2.04 (stretching ratio=1.72)",96x96,None (isotropic),128x64,None (aspect-preserving 2.0:1)
s12,d1,frame_0017.jpg,True,80,53,1.509433962264151,96x96,"sx=1.20, sy=1.81 (stretching ratio=1.51)",96x96,None (isotropic),128x64,None (aspect-preserving 2.0:1)
s12,d1,frame_0020.jpg,True,80,48,1.6666666666666667,96x96,"sx=1.20, sy=2.00 (stretching ratio=1.67)",96x96,None (isotropic),128x64,None (aspect-preserving 2.0:1)
s12,d1,frame_0023.jpg,True,80,43,1.8604651162790697,96x96,"sx=1.20, sy=2.23 (stretching ratio=1.86)",96x96,None (isotropic),128x64,None (aspect-preserving 2.0:1)
s12,d1,frame_0026.jpg,True,80,41,1.951219512195122,96x96,"sx=1.20, sy=2.34 (stretching ratio=1.95)",96x96,None (isotropic),128x64,None (aspect-preserving 2.0:1)
s12,d1,frame_0030.jpg,True,79,39,2.0256410256410255,96x96,"sx=1.22, sy=2.46 (stretching ratio=2.03)",96x96,None (isotropic),128x64,None (aspect-preserving 2.0:1)
s12,d2,frame_0001.jpg,True,83,36,2.3055555555555554,96x96,"sx=1.16, sy=2.67 (stretching ratio=2.31)",96x96,None (isotropic),128x64,None (aspect-preserving 2.0:1)
s12,d2,frame_0005.jpg,True,83,36,2.3055555555555554,96x96,"sx=1.16, sy=2.67 (stretching ratio=2.31)",96x96,None (isotropic),128x64,None (aspect-preserving 2.0:1)
s12,d2,frame_0009.jpg,True,80,42,1.9047619047619047,96x96,"sx=1.20, sy=2.29 (stretching ratio=1.90)",96x96,None (isotropic),128x64,None (aspect-preserving 2.0:1)
s12,d2,frame_0013.jpg,True,80,41,1.951219512195122,96x96,"sx=1.20, sy=2.34 (stretching ratio=1.95)",96x96,None (isotropic),128x64,None (aspect-preserving 2.0:1)
s12,d2,frame_0017.jpg,True,80,43,1.8604651162790697,96x96,"sx=1.20, sy=2.23 (stretching ratio=1.86)",96x96,None (isotropic),128x64,None (aspect-preserving 2.0:1)
s12,d2,frame_0021.jpg,True,79,52,1.5192307692307692,96x96,"sx=1.22, sy=1.85 (stretching ratio=1.52)",96x96,None (isotropic),128x64,None (aspect-preserving 2.0:1)
s12,d2,frame_0025.jpg,True,77,45,1.711111111111111,96x96,"sx=1.25, sy=2.13 (stretching ratio=1.71)",96x96,None (isotropic),128x64,None (aspect-preserving 2.0:1)
s12,d2,frame_0029.jpg,True,77,40,1.925,96x96,"sx=1.25, sy=2.40 (stretching ratio=1.93)",96x96,None (isotropic),128x64,None (aspect-preserving 2.0:1)
s12,d2,frame_0033.jpg,True,79,38,2.0789473684210527,96x96,"sx=1.22, sy=2.53 (stretching ratio=2.08)",96x96,None (isotropic),128x64,None (aspect-preserving 2.0:1)
s12,d2,frame_0038.jpg,True,79,37,2.135135135135135,96x96,"sx=1.22, sy=2.59 (stretching ratio=2.14)",96x96,None (isotropic),128x64,None (aspect-preserving 2.0:1)
s12,d3,frame_0001.jpg,True,79,37,2.135135135135135,96x96,"sx=1.22, sy=2.59 (stretching ratio=2.14)",96x96,None (isotropic),128x64,None (aspect-preserving 2.0:1)
s12,d3,frame_0005.jpg,True,80,43,1.8604651162790697,96x96,"sx=1.20, sy=2.23 (stretching ratio=1.86)",96x96,None (isotropic),128x64,None (aspect-preserving 2.0:1)
s12,d3,frame_0009.jpg,True,82,43,1.9069767441860466,96x96,"sx=1.17, sy=2.23 (stretching ratio=1.91)",96x96,None (isotropic),128x64,None (aspect-preserving 2.0:1)
s12,d3,frame_0014.jpg,True,81,41,1.975609756097561,96x96,"sx=1.19, sy=2.34 (stretching ratio=1.98)",96x96,None (isotropic),128x64,None (aspect-preserving 2.0:1)
s12,d3,frame_0018.jpg,True,82,42,1.9523809523809523,96x96,"sx=1.17, sy=2.29 (stretching ratio=1.95)",96x96,None (isotropic),128x64,None (aspect-preserving 2.0:1)
s12,d3,frame_0023.jpg,True,81,45,1.8,96x96,"sx=1.19, sy=2.13 (stretching ratio=1.80)",96x96,None (isotropic),128x64,None (aspect-preserving 2.0:1)
s12,d3,frame_0027.jpg,True,81,36,2.25,96x96,"sx=1.19, sy=2.67 (stretching ratio=2.25)",96x96,None (isotropic),128x64,None (aspect-preserving 2.0:1)
s12,d3,frame_0032.jpg,True,82,37,2.2162162162162162,96x96,"sx=1.17, sy=2.59 (stretching ratio=2.22)",96x96,None (isotropic),128x64,None (aspect-preserving 2.0:1)
s12,d3,frame_0036.jpg,True,81,36,2.25,96x96,"sx=1.19, sy=2.67 (stretching ratio=2.25)",96x96,None (isotropic),128x64,None (aspect-preserving 2.0:1)
s12,d3,frame_0041.jpg,True,82,36,2.2777777777777777,96x96,"sx=1.17, sy=2.67 (stretching ratio=2.28)",96x96,None (isotropic),128x64,None (aspect-preserving 2.0:1)
s12,d4,frame_0001.jpg,True,81,36,2.25,96x96,"sx=1.19, sy=2.67 (stretching ratio=2.25)",96x96,None (isotropic),128x64,None (aspect-preserving 2.0:1)
s12,d4,frame_0006.jpg,True,81,38,2.1315789473684212,96x96,"sx=1.19, sy=2.53 (stretching ratio=2.13)",96x96,None (isotropic),128x64,None (aspect-preserving 2.0:1)
s12,d4,frame_0011.jpg,True,81,43,1.8837209302325582,96x96,"sx=1.19, sy=2.23 (stretching ratio=1.88)",96x96,None (isotropic),128x64,None (aspect-preserving 2.0:1)
s12,d4,frame_0017.jpg,True,85,44,1.9318181818181819,96x96,"sx=1.13, sy=2.18 (stretching ratio=1.93)",96x96,None (isotropic),128x64,None (aspect-preserving 2.0:1)
s12,d4,frame_0022.jpg,True,88,43,2.046511627906977,96x96,"sx=1.09, sy=2.23 (stretching ratio=2.05)",96x96,None (isotropic),128x64,None (aspect-preserving 2.0:1)
s12,d4,frame_0028.jpg,True,87,46,1.891304347826087,96x96,"sx=1.10, sy=2.09 (stretching ratio=1.89)",96x96,None (isotropic),128x64,None (aspect-preserving 2.0:1)
s12,d4,frame_0033.jpg,True,86,46,1.8695652173913044,96x96,"sx=1.12, sy=2.09 (stretching ratio=1.87)",96x96,None (isotropic),128x64,None (aspect-preserving 2.0:1)
s12,d4,frame_0039.jpg,True,83,42,1.9761904761904763,96x96,"sx=1.16, sy=2.29 (stretching ratio=1.98)",96x96,None (isotropic),128x64,None (aspect-preserving 2.0:1)
s12,d4,frame_0044.jpg,True,81,40,2.025,96x96,"sx=1.19, sy=2.40 (stretching ratio=2.02)",96x96,None (isotropic),128x64,None (aspect-preserving 2.0:1)
s12,d4,frame_0050.jpg,True,81,40,2.025,96x96,"sx=1.19, sy=2.40 (stretching ratio=2.02)",96x96,None (isotropic),128x64,None (aspect-preserving 2.0:1)
s12,d5,frame_0001.jpg,True,82,36,2.2777777777777777,96x96,"sx=1.17, sy=2.67 (stretching ratio=2.28)",96x96,None (isotropic),128x64,None (aspect-preserving 2.0:1)
s12,d5,frame_0007.jpg,True,82,38,2.1578947368421053,96x96,"sx=1.17, sy=2.53 (stretching ratio=2.16)",96x96,None (isotropic),128x64,None (aspect-preserving 2.0:1)
s12,d5,frame_0013.jpg,True,81,53,1.528301886792453,96x96,"sx=1.19, sy=1.81 (stretching ratio=1.53)",96x96,None (isotropic),128x64,None (aspect-preserving 2.0:1)
s12,d5,frame_0019.jpg,True,79,57,1.3859649122807018,96x96,"sx=1.22, sy=1.68 (stretching ratio=1.39)",96x96,None (isotropic),128x64,None (aspect-preserving 2.0:1)
s12,d5,frame_0025.jpg,True,77,56,1.375,96x96,"sx=1.25, sy=1.71 (stretching ratio=1.38)",96x96,None (isotropic),128x64,None (aspect-preserving 2.0:1)
s12,d5,frame_0031.jpg,True,79,51,1.5490196078431373,96x96,"sx=1.22, sy=1.88 (stretching ratio=1.55)",96x96,None (isotropic),128x64,None (aspect-preserving 2.0:1)
s12,d5,frame_0037.jpg,True,80,44,1.8181818181818181,96x96,"sx=1.20, sy=2.18 (stretching ratio=1.82)",96x96,None (isotropic),128x64,None (aspect-preserving 2.0:1)
s12,d5,frame_0043.jpg,True,82,41,2.0,96x96,"sx=1.17, sy=2.34 (stretching ratio=2.00)",96x96,None (isotropic),128x64,None (aspect-preserving 2.0:1)
s12,d5,frame_0049.jpg,True,82,40,2.05,96x96,"sx=1.17, sy=2.40 (stretching ratio=2.05)",96x96,None (isotropic),128x64,None (aspect-preserving 2.0:1)
s12,d5,frame_0055.jpg,True,81,38,2.1315789473684212,96x96,"sx=1.19, sy=2.53 (stretching ratio=2.13)",96x96,None (isotropic),128x64,None (aspect-preserving 2.0:1)
s12,d6,frame_0001.jpg,True,84,35,2.4,96x96,"sx=1.14, sy=2.74 (stretching ratio=2.40)",96x96,None (isotropic),128x64,None (aspect-preserving 2.0:1)
s12,d6,frame_0005.jpg,True,82,43,1.9069767441860466,96x96,"sx=1.17, sy=2.23 (stretching ratio=1.91)",96x96,None (isotropic),128x64,None (aspect-preserving 2.0:1)
s12,d6,frame_0010.jpg,True,79,45,1.7555555555555555,96x96,"sx=1.22, sy=2.13 (stretching ratio=1.76)",96x96,None (isotropic),128x64,None (aspect-preserving 2.0:1)
s12,d6,frame_0015.jpg,True,78,45,1.7333333333333334,96x96,"sx=1.23, sy=2.13 (stretching ratio=1.73)",96x96,None (isotropic),128x64,None (aspect-preserving 2.0:1)
s12,d6,frame_0020.jpg,True,74,46,1.608695652173913,96x96,"sx=1.30, sy=2.09 (stretching ratio=1.61)",96x96,None (isotropic),128x64,None (aspect-preserving 2.0:1)
s12,d6,frame_0024.jpg,True,74,47,1.574468085106383,96x96,"sx=1.30, sy=2.04 (stretching ratio=1.57)",96x96,None (isotropic),128x64,None (aspect-preserving 2.0:1)
s12,d6,frame_0029.jpg,True,75,46,1.6304347826086956,96x96,"sx=1.28, sy=2.09 (stretching ratio=1.63)",96x96,None (isotropic),128x64,None (aspect-preserving 2.0:1)
s12,d6,frame_0034.jpg,True,77,43,1.7906976744186047,96x96,"sx=1.25, sy=2.23 (stretching ratio=1.79)",96x96,None (isotropic),128x64,None (aspect-preserving 2.0:1)
s12,d6,frame_0039.jpg,True,77,42,1.8333333333333333,96x96,"sx=1.25, sy=2.29 (stretching ratio=1.83)",96x96,None (isotropic),128x64,None (aspect-preserving 2.0:1)
s12,d6,frame_0044.jpg,True,78,39,2.0,96x96,"sx=1.23, sy=2.46 (stretching ratio=2.00)",96x96,None (isotropic),128x64,None (aspect-preserving 2.0:1)
s12,d7,frame_0001.jpg,True,82,38,2.1578947368421053,96x96,"sx=1.17, sy=2.53 (stretching ratio=2.16)",96x96,None (isotropic),128x64,None (aspect-preserving 2.0:1)
s12,d7,frame_0006.jpg,True,83,44,1.8863636363636365,96x96,"sx=1.16, sy=2.18 (stretching ratio=1.89)",96x96,None (isotropic),128x64,None (aspect-preserving 2.0:1)
s12,d7,frame_0011.jpg,True,83,45,1.8444444444444446,96x96,"sx=1.16, sy=2.13 (stretching ratio=1.84)",96x96,None (isotropic),128x64,None (aspect-preserving 2.0:1)
s12,d7,frame_0017.jpg,True,84,46,1.826086956521739,96x96,"sx=1.14, sy=2.09 (stretching ratio=1.83)",96x96,None (isotropic),128x64,None (aspect-preserving 2.0:1)
s12,d7,frame_0022.jpg,True,80,48,1.6666666666666667,96x96,"sx=1.20, sy=2.00 (stretching ratio=1.67)",96x96,None (isotropic),128x64,None (aspect-preserving 2.0:1)
s12,d7,frame_0027.jpg,True,82,46,1.7826086956521738,96x96,"sx=1.17, sy=2.09 (stretching ratio=1.78)",96x96,None (isotropic),128x64,None (aspect-preserving 2.0:1)
s12,d7,frame_0033.jpg,True,82,40,2.05,96x96,"sx=1.17, sy=2.40 (stretching ratio=2.05)",96x96,None (isotropic),128x64,None (aspect-preserving 2.0:1)
s12,d7,frame_0038.jpg,True,81,40,2.025,96x96,"sx=1.19, sy=2.40 (stretching ratio=2.02)",96x96,None (isotropic),128x64,None (aspect-preserving 2.0:1)
s12,d7,frame_0043.jpg,True,82,39,2.1025641025641026,96x96,"sx=1.17, sy=2.46 (stretching ratio=2.10)",96x96,None (isotropic),128x64,None (aspect-preserving 2.0:1)
s12,d7,frame_0049.jpg,True,82,37,2.2162162162162162,96x96,"sx=1.17, sy=2.59 (stretching ratio=2.22)",96x96,None (isotropic),128x64,None (aspect-preserving 2.0:1)
s12,d8,frame_0001.jpg,True,82,37,2.2162162162162162,96x96,"sx=1.17, sy=2.59 (stretching ratio=2.22)",96x96,None (isotropic),128x64,None (aspect-preserving 2.0:1)
s12,d8,frame_0004.jpg,True,81,35,2.3142857142857145,96x96,"sx=1.19, sy=2.74 (stretching ratio=2.31)",96x96,None (isotropic),128x64,None (aspect-preserving 2.0:1)
s12,d8,frame_0007.jpg,True,82,34,2.411764705882353,96x96,"sx=1.17, sy=2.82 (stretching ratio=2.41)",96x96,None (isotropic),128x64,None (aspect-preserving 2.0:1)
s12,d8,frame_0010.jpg,True,83,34,2.4411764705882355,96x96,"sx=1.16, sy=2.82 (stretching ratio=2.44)",96x96,None (isotropic),128x64,None (aspect-preserving 2.0:1)
s12,d8,frame_0013.jpg,True,85,41,2.073170731707317,96x96,"sx=1.13, sy=2.34 (stretching ratio=2.07)",96x96,None (isotropic),128x64,None (aspect-preserving 2.0:1)
s12,d8,frame_0017.jpg,True,82,46,1.7826086956521738,96x96,"sx=1.17, sy=2.09 (stretching ratio=1.78)",96x96,None (isotropic),128x64,None (aspect-preserving 2.0:1)
s12,d8,frame_0020.jpg,True,82,42,1.9523809523809523,96x96,"sx=1.17, sy=2.29 (stretching ratio=1.95)",96x96,None (isotropic),128x64,None (aspect-preserving 2.0:1)
s12,d8,frame_0023.jpg,True,82,40,2.05,96x96,"sx=1.17, sy=2.40 (stretching ratio=2.05)",96x96,None (isotropic),128x64,None (aspect-preserving 2.0:1)
s12,d8,frame_0026.jpg,True,81,39,2.076923076923077,96x96,"sx=1.19, sy=2.46 (stretching ratio=2.08)",96x96,None (isotropic),128x64,None (aspect-preserving 2.0:1)
s12,d8,frame_0030.jpg,True,81,38,2.1315789473684212,96x96,"sx=1.19, sy=2.53 (stretching ratio=2.13)",96x96,None (isotropic),128x64,None (aspect-preserving 2.0:1)
s12,d9,frame_0001.jpg,True,82,36,2.2777777777777777,96x96,"sx=1.17, sy=2.67 (stretching ratio=2.28)",96x96,None (isotropic),128x64,None (aspect-preserving 2.0:1)
s12,d9,frame_0004.jpg,True,82,36,2.2777777777777777,96x96,"sx=1.17, sy=2.67 (stretching ratio=2.28)",96x96,None (isotropic),128x64,None (aspect-preserving 2.0:1)
s12,d9,frame_0007.jpg,True,80,43,1.8604651162790697,96x96,"sx=1.20, sy=2.23 (stretching ratio=1.86)",96x96,None (isotropic),128x64,None (aspect-preserving 2.0:1)
s12,d9,frame_0011.jpg,True,79,50,1.58,96x96,"sx=1.22, sy=1.92 (stretching ratio=1.58)",96x96,None (isotropic),128x64,None (aspect-preserving 2.0:1)
s12,d9,frame_0014.jpg,True,77,57,1.3508771929824561,96x96,"sx=1.25, sy=1.68 (stretching ratio=1.35)",96x96,None (isotropic),128x64,None (aspect-preserving 2.0:1)
s12,d9,frame_0018.jpg,True,75,52,1.4423076923076923,96x96,"sx=1.28, sy=1.85 (stretching ratio=1.44)",96x96,None (isotropic),128x64,None (aspect-preserving 2.0:1)
s12,d9,frame_0021.jpg,True,74,44,1.6818181818181819,96x96,"sx=1.30, sy=2.18 (stretching ratio=1.68)",96x96,None (isotropic),128x64,None (aspect-preserving 2.0:1)
s12,d9,frame_0025.jpg,True,75,41,1.829268292682927,96x96,"sx=1.28, sy=2.34 (stretching ratio=1.83)",96x96,None (isotropic),128x64,None (aspect-preserving 2.0:1)
s12,d9,frame_0028.jpg,True,76,39,1.9487179487179487,96x96,"sx=1.26, sy=2.46 (stretching ratio=1.95)",96x96,None (isotropic),128x64,None (aspect-preserving 2.0:1)
s12,d9,frame_0032.jpg,True,80,37,2.1621621621621623,96x96,"sx=1.20, sy=2.59 (stretching ratio=2.16)",96x96,None (isotropic),128x64,None (aspect-preserving 2.0:1)
s12,d10,frame_0001.jpg,True,81,38,2.1315789473684212,96x96,"sx=1.19, sy=2.53 (stretching ratio=2.13)",96x96,None (isotropic),128x64,None (aspect-preserving 2.0:1)
s12,d10,frame_0004.jpg,True,82,38,2.1578947368421053,96x96,"sx=1.17, sy=2.53 (stretching ratio=2.16)",96x96,None (isotropic),128x64,None (aspect-preserving 2.0:1)
s12,d10,frame_0008.jpg,True,85,43,1.9767441860465116,96x96,"sx=1.13, sy=2.23 (stretching ratio=1.98)",96x96,None (isotropic),128x64,None (aspect-preserving 2.0:1)
s12,d10,frame_0012.jpg,True,86,44,1.9545454545454546,96x96,"sx=1.12, sy=2.18 (stretching ratio=1.95)",96x96,None (isotropic),128x64,None (aspect-preserving 2.0:1)
s12,d10,frame_0016.jpg,True,86,44,1.9545454545454546,96x96,"sx=1.12, sy=2.18 (stretching ratio=1.95)",96x96,None (isotropic),128x64,None (aspect-preserving 2.0:1)
s12,d10,frame_0020.jpg,True,87,34,2.5588235294117645,96x96,"sx=1.10, sy=2.82 (stretching ratio=2.56)",96x96,None (isotropic),128x64,None (aspect-preserving 2.0:1)
s12,d10,frame_0024.jpg,True,86,35,2.4571428571428573,96x96,"sx=1.12, sy=2.74 (stretching ratio=2.46)",96x96,None (isotropic),128x64,None (aspect-preserving 2.0:1)
s12,d10,frame_0028.jpg,True,87,34,2.5588235294117645,96x96,"sx=1.10, sy=2.82 (stretching ratio=2.56)",96x96,None (isotropic),128x64,None (aspect-preserving 2.0:1)
s12,d10,frame_0032.jpg,True,86,36,2.388888888888889,96x96,"sx=1.12, sy=2.67 (stretching ratio=2.39)",96x96,None (isotropic),128x64,None (aspect-preserving 2.0:1)
s12,d10,frame_0036.jpg,True,84,35,2.4,96x96,"sx=1.14, sy=2.74 (stretching ratio=2.40)",96x96,None (isotropic),128x64,None (aspect-preserving 2.0:1)
s18,d0,frame_0001.jpg,True,130,65,2.0,96x96,"sx=0.74, sy=1.48 (stretching ratio=2.00)",96x96,None (isotropic),128x64,None (aspect-preserving 2.0:1)
s18,d0,frame_0004.jpg,True,134,60,2.2333333333333334,96x96,"sx=0.72, sy=1.60 (stretching ratio=2.23)",96x96,None (isotropic),128x64,None (aspect-preserving 2.0:1)
s18,d0,frame_0007.jpg,True,134,61,2.19672131147541,96x96,"sx=0.72, sy=1.57 (stretching ratio=2.20)",96x96,None (isotropic),128x64,None (aspect-preserving 2.0:1)
s18,d0,frame_0010.jpg,True,129,85,1.5176470588235293,96x96,"sx=0.74, sy=1.13 (stretching ratio=1.52)",96x96,None (isotropic),128x64,None (aspect-preserving 2.0:1)
s18,d0,frame_0013.jpg,True,129,75,1.72,96x96,"sx=0.74, sy=1.28 (stretching ratio=1.72)",96x96,None (isotropic),128x64,None (aspect-preserving 2.0:1)
s18,d0,frame_0016.jpg,True,134,71,1.8873239436619718,96x96,"sx=0.72, sy=1.35 (stretching ratio=1.89)",96x96,None (isotropic),128x64,None (aspect-preserving 2.0:1)
s18,d0,frame_0019.jpg,True,128,69,1.855072463768116,96x96,"sx=0.75, sy=1.39 (stretching ratio=1.86)",96x96,None (isotropic),128x64,None (aspect-preserving 2.0:1)
s18,d0,frame_0022.jpg,True,134,65,2.0615384615384613,96x96,"sx=0.72, sy=1.48 (stretching ratio=2.06)",96x96,None (isotropic),128x64,None (aspect-preserving 2.0:1)
s18,d0,frame_0025.jpg,True,133,64,2.078125,96x96,"sx=0.72, sy=1.50 (stretching ratio=2.08)",96x96,None (isotropic),128x64,None (aspect-preserving 2.0:1)
s18,d0,frame_0029.jpg,True,134,62,2.161290322580645,96x96,"sx=0.72, sy=1.55 (stretching ratio=2.16)",96x96,None (isotropic),128x64,None (aspect-preserving 2.0:1)
s18,d1,frame_0001.jpg,True,133,61,2.180327868852459,96x96,"sx=0.72, sy=1.57 (stretching ratio=2.18)",96x96,None (isotropic),128x64,None (aspect-preserving 2.0:1)
s18,d1,frame_0005.jpg,True,134,62,2.161290322580645,96x96,"sx=0.72, sy=1.55 (stretching ratio=2.16)",96x96,None (isotropic),128x64,None (aspect-preserving 2.0:1)
s18,d1,frame_0009.jpg,True,131,63,2.0793650793650795,96x96,"sx=0.73, sy=1.52 (stretching ratio=2.08)",96x96,None (isotropic),128x64,None (aspect-preserving 2.0:1)
s18,d1,frame_0014.jpg,True,135,76,1.7763157894736843,96x96,"sx=0.71, sy=1.26 (stretching ratio=1.78)",96x96,None (isotropic),128x64,None (aspect-preserving 2.0:1)
s18,d1,frame_0018.jpg,True,132,84,1.5714285714285714,96x96,"sx=0.73, sy=1.14 (stretching ratio=1.57)",96x96,None (isotropic),128x64,None (aspect-preserving 2.0:1)
s18,d1,frame_0023.jpg,True,131,81,1.617283950617284,96x96,"sx=0.73, sy=1.19 (stretching ratio=1.62)",96x96,None (isotropic),128x64,None (aspect-preserving 2.0:1)
s18,d1,frame_0027.jpg,True,130,71,1.8309859154929577,96x96,"sx=0.74, sy=1.35 (stretching ratio=1.83)",96x96,None (isotropic),128x64,None (aspect-preserving 2.0:1)
s18,d1,frame_0032.jpg,True,134,70,1.9142857142857144,96x96,"sx=0.72, sy=1.37 (stretching ratio=1.91)",96x96,None (isotropic),128x64,None (aspect-preserving 2.0:1)
s18,d1,frame_0036.jpg,True,135,67,2.014925373134328,96x96,"sx=0.71, sy=1.43 (stretching ratio=2.01)",96x96,None (isotropic),128x64,None (aspect-preserving 2.0:1)
s18,d1,frame_0041.jpg,True,132,67,1.9701492537313432,96x96,"sx=0.73, sy=1.43 (stretching ratio=1.97)",96x96,None (isotropic),128x64,None (aspect-preserving 2.0:1)
s18,d2,frame_0001.jpg,True,138,61,2.262295081967213,96x96,"sx=0.70, sy=1.57 (stretching ratio=2.26)",96x96,None (isotropic),128x64,None (aspect-preserving 2.0:1)
s18,d2,frame_0006.jpg,True,136,63,2.1587301587301586,96x96,"sx=0.71, sy=1.52 (stretching ratio=2.16)",96x96,None (isotropic),128x64,None (aspect-preserving 2.0:1)
s18,d2,frame_0011.jpg,True,133,64,2.078125,96x96,"sx=0.72, sy=1.50 (stretching ratio=2.08)",96x96,None (isotropic),128x64,None (aspect-preserving 2.0:1)
s18,d2,frame_0017.jpg,True,133,73,1.821917808219178,96x96,"sx=0.72, sy=1.32 (stretching ratio=1.82)",96x96,None (isotropic),128x64,None (aspect-preserving 2.0:1)
s18,d2,frame_0022.jpg,True,135,85,1.588235294117647,96x96,"sx=0.71, sy=1.13 (stretching ratio=1.59)",96x96,None (isotropic),128x64,None (aspect-preserving 2.0:1)
s18,d2,frame_0027.jpg,True,130,75,1.7333333333333334,96x96,"sx=0.74, sy=1.28 (stretching ratio=1.73)",96x96,None (isotropic),128x64,None (aspect-preserving 2.0:1)
s18,d2,frame_0033.jpg,True,129,69,1.8695652173913044,96x96,"sx=0.74, sy=1.39 (stretching ratio=1.87)",96x96,None (isotropic),128x64,None (aspect-preserving 2.0:1)
s18,d2,frame_0038.jpg,True,130,69,1.8840579710144927,96x96,"sx=0.74, sy=1.39 (stretching ratio=1.88)",96x96,None (isotropic),128x64,None (aspect-preserving 2.0:1)
s18,d2,frame_0043.jpg,True,133,66,2.015151515151515,96x96,"sx=0.72, sy=1.45 (stretching ratio=2.02)",96x96,None (isotropic),128x64,None (aspect-preserving 2.0:1)
s18,d2,frame_0049.jpg,True,132,68,1.9411764705882353,96x96,"sx=0.73, sy=1.41 (stretching ratio=1.94)",96x96,None (isotropic),128x64,None (aspect-preserving 2.0:1)
s18,d3,frame_0001.jpg,True,133,58,2.293103448275862,96x96,"sx=0.72, sy=1.66 (stretching ratio=2.29)",96x96,None (isotropic),128x64,None (aspect-preserving 2.0:1)
s18,d3,frame_0005.jpg,True,132,59,2.23728813559322,96x96,"sx=0.73, sy=1.63 (stretching ratio=2.24)",96x96,None (isotropic),128x64,None (aspect-preserving 2.0:1)
s18,d3,frame_0010.jpg,True,137,60,2.283333333333333,96x96,"sx=0.70, sy=1.60 (stretching ratio=2.28)",96x96,None (isotropic),128x64,None (aspect-preserving 2.0:1)
s18,d3,frame_0015.jpg,True,136,60,2.2666666666666666,96x96,"sx=0.71, sy=1.60 (stretching ratio=2.27)",96x96,None (isotropic),128x64,None (aspect-preserving 2.0:1)
s18,d3,frame_0020.jpg,True,137,76,1.8026315789473684,96x96,"sx=0.70, sy=1.26 (stretching ratio=1.80)",96x96,None (isotropic),128x64,None (aspect-preserving 2.0:1)
s18,d3,frame_0025.jpg,True,135,69,1.9565217391304348,96x96,"sx=0.71, sy=1.39 (stretching ratio=1.96)",96x96,None (isotropic),128x64,None (aspect-preserving 2.0:1)
s18,d3,frame_0030.jpg,True,137,58,2.3620689655172415,96x96,"sx=0.70, sy=1.66 (stretching ratio=2.36)",96x96,None (isotropic),128x64,None (aspect-preserving 2.0:1)
s18,d3,frame_0035.jpg,True,140,56,2.5,96x96,"sx=0.69, sy=1.71 (stretching ratio=2.50)",96x96,None (isotropic),128x64,None (aspect-preserving 2.0:1)
s18,d3,frame_0040.jpg,True,137,56,2.4464285714285716,96x96,"sx=0.70, sy=1.71 (stretching ratio=2.45)",96x96,None (isotropic),128x64,None (aspect-preserving 2.0:1)
s18,d3,frame_0045.jpg,True,137,57,2.4035087719298245,96x96,"sx=0.70, sy=1.68 (stretching ratio=2.40)",96x96,None (isotropic),128x64,None (aspect-preserving 2.0:1)
s18,d4,frame_0001.jpg,True,139,59,2.3559322033898304,96x96,"sx=0.69, sy=1.63 (stretching ratio=2.36)",96x96,None (isotropic),128x64,None (aspect-preserving 2.0:1)
s18,d4,frame_0004.jpg,True,137,59,2.3220338983050848,96x96,"sx=0.70, sy=1.63 (stretching ratio=2.32)",96x96,None (isotropic),128x64,None (aspect-preserving 2.0:1)
s18,d4,frame_0008.jpg,True,136,67,2.029850746268657,96x96,"sx=0.71, sy=1.43 (stretching ratio=2.03)",96x96,None (isotropic),128x64,None (aspect-preserving 2.0:1)
s18,d4,frame_0012.jpg,True,136,76,1.7894736842105263,96x96,"sx=0.71, sy=1.26 (stretching ratio=1.79)",96x96,None (isotropic),128x64,None (aspect-preserving 2.0:1)
s18,d4,frame_0015.jpg,True,133,75,1.7733333333333334,96x96,"sx=0.72, sy=1.28 (stretching ratio=1.77)",96x96,None (isotropic),128x64,None (aspect-preserving 2.0:1)
s18,d4,frame_0019.jpg,True,136,73,1.8630136986301369,96x96,"sx=0.71, sy=1.32 (stretching ratio=1.86)",96x96,None (isotropic),128x64,None (aspect-preserving 2.0:1)
s18,d4,frame_0023.jpg,True,133,71,1.8732394366197183,96x96,"sx=0.72, sy=1.35 (stretching ratio=1.87)",96x96,None (isotropic),128x64,None (aspect-preserving 2.0:1)
s18,d4,frame_0026.jpg,True,134,66,2.0303030303030303,96x96,"sx=0.72, sy=1.45 (stretching ratio=2.03)",96x96,None (isotropic),128x64,None (aspect-preserving 2.0:1)
s18,d4,frame_0030.jpg,True,135,60,2.25,96x96,"sx=0.71, sy=1.60 (stretching ratio=2.25)",96x96,None (isotropic),128x64,None (aspect-preserving 2.0:1)
s18,d4,frame_0034.jpg,True,138,58,2.3793103448275863,96x96,"sx=0.70, sy=1.66 (stretching ratio=2.38)",96x96,None (isotropic),128x64,None (aspect-preserving 2.0:1)
s18,d5,frame_0001.jpg,True,135,58,2.3275862068965516,96x96,"sx=0.71, sy=1.66 (stretching ratio=2.33)",96x96,None (isotropic),128x64,None (aspect-preserving 2.0:1)
s18,d5,frame_0005.jpg,True,136,59,2.305084745762712,96x96,"sx=0.71, sy=1.63 (stretching ratio=2.31)",96x96,None (isotropic),128x64,None (aspect-preserving 2.0:1)
s18,d5,frame_0010.jpg,True,134,62,2.161290322580645,96x96,"sx=0.72, sy=1.55 (stretching ratio=2.16)",96x96,None (isotropic),128x64,None (aspect-preserving 2.0:1)
s18,d5,frame_0015.jpg,True,134,86,1.558139534883721,96x96,"sx=0.72, sy=1.12 (stretching ratio=1.56)",96x96,None (isotropic),128x64,None (aspect-preserving 2.0:1)
s18,d5,frame_0020.jpg,True,133,83,1.6024096385542168,96x96,"sx=0.72, sy=1.16 (stretching ratio=1.60)",96x96,None (isotropic),128x64,None (aspect-preserving 2.0:1)
s18,d5,frame_0024.jpg,True,134,78,1.7179487179487178,96x96,"sx=0.72, sy=1.23 (stretching ratio=1.72)",96x96,None (isotropic),128x64,None (aspect-preserving 2.0:1)
s18,d5,frame_0029.jpg,True,131,72,1.8194444444444444,96x96,"sx=0.73, sy=1.33 (stretching ratio=1.82)",96x96,None (isotropic),128x64,None (aspect-preserving 2.0:1)
s18,d5,frame_0034.jpg,True,135,68,1.9852941176470589,96x96,"sx=0.71, sy=1.41 (stretching ratio=1.99)",96x96,None (isotropic),128x64,None (aspect-preserving 2.0:1)
s18,d5,frame_0039.jpg,True,134,63,2.126984126984127,96x96,"sx=0.72, sy=1.52 (stretching ratio=2.13)",96x96,None (isotropic),128x64,None (aspect-preserving 2.0:1)
s18,d5,frame_0044.jpg,True,138,60,2.3,96x96,"sx=0.70, sy=1.60 (stretching ratio=2.30)",96x96,None (isotropic),128x64,None (aspect-preserving 2.0:1)
s18,d6,frame_0001.jpg,True,136,60,2.2666666666666666,96x96,"sx=0.71, sy=1.60 (stretching ratio=2.27)",96x96,None (isotropic),128x64,None (aspect-preserving 2.0:1)
s18,d6,frame_0006.jpg,True,136,73,1.8630136986301369,96x96,"sx=0.71, sy=1.32 (stretching ratio=1.86)",96x96,None (isotropic),128x64,None (aspect-preserving 2.0:1)
s18,d6,frame_0011.jpg,True,128,75,1.7066666666666668,96x96,"sx=0.75, sy=1.28 (stretching ratio=1.71)",96x96,None (isotropic),128x64,None (aspect-preserving 2.0:1)
s18,d6,frame_0016.jpg,True,130,72,1.8055555555555556,96x96,"sx=0.74, sy=1.33 (stretching ratio=1.81)",96x96,None (isotropic),128x64,None (aspect-preserving 2.0:1)
s18,d6,frame_0021.jpg,True,131,70,1.8714285714285714,96x96,"sx=0.73, sy=1.37 (stretching ratio=1.87)",96x96,None (isotropic),128x64,None (aspect-preserving 2.0:1)
s18,d6,frame_0026.jpg,True,130,67,1.9402985074626866,96x96,"sx=0.74, sy=1.43 (stretching ratio=1.94)",96x96,None (isotropic),128x64,None (aspect-preserving 2.0:1)
s18,d6,frame_0031.jpg,True,131,64,2.046875,96x96,"sx=0.73, sy=1.50 (stretching ratio=2.05)",96x96,None (isotropic),128x64,None (aspect-preserving 2.0:1)
s18,d6,frame_0036.jpg,True,134,65,2.0615384615384613,96x96,"sx=0.72, sy=1.48 (stretching ratio=2.06)",96x96,None (isotropic),128x64,None (aspect-preserving 2.0:1)
s18,d6,frame_0041.jpg,True,135,64,2.109375,96x96,"sx=0.71, sy=1.50 (stretching ratio=2.11)",96x96,None (isotropic),128x64,None (aspect-preserving 2.0:1)
s18,d6,frame_0046.jpg,True,134,62,2.161290322580645,96x96,"sx=0.72, sy=1.55 (stretching ratio=2.16)",96x96,None (isotropic),128x64,None (aspect-preserving 2.0:1)
s18,d7,frame_0001.jpg,True,136,62,2.193548387096774,96x96,"sx=0.71, sy=1.55 (stretching ratio=2.19)",96x96,None (isotropic),128x64,None (aspect-preserving 2.0:1)
s18,d7,frame_0005.jpg,True,136,61,2.2295081967213113,96x96,"sx=0.71, sy=1.57 (stretching ratio=2.23)",96x96,None (isotropic),128x64,None (aspect-preserving 2.0:1)
s18,d7,frame_0010.jpg,True,136,74,1.837837837837838,96x96,"sx=0.71, sy=1.30 (stretching ratio=1.84)",96x96,None (isotropic),128x64,None (aspect-preserving 2.0:1)
s18,d7,frame_0015.jpg,True,136,77,1.7662337662337662,96x96,"sx=0.71, sy=1.25 (stretching ratio=1.77)",96x96,None (isotropic),128x64,None (aspect-preserving 2.0:1)
s18,d7,frame_0020.jpg,True,135,70,1.9285714285714286,96x96,"sx=0.71, sy=1.37 (stretching ratio=1.93)",96x96,None (isotropic),128x64,None (aspect-preserving 2.0:1)
s18,d7,frame_0024.jpg,True,135,69,1.9565217391304348,96x96,"sx=0.71, sy=1.39 (stretching ratio=1.96)",96x96,None (isotropic),128x64,None (aspect-preserving 2.0:1)
s18,d7,frame_0029.jpg,True,133,68,1.9558823529411764,96x96,"sx=0.72, sy=1.41 (stretching ratio=1.96)",96x96,None (isotropic),128x64,None (aspect-preserving 2.0:1)
s18,d7,frame_0034.jpg,True,133,66,2.015151515151515,96x96,"sx=0.72, sy=1.45 (stretching ratio=2.02)",96x96,None (isotropic),128x64,None (aspect-preserving 2.0:1)
s18,d7,frame_0039.jpg,True,135,65,2.076923076923077,96x96,"sx=0.71, sy=1.48 (stretching ratio=2.08)",96x96,None (isotropic),128x64,None (aspect-preserving 2.0:1)
s18,d7,frame_0044.jpg,True,134,61,2.19672131147541,96x96,"sx=0.72, sy=1.57 (stretching ratio=2.20)",96x96,None (isotropic),128x64,None (aspect-preserving 2.0:1)
s18,d8,frame_0001.jpg,True,136,60,2.2666666666666666,96x96,"sx=0.71, sy=1.60 (stretching ratio=2.27)",96x96,None (isotropic),128x64,None (aspect-preserving 2.0:1)
s18,d8,frame_0005.jpg,True,136,59,2.305084745762712,96x96,"sx=0.71, sy=1.63 (stretching ratio=2.31)",96x96,None (isotropic),128x64,None (aspect-preserving 2.0:1)
s18,d8,frame_0009.jpg,True,141,58,2.4310344827586206,96x96,"sx=0.68, sy=1.66 (stretching ratio=2.43)",96x96,None (isotropic),128x64,None (aspect-preserving 2.0:1)
s18,d8,frame_0013.jpg,True,134,78,1.7179487179487178,96x96,"sx=0.72, sy=1.23 (stretching ratio=1.72)",96x96,None (isotropic),128x64,None (aspect-preserving 2.0:1)
s18,d8,frame_0017.jpg,True,136,69,1.9710144927536233,96x96,"sx=0.71, sy=1.39 (stretching ratio=1.97)",96x96,None (isotropic),128x64,None (aspect-preserving 2.0:1)
s18,d8,frame_0022.jpg,True,134,66,2.0303030303030303,96x96,"sx=0.72, sy=1.45 (stretching ratio=2.03)",96x96,None (isotropic),128x64,None (aspect-preserving 2.0:1)
s18,d8,frame_0026.jpg,True,133,65,2.046153846153846,96x96,"sx=0.72, sy=1.48 (stretching ratio=2.05)",96x96,None (isotropic),128x64,None (aspect-preserving 2.0:1)
s18,d8,frame_0030.jpg,True,133,64,2.078125,96x96,"sx=0.72, sy=1.50 (stretching ratio=2.08)",96x96,None (isotropic),128x64,None (aspect-preserving 2.0:1)
s18,d8,frame_0034.jpg,True,135,63,2.142857142857143,96x96,"sx=0.71, sy=1.52 (stretching ratio=2.14)",96x96,None (isotropic),128x64,None (aspect-preserving 2.0:1)
s18,d8,frame_0039.jpg,True,134,58,2.310344827586207,96x96,"sx=0.72, sy=1.66 (stretching ratio=2.31)",96x96,None (isotropic),128x64,None (aspect-preserving 2.0:1)
s18,d9,frame_0001.jpg,True,134,60,2.2333333333333334,96x96,"sx=0.72, sy=1.60 (stretching ratio=2.23)",96x96,None (isotropic),128x64,None (aspect-preserving 2.0:1)
s18,d9,frame_0005.jpg,True,137,59,2.3220338983050848,96x96,"sx=0.70, sy=1.63 (stretching ratio=2.32)",96x96,None (isotropic),128x64,None (aspect-preserving 2.0:1)
s18,d9,frame_0009.jpg,True,135,62,2.1774193548387095,96x96,"sx=0.71, sy=1.55 (stretching ratio=2.18)",96x96,None (isotropic),128x64,None (aspect-preserving 2.0:1)
s18,d9,frame_0013.jpg,True,135,87,1.5517241379310345,96x96,"sx=0.71, sy=1.10 (stretching ratio=1.55)",96x96,None (isotropic),128x64,None (aspect-preserving 2.0:1)
s18,d9,frame_0017.jpg,True,130,82,1.5853658536585367,96x96,"sx=0.74, sy=1.17 (stretching ratio=1.59)",96x96,None (isotropic),128x64,None (aspect-preserving 2.0:1)
s18,d9,frame_0021.jpg,True,131,69,1.8985507246376812,96x96,"sx=0.73, sy=1.39 (stretching ratio=1.90)",96x96,None (isotropic),128x64,None (aspect-preserving 2.0:1)
s18,d9,frame_0025.jpg,True,132,68,1.9411764705882353,96x96,"sx=0.73, sy=1.41 (stretching ratio=1.94)",96x96,None (isotropic),128x64,None (aspect-preserving 2.0:1)
s18,d9,frame_0029.jpg,True,129,66,1.9545454545454546,96x96,"sx=0.74, sy=1.45 (stretching ratio=1.95)",96x96,None (isotropic),128x64,None (aspect-preserving 2.0:1)
s18,d9,frame_0033.jpg,True,134,61,2.19672131147541,96x96,"sx=0.72, sy=1.57 (stretching ratio=2.20)",96x96,None (isotropic),128x64,None (aspect-preserving 2.0:1)
s18,d9,frame_0038.jpg,True,136,62,2.193548387096774,96x96,"sx=0.71, sy=1.55 (stretching ratio=2.19)",96x96,None (isotropic),128x64,None (aspect-preserving 2.0:1)
s18,d10,frame_0001.jpg,True,135,61,2.2131147540983607,96x96,"sx=0.71, sy=1.57 (stretching ratio=2.21)",96x96,None (isotropic),128x64,None (aspect-preserving 2.0:1)
s18,d10,frame_0006.jpg,True,135,61,2.2131147540983607,96x96,"sx=0.71, sy=1.57 (stretching ratio=2.21)",96x96,None (isotropic),128x64,None (aspect-preserving 2.0:1)
s18,d10,frame_0011.jpg,True,136,73,1.8630136986301369,96x96,"sx=0.71, sy=1.32 (stretching ratio=1.86)",96x96,None (isotropic),128x64,None (aspect-preserving 2.0:1)
s18,d10,frame_0017.jpg,True,137,75,1.8266666666666667,96x96,"sx=0.70, sy=1.28 (stretching ratio=1.83)",96x96,None (isotropic),128x64,None (aspect-preserving 2.0:1)
s18,d10,frame_0022.jpg,True,142,70,2.0285714285714285,96x96,"sx=0.68, sy=1.37 (stretching ratio=2.03)",96x96,None (isotropic),128x64,None (aspect-preserving 2.0:1)
s18,d10,frame_0027.jpg,True,137,55,2.4909090909090907,96x96,"sx=0.70, sy=1.75 (stretching ratio=2.49)",96x96,None (isotropic),128x64,None (aspect-preserving 2.0:1)
s18,d10,frame_0033.jpg,True,144,59,2.440677966101695,96x96,"sx=0.67, sy=1.63 (stretching ratio=2.44)",96x96,None (isotropic),128x64,None (aspect-preserving 2.0:1)
s18,d10,frame_0038.jpg,True,134,56,2.392857142857143,96x96,"sx=0.72, sy=1.71 (stretching ratio=2.39)",96x96,None (isotropic),128x64,None (aspect-preserving 2.0:1)
s18,d10,frame_0043.jpg,True,135,54,2.5,96x96,"sx=0.71, sy=1.78 (stretching ratio=2.50)",96x96,None (isotropic),128x64,None (aspect-preserving 2.0:1)
s18,d10,frame_0049.jpg,True,138,56,2.4642857142857144,96x96,"sx=0.70, sy=1.71 (stretching ratio=2.46)",96x96,None (isotropic),128x64,None (aspect-preserving 2.0:1)
s25,d0,frame_0001.jpg,True,168,74,2.27027027027027,96x96,"sx=0.57, sy=1.30 (stretching ratio=2.27)",96x96,None (isotropic),128x64,None (aspect-preserving 2.0:1)
s25,d0,frame_0005.jpg,True,164,76,2.1578947368421053,96x96,"sx=0.59, sy=1.26 (stretching ratio=2.16)",96x96,None (isotropic),128x64,None (aspect-preserving 2.0:1)
s25,d0,frame_0010.jpg,True,169,100,1.69,96x96,"sx=0.57, sy=0.96 (stretching ratio=1.69)",96x96,None (isotropic),128x64,None (aspect-preserving 2.0:1)
s25,d0,frame_0014.jpg,True,183,68,2.6911764705882355,96x96,"sx=0.52, sy=1.41 (stretching ratio=2.69)",96x96,None (isotropic),128x64,None (aspect-preserving 2.0:1)
s25,d0,frame_0019.jpg,True,177,67,2.6417910447761193,96x96,"sx=0.54, sy=1.43 (stretching ratio=2.64)",96x96,None (isotropic),128x64,None (aspect-preserving 2.0:1)
s25,d0,frame_0023.jpg,True,157,126,1.246031746031746,96x96,"sx=0.61, sy=0.76 (stretching ratio=1.25)",96x96,None (isotropic),128x64,None (aspect-preserving 2.0:1)
s25,d0,frame_0028.jpg,True,145,88,1.6477272727272727,96x96,"sx=0.66, sy=1.09 (stretching ratio=1.65)",96x96,None (isotropic),128x64,None (aspect-preserving 2.0:1)
s25,d0,frame_0032.jpg,True,156,85,1.8352941176470587,96x96,"sx=0.62, sy=1.13 (stretching ratio=1.84)",96x96,None (isotropic),128x64,None (aspect-preserving 2.0:1)
s25,d0,frame_0037.jpg,True,171,79,2.1645569620253164,96x96,"sx=0.56, sy=1.22 (stretching ratio=2.16)",96x96,None (isotropic),128x64,None (aspect-preserving 2.0:1)
s25,d0,frame_0042.jpg,True,175,72,2.4305555555555554,96x96,"sx=0.55, sy=1.33 (stretching ratio=2.43)",96x96,None (isotropic),128x64,None (aspect-preserving 2.0:1)
s25,d1,frame_0001.jpg,True,170,72,2.361111111111111,96x96,"sx=0.56, sy=1.33 (stretching ratio=2.36)",96x96,None (isotropic),128x64,None (aspect-preserving 2.0:1)
s25,d1,frame_0005.jpg,True,171,74,2.310810810810811,96x96,"sx=0.56, sy=1.30 (stretching ratio=2.31)",96x96,None (isotropic),128x64,None (aspect-preserving 2.0:1)
s25,d1,frame_0009.jpg,True,168,93,1.8064516129032258,96x96,"sx=0.57, sy=1.03 (stretching ratio=1.81)",96x96,None (isotropic),128x64,None (aspect-preserving 2.0:1)
s25,d1,frame_0014.jpg,True,170,96,1.7708333333333333,96x96,"sx=0.56, sy=1.00 (stretching ratio=1.77)",96x96,None (isotropic),128x64,None (aspect-preserving 2.0:1)
s25,d1,frame_0018.jpg,True,170,97,1.7525773195876289,96x96,"sx=0.56, sy=0.99 (stretching ratio=1.75)",96x96,None (isotropic),128x64,None (aspect-preserving 2.0:1)
s25,d1,frame_0023.jpg,True,168,103,1.6310679611650485,96x96,"sx=0.57, sy=0.93 (stretching ratio=1.63)",96x96,None (isotropic),128x64,None (aspect-preserving 2.0:1)
s25,d1,frame_0027.jpg,True,170,96,1.7708333333333333,96x96,"sx=0.56, sy=1.00 (stretching ratio=1.77)",96x96,None (isotropic),128x64,None (aspect-preserving 2.0:1)
s25,d1,frame_0032.jpg,True,172,83,2.072289156626506,96x96,"sx=0.56, sy=1.16 (stretching ratio=2.07)",96x96,None (isotropic),128x64,None (aspect-preserving 2.0:1)
s25,d1,frame_0036.jpg,True,182,76,2.3947368421052633,96x96,"sx=0.53, sy=1.26 (stretching ratio=2.39)",96x96,None (isotropic),128x64,None (aspect-preserving 2.0:1)
s25,d1,frame_0041.jpg,True,180,73,2.4657534246575343,96x96,"sx=0.53, sy=1.32 (stretching ratio=2.47)",96x96,None (isotropic),128x64,None (aspect-preserving 2.0:1)
s25,d2,frame_0001.jpg,True,172,73,2.356164383561644,96x96,"sx=0.56, sy=1.32 (stretching ratio=2.36)",96x96,None (isotropic),128x64,None (aspect-preserving 2.0:1)
s25,d2,frame_0005.jpg,True,172,74,2.324324324324324,96x96,"sx=0.56, sy=1.30 (stretching ratio=2.32)",96x96,None (isotropic),128x64,None (aspect-preserving 2.0:1)
s25,d2,frame_0009.jpg,True,168,94,1.7872340425531914,96x96,"sx=0.57, sy=1.02 (stretching ratio=1.79)",96x96,None (isotropic),128x64,None (aspect-preserving 2.0:1)
s25,d2,frame_0014.jpg,True,183,90,2.033333333333333,96x96,"sx=0.52, sy=1.07 (stretching ratio=2.03)",96x96,None (isotropic),128x64,None (aspect-preserving 2.0:1)
s25,d2,frame_0018.jpg,True,184,96,1.9166666666666667,96x96,"sx=0.52, sy=1.00 (stretching ratio=1.92)",96x96,None (isotropic),128x64,None (aspect-preserving 2.0:1)
s25,d2,frame_0023.jpg,True,150,114,1.3157894736842106,96x96,"sx=0.64, sy=0.84 (stretching ratio=1.32)",96x96,None (isotropic),128x64,None (aspect-preserving 2.0:1)
s25,d2,frame_0027.jpg,True,149,82,1.8170731707317074,96x96,"sx=0.64, sy=1.17 (stretching ratio=1.82)",96x96,None (isotropic),128x64,None (aspect-preserving 2.0:1)
s25,d2,frame_0032.jpg,True,167,88,1.8977272727272727,96x96,"sx=0.57, sy=1.09 (stretching ratio=1.90)",96x96,None (isotropic),128x64,None (aspect-preserving 2.0:1)
s25,d2,frame_0036.jpg,True,170,84,2.0238095238095237,96x96,"sx=0.56, sy=1.14 (stretching ratio=2.02)",96x96,None (isotropic),128x64,None (aspect-preserving 2.0:1)
s25,d2,frame_0041.jpg,True,174,71,2.4507042253521125,96x96,"sx=0.55, sy=1.35 (stretching ratio=2.45)",96x96,None (isotropic),128x64,None (aspect-preserving 2.0:1)
s25,d3,frame_0001.jpg,True,174,72,2.4166666666666665,96x96,"sx=0.55, sy=1.33 (stretching ratio=2.42)",96x96,None (isotropic),128x64,None (aspect-preserving 2.0:1)
s25,d3,frame_0005.jpg,True,174,71,2.4507042253521125,96x96,"sx=0.55, sy=1.35 (stretching ratio=2.45)",96x96,None (isotropic),128x64,None (aspect-preserving 2.0:1)
s25,d3,frame_0009.jpg,True,173,85,2.0352941176470587,96x96,"sx=0.55, sy=1.13 (stretching ratio=2.04)",96x96,None (isotropic),128x64,None (aspect-preserving 2.0:1)
s25,d3,frame_0013.jpg,True,178,101,1.7623762376237624,96x96,"sx=0.54, sy=0.95 (stretching ratio=1.76)",96x96,None (isotropic),128x64,None (aspect-preserving 2.0:1)
s25,d3,frame_0017.jpg,True,184,88,2.090909090909091,96x96,"sx=0.52, sy=1.09 (stretching ratio=2.09)",96x96,None (isotropic),128x64,None (aspect-preserving 2.0:1)
s25,d3,frame_0022.jpg,True,173,128,1.3515625,96x96,"sx=0.55, sy=0.75 (stretching ratio=1.35)",96x96,None (isotropic),128x64,None (aspect-preserving 2.0:1)
s25,d3,frame_0026.jpg,True,175,124,1.4112903225806452,96x96,"sx=0.55, sy=0.77 (stretching ratio=1.41)",96x96,None (isotropic),128x64,None (aspect-preserving 2.0:1)
s25,d3,frame_0030.jpg,True,186,71,2.619718309859155,96x96,"sx=0.52, sy=1.35 (stretching ratio=2.62)",96x96,None (isotropic),128x64,None (aspect-preserving 2.0:1)
s25,d3,frame_0034.jpg,True,182,72,2.5277777777777777,96x96,"sx=0.53, sy=1.33 (stretching ratio=2.53)",96x96,None (isotropic),128x64,None (aspect-preserving 2.0:1)
s25,d3,frame_0039.jpg,True,177,74,2.391891891891892,96x96,"sx=0.54, sy=1.30 (stretching ratio=2.39)",96x96,None (isotropic),128x64,None (aspect-preserving 2.0:1)
s25,d4,frame_0001.jpg,True,172,76,2.263157894736842,96x96,"sx=0.56, sy=1.26 (stretching ratio=2.26)",96x96,None (isotropic),128x64,None (aspect-preserving 2.0:1)
s25,d4,frame_0005.jpg,True,173,78,2.217948717948718,96x96,"sx=0.55, sy=1.23 (stretching ratio=2.22)",96x96,None (isotropic),128x64,None (aspect-preserving 2.0:1)
s25,d4,frame_0009.jpg,True,186,82,2.268292682926829,96x96,"sx=0.52, sy=1.17 (stretching ratio=2.27)",96x96,None (isotropic),128x64,None (aspect-preserving 2.0:1)
s25,d4,frame_0013.jpg,True,188,84,2.238095238095238,96x96,"sx=0.51, sy=1.14 (stretching ratio=2.24)",96x96,None (isotropic),128x64,None (aspect-preserving 2.0:1)
s25,d4,frame_0017.jpg,True,186,90,2.066666666666667,96x96,"sx=0.52, sy=1.07 (stretching ratio=2.07)",96x96,None (isotropic),128x64,None (aspect-preserving 2.0:1)
s25,d4,frame_0022.jpg,True,182,74,2.4594594594594597,96x96,"sx=0.53, sy=1.30 (stretching ratio=2.46)",96x96,None (isotropic),128x64,None (aspect-preserving 2.0:1)
s25,d4,frame_0026.jpg,True,181,66,2.742424242424242,96x96,"sx=0.53, sy=1.45 (stretching ratio=2.74)",96x96,None (isotropic),128x64,None (aspect-preserving 2.0:1)
s25,d4,frame_0030.jpg,True,179,70,2.557142857142857,96x96,"sx=0.54, sy=1.37 (stretching ratio=2.56)",96x96,None (isotropic),128x64,None (aspect-preserving 2.0:1)
s25,d4,frame_0034.jpg,True,179,73,2.452054794520548,96x96,"sx=0.54, sy=1.32 (stretching ratio=2.45)",96x96,None (isotropic),128x64,None (aspect-preserving 2.0:1)
s25,d4,frame_0039.jpg,True,177,73,2.4246575342465753,96x96,"sx=0.54, sy=1.32 (stretching ratio=2.42)",96x96,None (isotropic),128x64,None (aspect-preserving 2.0:1)
s25,d5,frame_0001.jpg,True,186,80,2.325,96x96,"sx=0.52, sy=1.20 (stretching ratio=2.33)",96x96,None (isotropic),128x64,None (aspect-preserving 2.0:1)
s25,d5,frame_0005.jpg,True,187,80,2.3375,96x96,"sx=0.51, sy=1.20 (stretching ratio=2.34)",96x96,None (isotropic),128x64,None (aspect-preserving 2.0:1)
s25,d5,frame_0009.jpg,True,170,125,1.36,96x96,"sx=0.56, sy=0.77 (stretching ratio=1.36)",96x96,None (isotropic),128x64,None (aspect-preserving 2.0:1)
s25,d5,frame_0014.jpg,True,173,138,1.2536231884057971,96x96,"sx=0.55, sy=0.70 (stretching ratio=1.25)",96x96,None (isotropic),128x64,None (aspect-preserving 2.0:1)
s25,d5,frame_0018.jpg,True,176,128,1.375,96x96,"sx=0.55, sy=0.75 (stretching ratio=1.38)",96x96,None (isotropic),128x64,None (aspect-preserving 2.0:1)
s25,d5,frame_0023.jpg,True,181,107,1.691588785046729,96x96,"sx=0.53, sy=0.90 (stretching ratio=1.69)",96x96,None (isotropic),128x64,None (aspect-preserving 2.0:1)
s25,d5,frame_0027.jpg,True,182,99,1.8383838383838385,96x96,"sx=0.53, sy=0.97 (stretching ratio=1.84)",96x96,None (isotropic),128x64,None (aspect-preserving 2.0:1)
s25,d5,frame_0032.jpg,True,181,84,2.1547619047619047,96x96,"sx=0.53, sy=1.14 (stretching ratio=2.15)",96x96,None (isotropic),128x64,None (aspect-preserving 2.0:1)
s25,d5,frame_0036.jpg,True,183,77,2.3766233766233764,96x96,"sx=0.52, sy=1.25 (stretching ratio=2.38)",96x96,None (isotropic),128x64,None (aspect-preserving 2.0:1)
s25,d5,frame_0041.jpg,True,184,79,2.329113924050633,96x96,"sx=0.52, sy=1.22 (stretching ratio=2.33)",96x96,None (isotropic),128x64,None (aspect-preserving 2.0:1)
s25,d6,frame_0001.jpg,True,181,78,2.3205128205128207,96x96,"sx=0.53, sy=1.23 (stretching ratio=2.32)",96x96,None (isotropic),128x64,None (aspect-preserving 2.0:1)
s25,d6,frame_0005.jpg,True,180,77,2.3376623376623376,96x96,"sx=0.53, sy=1.25 (stretching ratio=2.34)",96x96,None (isotropic),128x64,None (aspect-preserving 2.0:1)
s25,d6,frame_0009.jpg,True,153,102,1.5,96x96,"sx=0.63, sy=0.94 (stretching ratio=1.50)",96x96,None (isotropic),128x64,None (aspect-preserving 2.0:1)
s25,d6,frame_0014.jpg,True,138,109,1.2660550458715596,96x96,"sx=0.70, sy=0.88 (stretching ratio=1.27)",96x96,None (isotropic),128x64,None (aspect-preserving 2.0:1)
s25,d6,frame_0018.jpg,True,140,106,1.320754716981132,96x96,"sx=0.69, sy=0.91 (stretching ratio=1.32)",96x96,None (isotropic),128x64,None (aspect-preserving 2.0:1)
s25,d6,frame_0023.jpg,True,161,103,1.5631067961165048,96x96,"sx=0.60, sy=0.93 (stretching ratio=1.56)",96x96,None (isotropic),128x64,None (aspect-preserving 2.0:1)
s25,d6,frame_0027.jpg,True,171,90,1.9,96x96,"sx=0.56, sy=1.07 (stretching ratio=1.90)",96x96,None (isotropic),128x64,None (aspect-preserving 2.0:1)
s25,d6,frame_0032.jpg,True,179,80,2.2375,96x96,"sx=0.54, sy=1.20 (stretching ratio=2.24)",96x96,None (isotropic),128x64,None (aspect-preserving 2.0:1)
s25,d6,frame_0036.jpg,True,185,74,2.5,96x96,"sx=0.52, sy=1.30 (stretching ratio=2.50)",96x96,None (isotropic),128x64,None (aspect-preserving 2.0:1)
s25,d6,frame_0041.jpg,True,182,72,2.5277777777777777,96x96,"sx=0.53, sy=1.33 (stretching ratio=2.53)",96x96,None (isotropic),128x64,None (aspect-preserving 2.0:1)
s25,d7,frame_0001.jpg,True,182,75,2.4266666666666667,96x96,"sx=0.53, sy=1.28 (stretching ratio=2.43)",96x96,None (isotropic),128x64,None (aspect-preserving 2.0:1)
s25,d7,frame_0005.jpg,True,183,75,2.44,96x96,"sx=0.52, sy=1.28 (stretching ratio=2.44)",96x96,None (isotropic),128x64,None (aspect-preserving 2.0:1)
s25,d7,frame_0010.jpg,True,180,92,1.9565217391304348,96x96,"sx=0.53, sy=1.04 (stretching ratio=1.96)",96x96,None (isotropic),128x64,None (aspect-preserving 2.0:1)
s25,d7,frame_0015.jpg,True,188,92,2.0434782608695654,96x96,"sx=0.51, sy=1.04 (stretching ratio=2.04)",96x96,None (isotropic),128x64,None (aspect-preserving 2.0:1)
s25,d7,frame_0020.jpg,True,188,99,1.898989898989899,96x96,"sx=0.51, sy=0.97 (stretching ratio=1.90)",96x96,None (isotropic),128x64,None (aspect-preserving 2.0:1)
s25,d7,frame_0024.jpg,True,183,90,2.033333333333333,96x96,"sx=0.52, sy=1.07 (stretching ratio=2.03)",96x96,None (isotropic),128x64,None (aspect-preserving 2.0:1)
s25,d7,frame_0029.jpg,True,180,85,2.1176470588235294,96x96,"sx=0.53, sy=1.13 (stretching ratio=2.12)",96x96,None (isotropic),128x64,None (aspect-preserving 2.0:1)
s25,d7,frame_0034.jpg,True,180,75,2.4,96x96,"sx=0.53, sy=1.28 (stretching ratio=2.40)",96x96,None (isotropic),128x64,None (aspect-preserving 2.0:1)
s25,d7,frame_0039.jpg,True,180,75,2.4,96x96,"sx=0.53, sy=1.28 (stretching ratio=2.40)",96x96,None (isotropic),128x64,None (aspect-preserving 2.0:1)
s25,d7,frame_0044.jpg,True,183,74,2.472972972972973,96x96,"sx=0.52, sy=1.30 (stretching ratio=2.47)",96x96,None (isotropic),128x64,None (aspect-preserving 2.0:1)
s25,d8,frame_0001.jpg,True,179,74,2.418918918918919,96x96,"sx=0.54, sy=1.30 (stretching ratio=2.42)",96x96,None (isotropic),128x64,None (aspect-preserving 2.0:1)
s25,d8,frame_0004.jpg,True,178,75,2.3733333333333335,96x96,"sx=0.54, sy=1.28 (stretching ratio=2.37)",96x96,None (isotropic),128x64,None (aspect-preserving 2.0:1)
s25,d8,frame_0008.jpg,True,185,67,2.7611940298507465,96x96,"sx=0.52, sy=1.43 (stretching ratio=2.76)",96x96,None (isotropic),128x64,None (aspect-preserving 2.0:1)
s25,d8,frame_0011.jpg,True,188,66,2.8484848484848486,96x96,"sx=0.51, sy=1.45 (stretching ratio=2.85)",96x96,None (isotropic),128x64,None (aspect-preserving 2.0:1)
s25,d8,frame_0015.jpg,True,187,97,1.9278350515463918,96x96,"sx=0.51, sy=0.99 (stretching ratio=1.93)",96x96,None (isotropic),128x64,None (aspect-preserving 2.0:1)
s25,d8,frame_0018.jpg,True,188,88,2.1363636363636362,96x96,"sx=0.51, sy=1.09 (stretching ratio=2.14)",96x96,None (isotropic),128x64,None (aspect-preserving 2.0:1)
s25,d8,frame_0022.jpg,True,183,84,2.1785714285714284,96x96,"sx=0.52, sy=1.14 (stretching ratio=2.18)",96x96,None (isotropic),128x64,None (aspect-preserving 2.0:1)
s25,d8,frame_0025.jpg,True,180,80,2.25,96x96,"sx=0.53, sy=1.20 (stretching ratio=2.25)",96x96,None (isotropic),128x64,None (aspect-preserving 2.0:1)
s25,d8,frame_0029.jpg,True,182,73,2.493150684931507,96x96,"sx=0.53, sy=1.32 (stretching ratio=2.49)",96x96,None (isotropic),128x64,None (aspect-preserving 2.0:1)
s25,d8,frame_0033.jpg,True,179,74,2.418918918918919,96x96,"sx=0.54, sy=1.30 (stretching ratio=2.42)",96x96,None (isotropic),128x64,None (aspect-preserving 2.0:1)
s25,d9,frame_0001.jpg,True,177,75,2.36,96x96,"sx=0.54, sy=1.28 (stretching ratio=2.36)",96x96,None (isotropic),128x64,None (aspect-preserving 2.0:1)
s25,d9,frame_0005.jpg,True,177,74,2.391891891891892,96x96,"sx=0.54, sy=1.30 (stretching ratio=2.39)",96x96,None (isotropic),128x64,None (aspect-preserving 2.0:1)
s25,d9,frame_0009.jpg,True,177,81,2.185185185185185,96x96,"sx=0.54, sy=1.19 (stretching ratio=2.19)",96x96,None (isotropic),128x64,None (aspect-preserving 2.0:1)
s25,d9,frame_0014.jpg,True,173,116,1.4913793103448276,96x96,"sx=0.55, sy=0.83 (stretching ratio=1.49)",96x96,None (isotropic),128x64,None (aspect-preserving 2.0:1)
s25,d9,frame_0018.jpg,True,159,129,1.2325581395348837,96x96,"sx=0.60, sy=0.74 (stretching ratio=1.23)",96x96,None (isotropic),128x64,None (aspect-preserving 2.0:1)
s25,d9,frame_0023.jpg,True,146,96,1.5208333333333333,96x96,"sx=0.66, sy=1.00 (stretching ratio=1.52)",96x96,None (isotropic),128x64,None (aspect-preserving 2.0:1)
s25,d9,frame_0027.jpg,True,155,89,1.7415730337078652,96x96,"sx=0.62, sy=1.08 (stretching ratio=1.74)",96x96,None (isotropic),128x64,None (aspect-preserving 2.0:1)
s25,d9,frame_0032.jpg,True,174,79,2.2025316455696204,96x96,"sx=0.55, sy=1.22 (stretching ratio=2.20)",96x96,None (isotropic),128x64,None (aspect-preserving 2.0:1)
s25,d9,frame_0036.jpg,True,178,76,2.3421052631578947,96x96,"sx=0.54, sy=1.26 (stretching ratio=2.34)",96x96,None (isotropic),128x64,None (aspect-preserving 2.0:1)
s25,d9,frame_0041.jpg,True,179,75,2.3866666666666667,96x96,"sx=0.54, sy=1.28 (stretching ratio=2.39)",96x96,None (isotropic),128x64,None (aspect-preserving 2.0:1)
s25,d10,frame_0001.jpg,True,177,74,2.391891891891892,96x96,"sx=0.54, sy=1.30 (stretching ratio=2.39)",96x96,None (isotropic),128x64,None (aspect-preserving 2.0:1)
s25,d10,frame_0004.jpg,True,177,74,2.391891891891892,96x96,"sx=0.54, sy=1.30 (stretching ratio=2.39)",96x96,None (isotropic),128x64,None (aspect-preserving 2.0:1)
s25,d10,frame_0008.jpg,True,181,88,2.0568181818181817,96x96,"sx=0.53, sy=1.09 (stretching ratio=2.06)",96x96,None (isotropic),128x64,None (aspect-preserving 2.0:1)
s25,d10,frame_0012.jpg,True,192,89,2.157303370786517,96x96,"sx=0.50, sy=1.08 (stretching ratio=2.16)",96x96,None (isotropic),128x64,None (aspect-preserving 2.0:1)
s25,d10,frame_0015.jpg,True,196,89,2.202247191011236,96x96,"sx=0.49, sy=1.08 (stretching ratio=2.20)",96x96,None (isotropic),128x64,None (aspect-preserving 2.0:1)
s25,d10,frame_0019.jpg,True,188,68,2.764705882352941,96x96,"sx=0.51, sy=1.41 (stretching ratio=2.76)",96x96,None (isotropic),128x64,None (aspect-preserving 2.0:1)
s25,d10,frame_0023.jpg,True,182,70,2.6,96x96,"sx=0.53, sy=1.37 (stretching ratio=2.60)",96x96,None (isotropic),128x64,None (aspect-preserving 2.0:1)
s25,d10,frame_0026.jpg,True,185,72,2.5694444444444446,96x96,"sx=0.52, sy=1.33 (stretching ratio=2.57)",96x96,None (isotropic),128x64,None (aspect-preserving 2.0:1)
s25,d10,frame_0030.jpg,True,182,73,2.493150684931507,96x96,"sx=0.53, sy=1.32 (stretching ratio=2.49)",96x96,None (isotropic),128x64,None (aspect-preserving 2.0:1)
s25,d10,frame_0034.jpg,True,181,75,2.4133333333333336,96x96,"sx=0.53, sy=1.28 (stretching ratio=2.41)",96x96,None (isotropic),128x64,None (aspect-preserving 2.0:1)
