video_path,speaker,digit,status,original_fps,original_frame_count,target_frame_count,extracted_count,duration_sec,width,height,error
/Users/milinda/ghq/github.com/legion2004/tai-phake-lip-reading/data/digit/s1/d0/d0.mp4,s1,d0,SKIPPED,30.0,40,40,40,1.33,720,1280,Video file not present locally (remote archive). Preserved existing canonical frames.
/Users/milinda/ghq/github.com/legion2004/tai-phake-lip-reading/data/digit/s1/d1/d1.mp4,s1,d1,SKIPPED,30.0,39,39,39,1.3,720,1280,Video file not present locally (remote archive). Preserved existing canonical frames.
/Users/milinda/ghq/github.com/legion2004/tai-phake-lip-reading/data/digit/s1/d2/d2.mp4,s1,d2,SKIPPED,30.0,40,40,40,1.33,720,1280,Video file not present locally (remote archive). Preserved existing canonical frames.
/Users/milinda/ghq/github.com/legion2004/tai-phake-lip-reading/data/digit/s1/d3/d3.mp4,s1,d3,SKIPPED,30.0,36,36,36,1.2,720,1280,Video file not present locally (remote archive). Preserved existing canonical frames.
/Users/milinda/ghq/github.com/legion2004/tai-phake-lip-reading/data/digit/s1/d4/d4.mp4,s1,d4,SKIPPED,30.0,48,48,48,1.6,720,1280,Video file not present locally (remote archive). Preserved existing canonical frames.
/Users/milinda/ghq/github.com/legion2004/tai-phake-lip-reading/data/digit/s1/d5/d5.mp4,s1,d5,SKIPPED,30.0,55,55,55,1.83,720,1280,Video file not present locally (remote archive). Preserved existing canonical frames.
/Users/milinda/ghq/github.com/legion2004/tai-phake-lip-reading/data/digit/s1/d6/d6.mp4,s1,d6,SKIPPED,30.0,35,35,35,1.17,720,1280,Video file not present locally (remote archive). Preserved existing canonical frames.
/Users/milinda/ghq/github.com/legion2004/tai-phake-lip-reading/data/digit/s1/d7/d7.mp4,s1,d7,SKIPPED,30.0,41,41,41,1.37,720,1280,Video file not present locally (remote archive). Preserved existing canonical frames.
/Users/milinda/ghq/github.com/legion2004/tai-phake-lip-reading/data/digit/s1/d8/d8.mp4,s1,d8,SKIPPED,30.0,42,42,42,1.4,720,1280,Video file not present locally (remote archive). Preserved existing canonical frames.
/Users/milinda/ghq/github.com/legion2004/tai-phake-lip-reading/data/digit/s1/d9/d9.mp4,s1,d9,SKIPPED,30.0,36,36,36,1.2,720,1280,Video file not present locally (remote archive). Preserved existing canonical frames.
/Users/milinda/ghq/github.com/legion2004/tai-phake-lip-reading/data/digit/s1/d10/d10.mp4,s1,d10,SKIPPED,30.0,30,30,30,1.0,720,1280,Video file not present locally (remote archive). Preserved existing canonical frames.
/Users/milinda/ghq/github.com/legion2004/tai-phake-lip-reading/data/digit/s2/d0/d0.mp4,s2,d0,SKIPPED,30.0,23,23,23,0.77,720,1280,Video file not present locally (remote archive). Preserved existing canonical frames.
/Users/milinda/ghq/github.com/legion2004/tai-phake-lip-reading/data/digit/s2/d1/d1.mp4,s2,d1,SKIPPED,30.0,43,43,43,1.43,720,1280,Video file not present locally (remote archive). Preserved existing canonical frames.
/Users/milinda/ghq/github.com/legion2004/tai-phake-lip-reading/data/digit/s2/d2/d2.mp4,s2,d2,SKIPPED,30.0,32,32,32,1.07,720,1280,Video file not present locally (remote archive). Preserved existing canonical frames.
/Users/milinda/ghq/github.com/legion2004/tai-phake-lip-reading/data/digit/s2/d3/d3.mp4,s2,d3,SKIPPED,30.0,28,28,28,0.93,720,1280,Video file not present locally (remote archive). Preserved existing canonical frames.
/Users/milinda/ghq/github.com/legion2004/tai-phake-lip-reading/data/digit/s2/d4/d4.mp4,s2,d4,SKIPPED,30.0,44,44,44,1.47,720,1280,Video file not present locally (remote archive). Preserved existing canonical frames.
/Users/milinda/ghq/github.com/legion2004/tai-phake-lip-reading/data/digit/s2/d5/d5.mp4,s2,d5,SKIPPED,30.0,37,37,37,1.23,720,1280,Video file not present locally (remote archive). Preserved existing canonical frames.
/Users/milinda/ghq/github.com/legion2004/tai-phake-lip-reading/data/digit/s2/d6/d6.mp4,s2,d6,SKIPPED,30.0,40,40,40,1.33,720,1280,Video file not present locally (remote archive). Preserved existing canonical frames.
/Users/milinda/ghq/github.com/legion2004/tai-phake-lip-reading/data/digit/s2/d7/d7.mp4,s2,d7,SKIPPED,30.0,46,46,46,1.53,720,1280,Video file not present locally (remote archive). Preserved existing canonical frames.
/Users/milinda/ghq/github.com/legion2004/tai-phake-lip-reading/data/digit/s2/d8/d8.mp4,s2,d8,SKIPPED,30.0,39,39,39,1.3,720,1280,Video file not present locally (remote archive). Preserved existing canonical frames.
/Users/milinda/ghq/github.com/legion2004/tai-phake-lip-reading/data/digit/s2/d9/d9.mp4,s2,d9,SKIPPED,30.0,32,32,32,1.07,720,1280,Video file not present locally (remote archive). Preserved existing canonical frames.
/Users/milinda/ghq/github.com/legion2004/tai-phake-lip-reading/data/digit/s2/d10/d10.mp4,s2,d10,SKIPPED,30.0,25,25,25,0.83,720,1280,Video file not present locally (remote archive). Preserved existing canonical frames.
/Users/milinda/ghq/github.com/legion2004/tai-phake-lip-reading/data/digit/s3/d0/d0.mp4,s3,d0,SKIPPED,30.0,66,66,66,2.2,720,1080,Video file not present locally (remote archive). Preserved existing canonical frames.
/Users/milinda/ghq/github.com/legion2004/tai-phake-lip-reading/data/digit/s3/d1/d1.mp4,s3,d1,SKIPPED,30.0,31,31,31,1.03,720,1080,Video file not present locally (remote archive). Preserved existing canonical frames.
/Users/milinda/ghq/github.com/legion2004/tai-phake-lip-reading/data/digit/s3/d2/d2.mp4,s3,d2,SKIPPED,30.0,32,32,32,1.07,720,1080,Video file not present locally (remote archive). Preserved existing canonical frames.
/Users/milinda/ghq/github.com/legion2004/tai-phake-lip-reading/data/digit/s3/d3/d3.mp4,s3,d3,SKIPPED,30.0,23,23,23,0.77,720,1080,Video file not present locally (remote archive). Preserved existing canonical frames.
/Users/milinda/ghq/github.com/legion2004/tai-phake-lip-reading/data/digit/s3/d4/d4.mp4,s3,d4,SKIPPED,30.0,37,37,37,1.23,720,1080,Video file not present locally (remote archive). Preserved existing canonical frames.
/Users/milinda/ghq/github.com/legion2004/tai-phake-lip-reading/data/digit/s3/d5/d5.mp4,s3,d5,SKIPPED,30.0,31,31,31,1.03,720,1080,Video file not present locally (remote archive). Preserved existing canonical frames.
/Users/milinda/ghq/github.com/legion2004/tai-phake-lip-reading/data/digit/s3/d6/d6.mp4,s3,d6,SKIPPED,30.0,30,30,30,1.0,720,1280,Video file not present locally (remote archive). Preserved existing canonical frames.
/Users/milinda/ghq/github.com/legion2004/tai-phake-lip-reading/data/digit/s3/d7/d7.mp4,s3,d7,SKIPPED,30.0,36,36,36,1.2,720,1080,Video file not present locally (remote archive). Preserved existing canonical frames.
/Users/milinda/ghq/github.com/legion2004/tai-phake-lip-reading/data/digit/s3/d8/d8.mp4,s3,d8,SKIPPED,30.0,25,25,25,0.83,720,1080,Video file not present locally (remote archive). Preserved existing canonical frames.
/Users/milinda/ghq/github.com/legion2004/tai-phake-lip-reading/data/digit/s3/d9/d9.mp4,s3,d9,SKIPPED,30.0,44,44,44,1.47,720,1080,Video file not present locally (remote archive). Preserved existing canonical frames.
/Users/milinda/ghq/github.com/legion2004/tai-phake-lip-reading/data/digit/s3/d10/d10.mp4,s3,d10,SKIPPED,30.0,22,22,22,0.73,720,1080,Video file not present locally (remote archive). Preserved existing canonical frames.
/Users/milinda/ghq/github.com/legion2004/tai-phake-lip-reading/data/digit/s4/d0/d0.mp4,s4,d0,SKIPPED,30.0,31,31,31,1.03,720,1280,Video file not present locally (remote archive). Preserved existing canonical frames.
/Users/milinda/ghq/github.com/legion2004/tai-phake-lip-reading/data/digit/s4/d1/d1.mp4,s4,d1,SKIPPED,30.0,37,37,37,1.23,720,1280,Video file not present locally (remote archive). Preserved existing canonical frames.
/Users/milinda/ghq/github.com/legion2004/tai-phake-lip-reading/data/digit/s4/d2/d2.mp4,s4,d2,SKIPPED,30.0,38,38,38,1.27,720,1280,Video file not present locally (remote archive). Preserved existing canonical frames.
/Users/milinda/ghq/github.com/legion2004/tai-phake-lip-reading/data/digit/s4/d3/d3.mp4,s4,d3,SKIPPED,30.0,35,35,35,1.17,720,1280,Video file not present locally (remote archive). Preserved existing canonical frames.
/Users/milinda/ghq/github.com/legion2004/tai-phake-lip-reading/data/digit/s4/d4/d4.mp4,s4,d4,SKIPPED,30.0,36,36,36,1.2,720,1280,Video file not present locally (remote archive). Preserved existing canonical frames.
/Users/milinda/ghq/github.com/legion2004/tai-phake-lip-reading/data/digit/s4/d5/d5.mp4,s4,d5,SKIPPED,30.0,41,41,41,1.37,720,1280,Video file not present locally (remote archive). Preserved existing canonical frames.
/Users/milinda/ghq/github.com/legion2004/tai-phake-lip-reading/data/digit/s4/d6/d6.mp4,s4,d6,SKIPPED,30.0,38,38,38,1.27,720,1280,Video file not present locally (remote archive). Preserved existing canonical frames.
/Users/milinda/ghq/github.com/legion2004/tai-phake-lip-reading/data/digit/s4/d7/d7.mp4,s4,d7,SKIPPED,30.0,33,33,33,1.1,720,1280,Video file not present locally (remote archive). Preserved existing canonical frames.
/Users/milinda/ghq/github.com/legion2004/tai-phake-lip-reading/data/digit/s4/d8/d8.mp4,s4,d8,SKIPPED,30.0,38,38,38,1.27,720,1280,Video file not present locally (remote archive). Preserved existing canonical frames.
/Users/milinda/ghq/github.com/legion2004/tai-phake-lip-reading/data/digit/s4/d9/d9.mp4,s4,d9,SKIPPED,30.0,54,54,54,1.8,720,1280,Video file not present locally (remote archive). Preserved existing canonical frames.
/Users/milinda/ghq/github.com/legion2004/tai-phake-lip-reading/data/digit/s4/d10/d10.mp4,s4,d10,SKIPPED,30.0,56,56,56,1.87,720,1280,Video file not present locally (remote archive). Preserved existing canonical frames.
/Users/milinda/ghq/github.com/legion2004/tai-phake-lip-reading/data/digit/s5/d0/d0.mp4,s5,d0,SKIPPED,30.0,22,22,22,0.73,720,1280,Video file not present locally (remote archive). Preserved existing canonical frames.
/Users/milinda/ghq/github.com/legion2004/tai-phake-lip-reading/data/digit/s5/d1/d1.mp4,s5,d1,SKIPPED,30.0,40,40,40,1.33,720,1280,Video file not present locally (remote archive). Preserved existing canonical frames.
/Users/milinda/ghq/github.com/legion2004/tai-phake-lip-reading/data/digit/s5/d2/d2.mp4,s5,d2,SKIPPED,30.0,31,31,31,1.03,720,1280,Video file not present locally (remote archive). Preserved existing canonical frames.
/Users/milinda/ghq/github.com/legion2004/tai-phake-lip-reading/data/digit/s5/d3/d3.mp4,s5,d3,SKIPPED,30.0,24,24,24,0.8,720,1280,Video file not present locally (remote archive). Preserved existing canonical frames.
/Users/milinda/ghq/github.com/legion2004/tai-phake-lip-reading/data/digit/s5/d4/d4.mp4,s5,d4,SKIPPED,30.0,47,47,47,1.57,720,1280,Video file not present locally (remote archive). Preserved existing canonical frames.
/Users/milinda/ghq/github.com/legion2004/tai-phake-lip-reading/data/digit/s5/d5/d5.mp4,s5,d5,SKIPPED,30.0,38,38,38,1.27,720,1280,Video file not present locally (remote archive). Preserved existing canonical frames.
/Users/milinda/ghq/github.com/legion2004/tai-phake-lip-reading/data/digit/s5/d6/d6.mp4,s5,d6,SKIPPED,30.0,36,36,36,1.2,720,1280,Video file not present locally (remote archive). Preserved existing canonical frames.
/Users/milinda/ghq/github.com/legion2004/tai-phake-lip-reading/data/digit/s5/d7/d7.mp4,s5,d7,SKIPPED,30.0,36,36,36,1.2,720,1280,Video file not present locally (remote archive). Preserved existing canonical frames.
/Users/milinda/ghq/github.com/legion2004/tai-phake-lip-reading/data/digit/s5/d8/d8.mp4,s5,d8,SKIPPED,30.0,31,31,31,1.03,720,1280,Video file not present locally (remote archive). Preserved existing canonical frames.
/Users/milinda/ghq/github.com/legion2004/tai-phake-lip-reading/data/digit/s5/d9/d9.mp4,s5,d9,SKIPPED,30.0,33,33,33,1.1,720,1280,Video file not present locally (remote archive). Preserved existing canonical frames.
/Users/milinda/ghq/github.com/legion2004/tai-phake-lip-reading/data/digit/s5/d10/d10.mp4,s5,d10,SKIPPED,30.0,28,28,28,0.93,720,1280,Video file not present locally (remote archive). Preserved existing canonical frames.
/Users/milinda/ghq/github.com/legion2004/tai-phake-lip-reading/data/digit/s6/d0/d0.mp4,s6,d0,SKIPPED,30.0,39,39,39,1.3,720,1280,Video file not present locally (remote archive). Preserved existing canonical frames.
/Users/milinda/ghq/github.com/legion2004/tai-phake-lip-reading/data/digit/s6/d1/d1.mp4,s6,d1,SKIPPED,30.0,37,37,37,1.23,720,1280,Video file not present locally (remote archive). Preserved existing canonical frames.
/Users/milinda/ghq/github.com/legion2004/tai-phake-lip-reading/data/digit/s6/d2/d2.mp4,s6,d2,SKIPPED,30.0,42,42,42,1.4,720,1280,Video file not present locally (remote archive). Preserved existing canonical frames.
/Users/milinda/ghq/github.com/legion2004/tai-phake-lip-reading/data/digit/s6/d3/d3.mp4,s6,d3,SKIPPED,30.0,40,40,40,1.33,720,1280,Video file not present locally (remote archive). Preserved existing canonical frames.
/Users/milinda/ghq/github.com/legion2004/tai-phake-lip-reading/data/digit/s6/d4/d4.mp4,s6,d4,SKIPPED,30.0,42,42,42,1.4,720,1280,Video file not present locally (remote archive). Preserved existing canonical frames.
/Users/milinda/ghq/github.com/legion2004/tai-phake-lip-reading/data/digit/s6/d5/d5.mp4,s6,d5,SKIPPED,30.0,42,42,42,1.4,1280,720,Video file not present locally (remote archive). Preserved existing canonical frames.
/Users/milinda/ghq/github.com/legion2004/tai-phake-lip-reading/data/digit/s6/d6/d6.mp4,s6,d6,SKIPPED,30.0,47,47,47,1.57,720,1280,Video file not present locally (remote archive). Preserved existing canonical frames.
/Users/milinda/ghq/github.com/legion2004/tai-phake-lip-reading/data/digit/s6/d7/d7.mp4,s6,d7,SKIPPED,30.0,39,39,39,1.3,720,1280,Video file not present locally (remote archive). Preserved existing canonical frames.
/Users/milinda/ghq/github.com/legion2004/tai-phake-lip-reading/data/digit/s6/d8/d8.mp4,s6,d8,SKIPPED,30.0,41,41,41,1.37,720,1280,Video file not present locally (remote archive). Preserved existing canonical frames.
/Users/milinda/ghq/github.com/legion2004/tai-phake-lip-reading/data/digit/s6/d9/d9.mp4,s6,d9,SKIPPED,30.0,42,42,42,1.4,720,1280,Video file not present locally (remote archive). Preserved existing canonical frames.
/Users/milinda/ghq/github.com/legion2004/tai-phake-lip-reading/data/digit/s6/d10/d10.mp4,s6,d10,SKIPPED,30.0,42,42,42,1.4,720,1280,Video file not present locally (remote archive). Preserved existing canonical frames.
/Users/milinda/ghq/github.com/legion2004/tai-phake-lip-reading/data/digit/s7/d0/d0.mp4,s7,d0,SKIPPED,30.0,31,31,31,1.03,720,1280,Video file not present locally (remote archive). Preserved existing canonical frames.
/Users/milinda/ghq/github.com/legion2004/tai-phake-lip-reading/data/digit/s7/d1/d1.mp4,s7,d1,SKIPPED,30.0,39,39,39,1.3,720,1280,Video file not present locally (remote archive). Preserved existing canonical frames.
/Users/milinda/ghq/github.com/legion2004/tai-phake-lip-reading/data/digit/s7/d2/d2.mp4,s7,d2,SKIPPED,30.0,42,42,42,1.4,720,1280,Video file not present locally (remote archive). Preserved existing canonical frames.
/Users/milinda/ghq/github.com/legion2004/tai-phake-lip-reading/data/digit/s7/d3/d3.mp4,s7,d3,SKIPPED,30.0,30,30,30,1.0,720,1280,Video file not present locally (remote archive). Preserved existing canonical frames.
/Users/milinda/ghq/github.com/legion2004/tai-phake-lip-reading/data/digit/s7/d4/d4.mp4,s7,d4,SKIPPED,30.0,41,41,41,1.37,720,1280,Video file not present locally (remote archive). Preserved existing canonical frames.
/Users/milinda/ghq/github.com/legion2004/tai-phake-lip-reading/data/digit/s7/d5/d5.mp4,s7,d5,SKIPPED,30.0,28,28,28,0.93,720,1280,Video file not present locally (remote archive). Preserved existing canonical frames.
/Users/milinda/ghq/github.com/legion2004/tai-phake-lip-reading/data/digit/s7/d6/d6.mp4,s7,d6,SKIPPED,30.0,32,32,32,1.07,720,1280,Video file not present locally (remote archive). Preserved existing canonical frames.
/Users/milinda/ghq/github.com/legion2004/tai-phake-lip-reading/data/digit/s7/d7/d7.mp4,s7,d7,SKIPPED,30.0,43,43,43,1.43,720,1280,Video file not present locally (remote archive). Preserved existing canonical frames.
/Users/milinda/ghq/github.com/legion2004/tai-phake-lip-reading/data/digit/s7/d8/d8.mp4,s7,d8,SKIPPED,30.0,26,26,26,0.87,720,1280,Video file not present locally (remote archive). Preserved existing canonical frames.
/Users/milinda/ghq/github.com/legion2004/tai-phake-lip-reading/data/digit/s7/d9/d9.mp4,s7,d9,SKIPPED,30.0,30,30,30,1.0,720,1280,Video file not present locally (remote archive). Preserved existing canonical frames.
/Users/milinda/ghq/github.com/legion2004/tai-phake-lip-reading/data/digit/s7/d10/d10.mp4,s7,d10,SKIPPED,30.0,52,52,52,1.73,720,1280,Video file not present locally (remote archive). Preserved existing canonical frames.
/Users/milinda/ghq/github.com/legion2004/tai-phake-lip-reading/data/digit/s8/d0/d0.mp4,s8,d0,SKIPPED,30.0,36,36,36,1.2,1280,720,Video file not present locally (remote archive). Preserved existing canonical frames.
/Users/milinda/ghq/github.com/legion2004/tai-phake-lip-reading/data/digit/s8/d1/d1.mp4,s8,d1,SKIPPED,30.0,32,32,32,1.07,1280,720,Video file not present locally (remote archive). Preserved existing canonical frames.
/Users/milinda/ghq/github.com/legion2004/tai-phake-lip-reading/data/digit/s8/d2/d2.mp4,s8,d2,SKIPPED,30.0,37,37,37,1.23,1280,720,Video file not present locally (remote archive). Preserved existing canonical frames.
/Users/milinda/ghq/github.com/legion2004/tai-phake-lip-reading/data/digit/s8/d3/d3.mp4,s8,d3,SKIPPED,30.0,50,50,50,1.67,1280,720,Video file not present locally (remote archive). Preserved existing canonical frames.
/Users/milinda/ghq/github.com/legion2004/tai-phake-lip-reading/data/digit/s8/d4/d4.mp4,s8,d4,SKIPPED,30.0,34,34,34,1.13,1280,720,Video file not present locally (remote archive). Preserved existing canonical frames.
/Users/milinda/ghq/github.com/legion2004/tai-phake-lip-reading/data/digit/s8/d5/d5.mp4,s8,d5,SKIPPED,30.0,41,41,41,1.37,1280,720,Video file not present locally (remote archive). Preserved existing canonical frames.
/Users/milinda/ghq/github.com/legion2004/tai-phake-lip-reading/data/digit/s8/d6/d6.mp4,s8,d6,SKIPPED,30.0,56,56,56,1.87,1280,720,Video file not present locally (remote archive). Preserved existing canonical frames.
/Users/milinda/ghq/github.com/legion2004/tai-phake-lip-reading/data/digit/s8/d7/d7.mp4,s8,d7,SKIPPED,30.0,38,38,38,1.27,1280,720,Video file not present locally (remote archive). Preserved existing canonical frames.
/Users/milinda/ghq/github.com/legion2004/tai-phake-lip-reading/data/digit/s8/d8/d8.mp4,s8,d8,SKIPPED,30.0,32,32,32,1.07,1280,720,Video file not present locally (remote archive). Preserved existing canonical frames.
/Users/milinda/ghq/github.com/legion2004/tai-phake-lip-reading/data/digit/s8/d9/d9.mp4,s8,d9,SKIPPED,30.0,28,28,28,0.93,1280,720,Video file not present locally (remote archive). Preserved existing canonical frames.
/Users/milinda/ghq/github.com/legion2004/tai-phake-lip-reading/data/digit/s8/d10/d10.mp4,s8,d10,SKIPPED,30.0,31,31,31,1.03,1280,720,Video file not present locally (remote archive). Preserved existing canonical frames.
/Users/milinda/ghq/github.com/legion2004/tai-phake-lip-reading/data/digit/s9/d0/d0.mp4,s9,d0,SKIPPED,30.0,44,44,44,1.47,1280,720,Video file not present locally (remote archive). Preserved existing canonical frames.
/Users/milinda/ghq/github.com/legion2004/tai-phake-lip-reading/data/digit/s9/d1/d1.mp4,s9,d1,SKIPPED,30.0,59,59,59,1.97,1280,720,Video file not present locally (remote archive). Preserved existing canonical frames.
/Users/milinda/ghq/github.com/legion2004/tai-phake-lip-reading/data/digit/s9/d2/d2.mp4,s9,d2,SKIPPED,30.0,51,51,51,1.7,1280,720,Video file not present locally (remote archive). Preserved existing canonical frames.
/Users/milinda/ghq/github.com/legion2004/tai-phake-lip-reading/data/digit/s9/d3/d3.mp4,s9,d3,SKIPPED,30.0,52,52,52,1.73,1280,720,Video file not present locally (remote archive). Preserved existing canonical frames.
/Users/milinda/ghq/github.com/legion2004/tai-phake-lip-reading/data/digit/s9/d4/d4.mp4,s9,d4,SKIPPED,30.0,44,44,44,1.47,1280,720,Video file not present locally (remote archive). Preserved existing canonical frames.
/Users/milinda/ghq/github.com/legion2004/tai-phake-lip-reading/data/digit/s9/d5/d5.mp4,s9,d5,SKIPPED,30.0,52,52,52,1.73,1280,720,Video file not present locally (remote archive). Preserved existing canonical frames.
/Users/milinda/ghq/github.com/legion2004/tai-phake-lip-reading/data/digit/s9/d6/d6.mp4,s9,d6,SKIPPED,30.0,61,61,61,2.03,1280,720,Video file not present locally (remote archive). Preserved existing canonical frames.
/Users/milinda/ghq/github.com/legion2004/tai-phake-lip-reading/data/digit/s9/d7/d7.mp4,s9,d7,SKIPPED,30.0,64,64,64,2.13,1280,720,Video file not present locally (remote archive). Preserved existing canonical frames.
/Users/milinda/ghq/github.com/legion2004/tai-phake-lip-reading/data/digit/s9/d8/d8.mp4,s9,d8,SKIPPED,30.0,53,53,53,1.77,1280,720,Video file not present locally (remote archive). Preserved existing canonical frames.
/Users/milinda/ghq/github.com/legion2004/tai-phake-lip-reading/data/digit/s9/d9/d9.mp4,s9,d9,SKIPPED,30.0,66,66,66,2.2,1280,720,Video file not present locally (remote archive). Preserved existing canonical frames.
/Users/milinda/ghq/github.com/legion2004/tai-phake-lip-reading/data/digit/s9/d10/d10.mp4,s9,d10,SKIPPED,30.0,51,51,51,1.7,1280,720,Video file not present locally (remote archive). Preserved existing canonical frames.
/Users/milinda/ghq/github.com/legion2004/tai-phake-lip-reading/data/digit/s10/d0/d0.mp4,s10,d0,SKIPPED,30.0,48,48,48,1.6,1280,720,Video file not present locally (remote archive). Preserved existing canonical frames.
/Users/milinda/ghq/github.com/legion2004/tai-phake-lip-reading/data/digit/s10/d1/d1.mp4,s10,d1,SKIPPED,30.0,60,60,60,2.0,1280,720,Video file not present locally (remote archive). Preserved existing canonical frames.
/Users/milinda/ghq/github.com/legion2004/tai-phake-lip-reading/data/digit/s10/d2/d2.mp4,s10,d2,SKIPPED,30.0,68,68,68,2.27,1280,720,Video file not present locally (remote archive). Preserved existing canonical frames.
/Users/milinda/ghq/github.com/legion2004/tai-phake-lip-reading/data/digit/s10/d3/d3.mp4,s10,d3,SKIPPED,30.0,54,54,54,1.8,1280,720,Video file not present locally (remote archive). Preserved existing canonical frames.
/Users/milinda/ghq/github.com/legion2004/tai-phake-lip-reading/data/digit/s10/d4/d4.mp4,s10,d4,SKIPPED,30.0,51,51,51,1.7,1280,720,Video file not present locally (remote archive). Preserved existing canonical frames.
/Users/milinda/ghq/github.com/legion2004/tai-phake-lip-reading/data/digit/s10/d5/d5.mp4,s10,d5,SKIPPED,30.0,47,47,47,1.57,1280,720,Video file not present locally (remote archive). Preserved existing canonical frames.
/Users/milinda/ghq/github.com/legion2004/tai-phake-lip-reading/data/digit/s10/d6/d6.mp4,s10,d6,SKIPPED,30.0,44,44,44,1.47,720,1280,Video file not present locally (remote archive). Preserved existing canonical frames.
/Users/milinda/ghq/github.com/legion2004/tai-phake-lip-reading/data/digit/s10/d7/d7.mp4,s10,d7,SKIPPED,30.0,41,41,41,1.37,1280,720,Video file not present locally (remote archive). Preserved existing canonical frames.
/Users/milinda/ghq/github.com/legion2004/tai-phake-lip-reading/data/digit/s10/d8/d8.mp4,s10,d8,SKIPPED,30.0,45,45,45,1.5,1280,720,Video file not present locally (remote archive). Preserved existing canonical frames.
/Users/milinda/ghq/github.com/legion2004/tai-phake-lip-reading/data/digit/s10/d9/d9.mp4,s10,d9,SKIPPED,30.0,46,46,46,1.53,1280,720,Video file not present locally (remote archive). Preserved existing canonical frames.
/Users/milinda/ghq/github.com/legion2004/tai-phake-lip-reading/data/digit/s10/d10/d10.mp4,s10,d10,SKIPPED,30.0,50,50,50,1.67,1280,720,Video file not present locally (remote archive). Preserved existing canonical frames.
/Users/milinda/ghq/github.com/legion2004/tai-phake-lip-reading/data/digit/s11/d0/d0.mp4,s11,d0,SKIPPED,30.0,45,45,45,1.5,1280,720,Video file not present locally (remote archive). Preserved existing canonical frames.
/Users/milinda/ghq/github.com/legion2004/tai-phake-lip-reading/data/digit/s11/d1/d1.mp4,s11,d1,SKIPPED,30.0,34,34,34,1.13,1280,720,Video file not present locally (remote archive). Preserved existing canonical frames.
/Users/milinda/ghq/github.com/legion2004/tai-phake-lip-reading/data/digit/s11/d2/d2.mp4,s11,d2,SKIPPED,30.0,51,51,51,1.7,1280,720,Video file not present locally (remote archive). Preserved existing canonical frames.
/Users/milinda/ghq/github.com/legion2004/tai-phake-lip-reading/data/digit/s11/d3/d3.mp4,s11,d3,SKIPPED,30.0,43,43,43,1.43,1280,720,Video file not present locally (remote archive). Preserved existing canonical frames.
/Users/milinda/ghq/github.com/legion2004/tai-phake-lip-reading/data/digit/s11/d4/d4.mp4,s11,d4,SKIPPED,30.0,40,40,40,1.33,1280,720,Video file not present locally (remote archive). Preserved existing canonical frames.
/Users/milinda/ghq/github.com/legion2004/tai-phake-lip-reading/data/digit/s11/d5/d5.mp4,s11,d5,SKIPPED,30.0,77,77,77,2.57,1280,720,Video file not present locally (remote archive). Preserved existing canonical frames.
/Users/milinda/ghq/github.com/legion2004/tai-phake-lip-reading/data/digit/s11/d6/d6.mp4,s11,d6,SKIPPED,30.0,42,42,42,1.4,1280,720,Video file not present locally (remote archive). Preserved existing canonical frames.
/Users/milinda/ghq/github.com/legion2004/tai-phake-lip-reading/data/digit/s11/d7/d7.mp4,s11,d7,SKIPPED,30.0,37,37,37,1.23,1280,720,Video file not present locally (remote archive). Preserved existing canonical frames.
/Users/milinda/ghq/github.com/legion2004/tai-phake-lip-reading/data/digit/s11/d8/d8.mp4,s11,d8,SKIPPED,30.0,42,42,42,1.4,1280,720,Video file not present locally (remote archive). Preserved existing canonical frames.
/Users/milinda/ghq/github.com/legion2004/tai-phake-lip-reading/data/digit/s11/d9/d9.mp4,s11,d9,SKIPPED,30.0,52,52,52,1.73,1280,720,Video file not present locally (remote archive). Preserved existing canonical frames.
/Users/milinda/ghq/github.com/legion2004/tai-phake-lip-reading/data/digit/s11/d10/d10.mp4,s11,d10,SKIPPED,30.0,54,54,54,1.8,1280,720,Video file not present locally (remote archive). Preserved existing canonical frames.
/Users/milinda/ghq/github.com/legion2004/tai-phake-lip-reading/data/digit/s12/d0/d0.mp4,s12,d0,SKIPPED,30.0,28,28,28,0.93,1280,720,Video file not present locally (remote archive). Preserved existing canonical frames.
/Users/milinda/ghq/github.com/legion2004/tai-phake-lip-reading/data/digit/s12/d1/d1.mp4,s12,d1,SKIPPED,30.0,30,30,30,1.0,1280,720,Video file not present locally (remote archive). Preserved existing canonical frames.
/Users/milinda/ghq/github.com/legion2004/tai-phake-lip-reading/data/digit/s12/d2/d2.mp4,s12,d2,SKIPPED,30.0,38,38,38,1.27,1280,720,Video file not present locally (remote archive). Preserved existing canonical frames.
/Users/milinda/ghq/github.com/legion2004/tai-phake-lip-reading/data/digit/s12/d3/d3.mp4,s12,d3,SKIPPED,30.0,41,41,41,1.37,1280,720,Video file not present locally (remote archive). Preserved existing canonical frames.
/Users/milinda/ghq/github.com/legion2004/tai-phake-lip-reading/data/digit/s12/d4/d4.mp4,s12,d4,SKIPPED,30.0,50,50,50,1.67,1280,720,Video file not present locally (remote archive). Preserved existing canonical frames.
/Users/milinda/ghq/github.com/legion2004/tai-phake-lip-reading/data/digit/s12/d5/d5.mp4,s12,d5,SKIPPED,30.0,55,55,55,1.83,1280,720,Video file not present locally (remote archive). Preserved existing canonical frames.
/Users/milinda/ghq/github.com/legion2004/tai-phake-lip-reading/data/digit/s12/d6/d6.mp4,s12,d6,SKIPPED,30.0,44,44,44,1.47,1280,720,Video file not present locally (remote archive). Preserved existing canonical frames.
/Users/milinda/ghq/github.com/legion2004/tai-phake-lip-reading/data/digit/s12/d7/d7.mp4,s12,d7,SKIPPED,30.0,49,49,49,1.63,1280,720,Video file not present locally (remote archive). Preserved existing canonical frames.
/Users/milinda/ghq/github.com/legion2004/tai-phake-lip-reading/data/digit/s12/d8/d8.mp4,s12,d8,SKIPPED,30.0,30,30,30,1.0,1280,720,Video file not present locally (remote archive). Preserved existing canonical frames.
/Users/milinda/ghq/github.com/legion2004/tai-phake-lip-reading/data/digit/s12/d9/d9.mp4,s12,d9,SKIPPED,30.0,32,32,32,1.07,1280,720,Video file not present locally (remote archive). Preserved existing canonical frames.
/Users/milinda/ghq/github.com/legion2004/tai-phake-lip-reading/data/digit/s12/d10/d10.mp4,s12,d10,SKIPPED,30.0,36,36,36,1.2,1280,720,Video file not present locally (remote archive). Preserved existing canonical frames.
/Users/milinda/ghq/github.com/legion2004/tai-phake-lip-reading/data/digit/s13/d0/d0.mp4,s13,d0,SKIPPED,30.0,33,33,33,1.1,1280,720,Video file not present locally (remote archive). Preserved existing canonical frames.
/Users/milinda/ghq/github.com/legion2004/tai-phake-lip-reading/data/digit/s13/d1/d1.mp4,s13,d1,SKIPPED,30.0,44,44,44,1.47,1280,720,Video file not present locally (remote archive). Preserved existing canonical frames.
/Users/milinda/ghq/github.com/legion2004/tai-phake-lip-reading/data/digit/s13/d2/d2.mp4,s13,d2,SKIPPED,30.0,44,44,44,1.47,1280,720,Video file not present locally (remote archive). Preserved existing canonical frames.
/Users/milinda/ghq/github.com/legion2004/tai-phake-lip-reading/data/digit/s13/d3/d3.mp4,s13,d3,SKIPPED,30.0,49,49,49,1.63,1280,720,Video file not present locally (remote archive). Preserved existing canonical frames.
/Users/milinda/ghq/github.com/legion2004/tai-phake-lip-reading/data/digit/s13/d4/d4.mp4,s13,d4,SKIPPED,30.0,47,47,47,1.57,1280,720,Video file not present locally (remote archive). Preserved existing canonical frames.
/Users/milinda/ghq/github.com/legion2004/tai-phake-lip-reading/data/digit/s13/d5/d5.mp4,s13,d5,SKIPPED,30.0,45,45,45,1.5,1280,720,Video file not present locally (remote archive). Preserved existing canonical frames.
/Users/milinda/ghq/github.com/legion2004/tai-phake-lip-reading/data/digit/s13/d6/d6.mp4,s13,d6,SKIPPED,30.0,56,56,56,1.87,1280,720,Video file not present locally (remote archive). Preserved existing canonical frames.
/Users/milinda/ghq/github.com/legion2004/tai-phake-lip-reading/data/digit/s13/d7/d7.mp4,s13,d7,SKIPPED,30.0,46,46,46,1.53,1280,720,Video file not present locally (remote archive). Preserved existing canonical frames.
/Users/milinda/ghq/github.com/legion2004/tai-phake-lip-reading/data/digit/s13/d8/d8.mp4,s13,d8,SKIPPED,30.0,56,56,56,1.87,1280,720,Video file not present locally (remote archive). Preserved existing canonical frames.
/Users/milinda/ghq/github.com/legion2004/tai-phake-lip-reading/data/digit/s13/d9/d9.mp4,s13,d9,SKIPPED,30.0,45,45,45,1.5,1280,720,Video file not present locally (remote archive). Preserved existing canonical frames.
/Users/milinda/ghq/github.com/legion2004/tai-phake-lip-reading/data/digit/s13/d10/d10.mp4,s13,d10,SKIPPED,30.0,60,60,60,2.0,1280,720,Video file not present locally (remote archive). Preserved existing canonical frames.
/Users/milinda/ghq/github.com/legion2004/tai-phake-lip-reading/data/digit/s14/d0/d0.mp4,s14,d0,DRY_RUN,30.0,32,32,0,1.07,720,1280,
/Users/milinda/ghq/github.com/legion2004/tai-phake-lip-reading/data/digit/s14/d1/d1.mp4,s14,d1,DRY_RUN,30.0,30,30,0,1.0,720,1280,
/Users/milinda/ghq/github.com/legion2004/tai-phake-lip-reading/data/digit/s14/d2/d2.mp4,s14,d2,DRY_RUN,30.0187617260788,32,32,0,1.07,720,1280,
/Users/milinda/ghq/github.com/legion2004/tai-phake-lip-reading/data/digit/s14/d3/d3.mp4,s14,d3,DRY_RUN,30.0,45,45,0,1.5,720,1280,
/Users/milinda/ghq/github.com/legion2004/tai-phake-lip-reading/data/digit/s14/d4/d4.mp4,s14,d4,DRY_RUN,30.0,50,50,0,1.67,720,1280,
/Users/milinda/ghq/github.com/legion2004/tai-phake-lip-reading/data/digit/s14/d5/d5.mp4,s14,d5,DRY_RUN,30.0,40,40,0,1.33,720,1280,
/Users/milinda/ghq/github.com/legion2004/tai-phake-lip-reading/data/digit/s14/d6/d6.mp4,s14,d6,DRY_RUN,28.97345952743398,57,57,0,1.97,720,1280,
/Users/milinda/ghq/github.com/legion2004/tai-phake-lip-reading/data/digit/s14/d7/d7.mp4,s14,d7,DRY_RUN,30.0,42,42,0,1.4,720,1280,
/Users/milinda/ghq/github.com/legion2004/tai-phake-lip-reading/data/digit/s14/d8/d8.mp4,s14,d8,DRY_RUN,30.0,40,40,0,1.33,720,1280,
/Users/milinda/ghq/github.com/legion2004/tai-phake-lip-reading/data/digit/s14/d9/d9.mp4,s14,d9,DRY_RUN,30.0,68,68,0,2.27,720,1280,
/Users/milinda/ghq/github.com/legion2004/tai-phake-lip-reading/data/digit/s14/d10/d10.mp4,s14,d10,DRY_RUN,30.0,56,56,0,1.87,720,1280,
/Users/milinda/ghq/github.com/legion2004/tai-phake-lip-reading/data/digit/s15/d0/d0.mp4,s15,d0,SKIPPED,30.0,59,59,59,1.97,720,1280,Video file not present locally (remote archive). Preserved existing canonical frames.
/Users/milinda/ghq/github.com/legion2004/tai-phake-lip-reading/data/digit/s15/d1/d1.mp4,s15,d1,SKIPPED,30.0,92,92,92,3.07,720,1280,Video file not present locally (remote archive). Preserved existing canonical frames.
/Users/milinda/ghq/github.com/legion2004/tai-phake-lip-reading/data/digit/s15/d2/d2.mp4,s15,d2,SKIPPED,30.0,53,53,53,1.77,720,1280,Video file not present locally (remote archive). Preserved existing canonical frames.
/Users/milinda/ghq/github.com/legion2004/tai-phake-lip-reading/data/digit/s15/d3/d3.mp4,s15,d3,SKIPPED,30.0,38,38,38,1.27,720,1280,Video file not present locally (remote archive). Preserved existing canonical frames.
/Users/milinda/ghq/github.com/legion2004/tai-phake-lip-reading/data/digit/s15/d4/d4.mp4,s15,d4,SKIPPED,30.0,56,56,56,1.87,720,1280,Video file not present locally (remote archive). Preserved existing canonical frames.
/Users/milinda/ghq/github.com/legion2004/tai-phake-lip-reading/data/digit/s15/d5/d5.mp4,s15,d5,SKIPPED,30.0,53,53,53,1.77,720,1280,Video file not present locally (remote archive). Preserved existing canonical frames.
/Users/milinda/ghq/github.com/legion2004/tai-phake-lip-reading/data/digit/s15/d6/d6.mp4,s15,d6,SKIPPED,30.0,85,85,85,2.83,720,1280,Video file not present locally (remote archive). Preserved existing canonical frames.
/Users/milinda/ghq/github.com/legion2004/tai-phake-lip-reading/data/digit/s15/d7/d7.mp4,s15,d7,SKIPPED,30.0,55,55,55,1.83,720,1280,Video file not present locally (remote archive). Preserved existing canonical frames.
/Users/milinda/ghq/github.com/legion2004/tai-phake-lip-reading/data/digit/s15/d8/d8.mp4,s15,d8,SKIPPED,30.0,55,55,55,1.83,720,1280,Video file not present locally (remote archive). Preserved existing canonical frames.
/Users/milinda/ghq/github.com/legion2004/tai-phake-lip-reading/data/digit/s15/d9/d9.mp4,s15,d9,SKIPPED,30.0,53,53,53,1.77,720,1280,Video file not present locally (remote archive). Preserved existing canonical frames.
/Users/milinda/ghq/github.com/legion2004/tai-phake-lip-reading/data/digit/s15/d10/d10.mp4,s15,d10,SKIPPED,30.0,43,43,43,1.43,720,1280,Video file not present locally (remote archive). Preserved existing canonical frames.
/Users/milinda/ghq/github.com/legion2004/tai-phake-lip-reading/data/digit/s16/d0/d0.mp4,s16,d0,SKIPPED,30.0,51,51,51,1.7,720,1280,Video file not present locally (remote archive). Preserved existing canonical frames.
/Users/milinda/ghq/github.com/legion2004/tai-phake-lip-reading/data/digit/s16/d1/d1.mp4,s16,d1,SKIPPED,30.0,59,59,59,1.97,720,1280,Video file not present locally (remote archive). Preserved existing canonical frames.
/Users/milinda/ghq/github.com/legion2004/tai-phake-lip-reading/data/digit/s16/d2/d2.mp4,s16,d2,SKIPPED,30.0,47,47,47,1.57,720,1280,Video file not present locally (remote archive). Preserved existing canonical frames.
/Users/milinda/ghq/github.com/legion2004/tai-phake-lip-reading/data/digit/s16/d3/d3.mp4,s16,d3,SKIPPED,30.0,45,45,45,1.5,720,1280,Video file not present locally (remote archive). Preserved existing canonical frames.
/Users/milinda/ghq/github.com/legion2004/tai-phake-lip-reading/data/digit/s16/d4/d4.mp4,s16,d4,SKIPPED,30.0,51,51,51,1.7,720,1280,Video file not present locally (remote archive). Preserved existing canonical frames.
/Users/milinda/ghq/github.com/legion2004/tai-phake-lip-reading/data/digit/s16/d5/d5.mp4,s16,d5,SKIPPED,30.0,51,51,51,1.7,720,1280,Video file not present locally (remote archive). Preserved existing canonical frames.
/Users/milinda/ghq/github.com/legion2004/tai-phake-lip-reading/data/digit/s16/d6/d6.mp4,s16,d6,SKIPPED,30.0,40,40,40,1.33,720,1280,Video file not present locally (remote archive). Preserved existing canonical frames.
/Users/milinda/ghq/github.com/legion2004/tai-phake-lip-reading/data/digit/s16/d7/d7.mp4,s16,d7,SKIPPED,30.0,59,59,59,1.97,720,1280,Video file not present locally (remote archive). Preserved existing canonical frames.
/Users/milinda/ghq/github.com/legion2004/tai-phake-lip-reading/data/digit/s16/d8/d8.mp4,s16,d8,SKIPPED,30.0,51,51,51,1.7,720,1280,Video file not present locally (remote archive). Preserved existing canonical frames.
/Users/milinda/ghq/github.com/legion2004/tai-phake-lip-reading/data/digit/s16/d9/d9.mp4,s16,d9,SKIPPED,30.0,46,46,46,1.53,720,1280,Video file not present locally (remote archive). Preserved existing canonical frames.
/Users/milinda/ghq/github.com/legion2004/tai-phake-lip-reading/data/digit/s16/d10/d10.mp4,s16,d10,SKIPPED,30.0,52,52,52,1.73,720,1280,Video file not present locally (remote archive). Preserved existing canonical frames.
/Users/milinda/ghq/github.com/legion2004/tai-phake-lip-reading/data/digit/s17/d0/d0.mp4,s17,d0,SKIPPED,30.0,32,32,32,1.07,720,1280,Video file not present locally (remote archive). Preserved existing canonical frames.
/Users/milinda/ghq/github.com/legion2004/tai-phake-lip-reading/data/digit/s17/d1/d1.mp4,s17,d1,SKIPPED,30.0,38,38,38,1.27,720,1280,Video file not present locally (remote archive). Preserved existing canonical frames.
/Users/milinda/ghq/github.com/legion2004/tai-phake-lip-reading/data/digit/s17/d2/d2.mp4,s17,d2,SKIPPED,30.0,53,53,53,1.77,720,1280,Video file not present locally (remote archive). Preserved existing canonical frames.
/Users/milinda/ghq/github.com/legion2004/tai-phake-lip-reading/data/digit/s17/d3/d3.mp4,s17,d3,SKIPPED,30.0,37,37,37,1.23,720,1280,Video file not present locally (remote archive). Preserved existing canonical frames.
/Users/milinda/ghq/github.com/legion2004/tai-phake-lip-reading/data/digit/s17/d4/d4.mp4,s17,d4,SKIPPED,30.0,41,41,41,1.37,720,1280,Video file not present locally (remote archive). Preserved existing canonical frames.
/Users/milinda/ghq/github.com/legion2004/tai-phake-lip-reading/data/digit/s17/d5/d5.mp4,s17,d5,SKIPPED,30.0,25,25,25,0.83,720,1280,Video file not present locally (remote archive). Preserved existing canonical frames.
/Users/milinda/ghq/github.com/legion2004/tai-phake-lip-reading/data/digit/s17/d6/d6.mp4,s17,d6,SKIPPED,30.0,37,37,37,1.23,720,1280,Video file not present locally (remote archive). Preserved existing canonical frames.
/Users/milinda/ghq/github.com/legion2004/tai-phake-lip-reading/data/digit/s17/d7/d7.mp4,s17,d7,SKIPPED,30.0,35,35,35,1.17,720,1280,Video file not present locally (remote archive). Preserved existing canonical frames.
/Users/milinda/ghq/github.com/legion2004/tai-phake-lip-reading/data/digit/s17/d8/d8.mp4,s17,d8,SKIPPED,30.0,38,38,38,1.27,720,1280,Video file not present locally (remote archive). Preserved existing canonical frames.
/Users/milinda/ghq/github.com/legion2004/tai-phake-lip-reading/data/digit/s17/d9/d9.mp4,s17,d9,SKIPPED,30.0,36,36,36,1.2,720,1280,Video file not present locally (remote archive). Preserved existing canonical frames.
/Users/milinda/ghq/github.com/legion2004/tai-phake-lip-reading/data/digit/s17/d10/d10.mp4,s17,d10,SKIPPED,30.0,31,31,31,1.03,720,1280,Video file not present locally (remote archive). Preserved existing canonical frames.
/Users/milinda/ghq/github.com/legion2004/tai-phake-lip-reading/data/digit/s18/d0/d0.mp4,s18,d0,SKIPPED,30.0,29,29,29,0.97,720,1280,Video file not present locally (remote archive). Preserved existing canonical frames.
/Users/milinda/ghq/github.com/legion2004/tai-phake-lip-reading/data/digit/s18/d1/d1.mp4,s18,d1,SKIPPED,30.0,41,41,41,1.37,720,1280,Video file not present locally (remote archive). Preserved existing canonical frames.
/Users/milinda/ghq/github.com/legion2004/tai-phake-lip-reading/data/digit/s18/d2/d2.mp4,s18,d2,SKIPPED,30.0,49,49,49,1.63,720,1280,Video file not present locally (remote archive). Preserved existing canonical frames.
/Users/milinda/ghq/github.com/legion2004/tai-phake-lip-reading/data/digit/s18/d3/d3.mp4,s18,d3,SKIPPED,30.0,45,45,45,1.5,720,1280,Video file not present locally (remote archive). Preserved existing canonical frames.
/Users/milinda/ghq/github.com/legion2004/tai-phake-lip-reading/data/digit/s18/d4/d4.mp4,s18,d4,SKIPPED,30.0,34,34,34,1.13,720,1280,Video file not present locally (remote archive). Preserved existing canonical frames.
/Users/milinda/ghq/github.com/legion2004/tai-phake-lip-reading/data/digit/s18/d5/d5.mp4,s18,d5,SKIPPED,30.0,44,44,44,1.47,720,1280,Video file not present locally (remote archive). Preserved existing canonical frames.
/Users/milinda/ghq/github.com/legion2004/tai-phake-lip-reading/data/digit/s18/d6/d6.mp4,s18,d6,SKIPPED,30.0,46,46,46,1.53,720,1280,Video file not present locally (remote archive). Preserved existing canonical frames.
/Users/milinda/ghq/github.com/legion2004/tai-phake-lip-reading/data/digit/s18/d7/d7.mp4,s18,d7,SKIPPED,30.0,44,44,44,1.47,720,1280,Video file not present locally (remote archive). Preserved existing canonical frames.
/Users/milinda/ghq/github.com/legion2004/tai-phake-lip-reading/data/digit/s18/d8/d8.mp4,s18,d8,SKIPPED,30.0,39,39,39,1.3,720,1280,Video file not present locally (remote archive). Preserved existing canonical frames.
/Users/milinda/ghq/github.com/legion2004/tai-phake-lip-reading/data/digit/s18/d9/d9.mp4,s18,d9,SKIPPED,30.0,38,38,38,1.27,720,1280,Video file not present locally (remote archive). Preserved existing canonical frames.
/Users/milinda/ghq/github.com/legion2004/tai-phake-lip-reading/data/digit/s18/d10/d10.mp4,s18,d10,SKIPPED,30.0,49,49,49,1.63,720,1280,Video file not present locally (remote archive). Preserved existing canonical frames.
/Users/milinda/ghq/github.com/legion2004/tai-phake-lip-reading/data/digit/s19/d0/d0.mp4,s19,d0,SKIPPED,30.0,41,41,41,1.37,720,1280,Video file not present locally (remote archive). Preserved existing canonical frames.
/Users/milinda/ghq/github.com/legion2004/tai-phake-lip-reading/data/digit/s19/d1/d1.mp4,s19,d1,SKIPPED,30.0,40,40,40,1.33,720,1280,Video file not present locally (remote archive). Preserved existing canonical frames.
/Users/milinda/ghq/github.com/legion2004/tai-phake-lip-reading/data/digit/s19/d2/d2.mp4,s19,d2,SKIPPED,30.0,45,45,45,1.5,720,1280,Video file not present locally (remote archive). Preserved existing canonical frames.
/Users/milinda/ghq/github.com/legion2004/tai-phake-lip-reading/data/digit/s19/d3/d3.mp4,s19,d3,SKIPPED,30.0,45,45,45,1.5,720,1280,Video file not present locally (remote archive). Preserved existing canonical frames.
/Users/milinda/ghq/github.com/legion2004/tai-phake-lip-reading/data/digit/s19/d4/d4.mp4,s19,d4,SKIPPED,30.0,60,60,60,2.0,720,1280,Video file not present locally (remote archive). Preserved existing canonical frames.
/Users/milinda/ghq/github.com/legion2004/tai-phake-lip-reading/data/digit/s19/d5/d5.mp4,s19,d5,SKIPPED,30.0,45,45,45,1.5,720,1280,Video file not present locally (remote archive). Preserved existing canonical frames.
/Users/milinda/ghq/github.com/legion2004/tai-phake-lip-reading/data/digit/s19/d6/d6.mp4,s19,d6,SKIPPED,30.0,64,64,64,2.13,720,1280,Video file not present locally (remote archive). Preserved existing canonical frames.
/Users/milinda/ghq/github.com/legion2004/tai-phake-lip-reading/data/digit/s19/d7/d7.mp4,s19,d7,SKIPPED,30.0,44,44,44,1.47,720,1280,Video file not present locally (remote archive). Preserved existing canonical frames.
/Users/milinda/ghq/github.com/legion2004/tai-phake-lip-reading/data/digit/s19/d8/d8.mp4,s19,d8,SKIPPED,30.0,41,41,41,1.37,720,1280,Video file not present locally (remote archive). Preserved existing canonical frames.
/Users/milinda/ghq/github.com/legion2004/tai-phake-lip-reading/data/digit/s19/d9/d9.mp4,s19,d9,SKIPPED,30.0,48,48,48,1.6,720,1280,Video file not present locally (remote archive). Preserved existing canonical frames.
/Users/milinda/ghq/github.com/legion2004/tai-phake-lip-reading/data/digit/s19/d10/d10.mp4,s19,d10,SKIPPED,30.0,43,43,43,1.43,720,1280,Video file not present locally (remote archive). Preserved existing canonical frames.
/Users/milinda/ghq/github.com/legion2004/tai-phake-lip-reading/data/digit/s20/d0/d0.mp4,s20,d0,SKIPPED,30.0,45,45,45,1.5,720,1280,Video file not present locally (remote archive). Preserved existing canonical frames.
/Users/milinda/ghq/github.com/legion2004/tai-phake-lip-reading/data/digit/s20/d1/d1.mp4,s20,d1,SKIPPED,30.0,37,37,37,1.23,720,1280,Video file not present locally (remote archive). Preserved existing canonical frames.
/Users/milinda/ghq/github.com/legion2004/tai-phake-lip-reading/data/digit/s20/d2/d2.mp4,s20,d2,SKIPPED,30.0,46,46,46,1.53,1080,1920,Video file not present locally (remote archive). Preserved existing canonical frames.
/Users/milinda/ghq/github.com/legion2004/tai-phake-lip-reading/data/digit/s20/d3/d3.mp4,s20,d3,SKIPPED,30.0,48,48,48,1.6,720,1280,Video file not present locally (remote archive). Preserved existing canonical frames.
/Users/milinda/ghq/github.com/legion2004/tai-phake-lip-reading/data/digit/s20/d4/d4.mp4,s20,d4,SKIPPED,30.0,60,60,60,2.0,720,1280,Video file not present locally (remote archive). Preserved existing canonical frames.
/Users/milinda/ghq/github.com/legion2004/tai-phake-lip-reading/data/digit/s20/d5/d5.mp4,s20,d5,SKIPPED,30.0,43,43,43,1.43,720,1280,Video file not present locally (remote archive). Preserved existing canonical frames.
/Users/milinda/ghq/github.com/legion2004/tai-phake-lip-reading/data/digit/s20/d6/d6.mp4,s20,d6,SKIPPED,30.0,41,41,41,1.37,720,1280,Video file not present locally (remote archive). Preserved existing canonical frames.
/Users/milinda/ghq/github.com/legion2004/tai-phake-lip-reading/data/digit/s20/d7/d7.mp4,s20,d7,SKIPPED,30.0,44,44,44,1.47,720,1280,Video file not present locally (remote archive). Preserved existing canonical frames.
/Users/milinda/ghq/github.com/legion2004/tai-phake-lip-reading/data/digit/s20/d8/d8.mp4,s20,d8,SKIPPED,30.0,39,39,39,1.3,720,1280,Video file not present locally (remote archive). Preserved existing canonical frames.
/Users/milinda/ghq/github.com/legion2004/tai-phake-lip-reading/data/digit/s20/d9/d9.mp4,s20,d9,SKIPPED,30.0,35,35,35,1.17,720,1280,Video file not present locally (remote archive). Preserved existing canonical frames.
/Users/milinda/ghq/github.com/legion2004/tai-phake-lip-reading/data/digit/s20/d10/d10.mp4,s20,d10,SKIPPED,30.0,41,41,41,1.37,720,1280,Video file not present locally (remote archive). Preserved existing canonical frames.
/Users/milinda/ghq/github.com/legion2004/tai-phake-lip-reading/data/digit/s21/d0/d0.mp4,s21,d0,SKIPPED,30.0,49,49,49,1.63,720,1280,Video file not present locally (remote archive). Preserved existing canonical frames.
/Users/milinda/ghq/github.com/legion2004/tai-phake-lip-reading/data/digit/s21/d1/d1.mp4,s21,d1,SKIPPED,30.0,74,74,74,2.47,720,1280,Video file not present locally (remote archive). Preserved existing canonical frames.
/Users/milinda/ghq/github.com/legion2004/tai-phake-lip-reading/data/digit/s21/d2/d2.mp4,s21,d2,SKIPPED,30.0,51,51,51,1.7,720,1280,Video file not present locally (remote archive). Preserved existing canonical frames.
/Users/milinda/ghq/github.com/legion2004/tai-phake-lip-reading/data/digit/s21/d3/d3.mp4,s21,d3,SKIPPED,30.0,60,60,60,2.0,720,1280,Video file not present locally (remote archive). Preserved existing canonical frames.
/Users/milinda/ghq/github.com/legion2004/tai-phake-lip-reading/data/digit/s21/d4/d4.mp4,s21,d4,SKIPPED,30.0,90,90,90,3.0,720,1280,Video file not present locally (remote archive). Preserved existing canonical frames.
/Users/milinda/ghq/github.com/legion2004/tai-phake-lip-reading/data/digit/s21/d5/d5.mp4,s21,d5,SKIPPED,30.0,64,64,64,2.13,720,1280,Video file not present locally (remote archive). Preserved existing canonical frames.
/Users/milinda/ghq/github.com/legion2004/tai-phake-lip-reading/data/digit/s21/d6/d6.mp4,s21,d6,SKIPPED,30.0,76,76,76,2.53,720,1280,Video file not present locally (remote archive). Preserved existing canonical frames.
/Users/milinda/ghq/github.com/legion2004/tai-phake-lip-reading/data/digit/s21/d7/d7.mp4,s21,d7,SKIPPED,30.0,87,87,87,2.9,720,1280,Video file not present locally (remote archive). Preserved existing canonical frames.
/Users/milinda/ghq/github.com/legion2004/tai-phake-lip-reading/data/digit/s21/d8/d8.mp4,s21,d8,SKIPPED,30.0,72,72,72,2.4,720,1280,Video file not present locally (remote archive). Preserved existing canonical frames.
/Users/milinda/ghq/github.com/legion2004/tai-phake-lip-reading/data/digit/s21/d9/d9.mp4,s21,d9,SKIPPED,30.0,76,76,76,2.53,720,1280,Video file not present locally (remote archive). Preserved existing canonical frames.
/Users/milinda/ghq/github.com/legion2004/tai-phake-lip-reading/data/digit/s21/d10/d10.mp4,s21,d10,SKIPPED,30.0,74,74,74,2.47,720,1280,Video file not present locally (remote archive). Preserved existing canonical frames.
/Users/milinda/ghq/github.com/legion2004/tai-phake-lip-reading/data/digit/s22/d0/d0.mp4,s22,d0,DRY_RUN,30.0,25,25,0,0.83,720,1280,
/Users/milinda/ghq/github.com/legion2004/tai-phake-lip-reading/data/digit/s22/d1/d1.mp4,s22,d1,DRY_RUN,30.0,31,31,0,1.03,720,1280,
/Users/milinda/ghq/github.com/legion2004/tai-phake-lip-reading/data/digit/s22/d2/d2.mp4,s22,d2,DRY_RUN,30.0,41,41,0,1.37,720,1280,
/Users/milinda/ghq/github.com/legion2004/tai-phake-lip-reading/data/digit/s22/d3/d3.mp4,s22,d3,DRY_RUN,30.0,28,28,0,0.93,720,1280,
/Users/milinda/ghq/github.com/legion2004/tai-phake-lip-reading/data/digit/s22/d4/d4.mp4,s22,d4,DRY_RUN,30.380958810784932,55,54,0,1.81,720,1280,
/Users/milinda/ghq/github.com/legion2004/tai-phake-lip-reading/data/digit/s22/d5/d5.mp4,s22,d5,DRY_RUN,30.0,37,37,0,1.23,720,1280,
/Users/milinda/ghq/github.com/legion2004/tai-phake-lip-reading/data/digit/s22/d6/d6.mp4,s22,d6,DRY_RUN,30.0,42,42,0,1.4,720,1280,
/Users/milinda/ghq/github.com/legion2004/tai-phake-lip-reading/data/digit/s22/d7/d7.mp4,s22,d7,DRY_RUN,30.0,46,46,0,1.53,720,1280,
/Users/milinda/ghq/github.com/legion2004/tai-phake-lip-reading/data/digit/s22/d8/d8.mp4,s22,d8,DRY_RUN,30.0,36,36,0,1.2,720,1280,
/Users/milinda/ghq/github.com/legion2004/tai-phake-lip-reading/data/digit/s22/d9/d9.mp4,s22,d9,DRY_RUN,30.0,36,36,0,1.2,720,1280,
/Users/milinda/ghq/github.com/legion2004/tai-phake-lip-reading/data/digit/s22/d10/d10.mp4,s22,d10,DRY_RUN,30.0,32,32,0,1.07,720,1280,
/Users/milinda/ghq/github.com/legion2004/tai-phake-lip-reading/data/digit/s23/d0/d0.mp4,s23,d0,SKIPPED,30.0,35,35,35,1.17,720,1280,Video file not present locally (remote archive). Preserved existing canonical frames.
/Users/milinda/ghq/github.com/legion2004/tai-phake-lip-reading/data/digit/s23/d1/d1.mp4,s23,d1,SKIPPED,30.0,42,42,42,1.4,720,1280,Video file not present locally (remote archive). Preserved existing canonical frames.
/Users/milinda/ghq/github.com/legion2004/tai-phake-lip-reading/data/digit/s23/d2/d2.mp4,s23,d2,SKIPPED,30.0,44,44,44,1.47,720,1280,Video file not present locally (remote archive). Preserved existing canonical frames.
/Users/milinda/ghq/github.com/legion2004/tai-phake-lip-reading/data/digit/s23/d3/d3.mp4,s23,d3,SKIPPED,30.0,30,30,30,1.0,720,1280,Video file not present locally (remote archive). Preserved existing canonical frames.
/Users/milinda/ghq/github.com/legion2004/tai-phake-lip-reading/data/digit/s23/d4/d4.mp4,s23,d4,SKIPPED,30.0,48,48,48,1.6,720,1280,Video file not present locally (remote archive). Preserved existing canonical frames.
/Users/milinda/ghq/github.com/legion2004/tai-phake-lip-reading/data/digit/s23/d5/d5.mp4,s23,d5,SKIPPED,30.0,44,44,44,1.47,720,1280,Video file not present locally (remote archive). Preserved existing canonical frames.
/Users/milinda/ghq/github.com/legion2004/tai-phake-lip-reading/data/digit/s23/d6/d6.mp4,s23,d6,SKIPPED,30.0,34,34,34,1.13,720,1280,Video file not present locally (remote archive). Preserved existing canonical frames.
/Users/milinda/ghq/github.com/legion2004/tai-phake-lip-reading/data/digit/s23/d7/d7.mp4,s23,d7,SKIPPED,30.0,45,45,45,1.5,720,1280,Video file not present locally (remote archive). Preserved existing canonical frames.
/Users/milinda/ghq/github.com/legion2004/tai-phake-lip-reading/data/digit/s23/d8/d8.mp4,s23,d8,SKIPPED,30.0,42,42,42,1.4,720,1280,Video file not present locally (remote archive). Preserved existing canonical frames.
/Users/milinda/ghq/github.com/legion2004/tai-phake-lip-reading/data/digit/s23/d9/d9.mp4,s23,d9,SKIPPED,30.0,34,34,34,1.13,720,1280,Video file not present locally (remote archive). Preserved existing canonical frames.
/Users/milinda/ghq/github.com/legion2004/tai-phake-lip-reading/data/digit/s23/d10/d10.mp4,s23,d10,SKIPPED,30.0,30,30,30,1.0,720,1280,Video file not present locally (remote archive). Preserved existing canonical frames.
/Users/milinda/ghq/github.com/legion2004/tai-phake-lip-reading/data/digit/s24/d0/d0.mp4,s24,d0,SKIPPED,30.0,30,30,30,1.0,720,1280,Video file not present locally (remote archive). Preserved existing canonical frames.
/Users/milinda/ghq/github.com/legion2004/tai-phake-lip-reading/data/digit/s24/d1/d1.mp4,s24,d1,SKIPPED,30.0,31,31,31,1.03,720,1280,Video file not present locally (remote archive). Preserved existing canonical frames.
/Users/milinda/ghq/github.com/legion2004/tai-phake-lip-reading/data/digit/s24/d2/d2.mp4,s24,d2,SKIPPED,30.0,39,39,39,1.3,720,1280,Video file not present locally (remote archive). Preserved existing canonical frames.
/Users/milinda/ghq/github.com/legion2004/tai-phake-lip-reading/data/digit/s24/d3/d3.mp4,s24,d3,SKIPPED,30.0,28,28,28,0.93,720,1280,Video file not present locally (remote archive). Preserved existing canonical frames.
/Users/milinda/ghq/github.com/legion2004/tai-phake-lip-reading/data/digit/s24/d4/d4.mp4,s24,d4,SKIPPED,30.0,37,37,37,1.23,720,1280,Video file not present locally (remote archive). Preserved existing canonical frames.
/Users/milinda/ghq/github.com/legion2004/tai-phake-lip-reading/data/digit/s24/d5/d5.mp4,s24,d5,SKIPPED,30.0,33,33,33,1.1,720,1280,Video file not present locally (remote archive). Preserved existing canonical frames.
/Users/milinda/ghq/github.com/legion2004/tai-phake-lip-reading/data/digit/s24/d6/d6.mp4,s24,d6,SKIPPED,30.0,34,34,34,1.13,720,1280,Video file not present locally (remote archive). Preserved existing canonical frames.
/Users/milinda/ghq/github.com/legion2004/tai-phake-lip-reading/data/digit/s24/d7/d7.mp4,s24,d7,SKIPPED,30.0,31,31,31,1.03,720,1280,Video file not present locally (remote archive). Preserved existing canonical frames.
/Users/milinda/ghq/github.com/legion2004/tai-phake-lip-reading/data/digit/s24/d8/d8.mp4,s24,d8,SKIPPED,30.0,31,31,31,1.03,720,1280,Video file not present locally (remote archive). Preserved existing canonical frames.
/Users/milinda/ghq/github.com/legion2004/tai-phake-lip-reading/data/digit/s24/d9/d9.mp4,s24,d9,SKIPPED,30.0,31,31,31,1.03,720,1280,Video file not present locally (remote archive). Preserved existing canonical frames.
/Users/milinda/ghq/github.com/legion2004/tai-phake-lip-reading/data/digit/s24/d10/d10.mp4,s24,d10,SKIPPED,30.0,30,30,30,1.0,720,1280,Video file not present locally (remote archive). Preserved existing canonical frames.
/Users/milinda/ghq/github.com/legion2004/tai-phake-lip-reading/data/digit/s25/d0/d0.mp4,s25,d0,SKIPPED,30.0,42,42,42,1.4,720,1280,Video file not present locally (remote archive). Preserved existing canonical frames.
/Users/milinda/ghq/github.com/legion2004/tai-phake-lip-reading/data/digit/s25/d1/d1.mp4,s25,d1,SKIPPED,30.0,41,41,41,1.37,720,1280,Video file not present locally (remote archive). Preserved existing canonical frames.
/Users/milinda/ghq/github.com/legion2004/tai-phake-lip-reading/data/digit/s25/d2/d2.mp4,s25,d2,SKIPPED,30.0,41,41,41,1.37,720,1280,Video file not present locally (remote archive). Preserved existing canonical frames.
/Users/milinda/ghq/github.com/legion2004/tai-phake-lip-reading/data/digit/s25/d3/d3.mp4,s25,d3,SKIPPED,30.0,39,39,39,1.3,720,1280,Video file not present locally (remote archive). Preserved existing canonical frames.
/Users/milinda/ghq/github.com/legion2004/tai-phake-lip-reading/data/digit/s25/d4/d4.mp4,s25,d4,SKIPPED,30.0,39,39,39,1.3,720,1280,Video file not present locally (remote archive). Preserved existing canonical frames.
/Users/milinda/ghq/github.com/legion2004/tai-phake-lip-reading/data/digit/s25/d5/d5.mp4,s25,d5,SKIPPED,30.0,41,41,41,1.37,720,1280,Video file not present locally (remote archive). Preserved existing canonical frames.
/Users/milinda/ghq/github.com/legion2004/tai-phake-lip-reading/data/digit/s25/d6/d6.mp4,s25,d6,SKIPPED,30.0,41,41,41,1.37,720,1280,Video file not present locally (remote archive). Preserved existing canonical frames.
/Users/milinda/ghq/github.com/legion2004/tai-phake-lip-reading/data/digit/s25/d7/d7.mp4,s25,d7,SKIPPED,30.0,44,44,44,1.47,720,1280,Video file not present locally (remote archive). Preserved existing canonical frames.
/Users/milinda/ghq/github.com/legion2004/tai-phake-lip-reading/data/digit/s25/d8/d8.mp4,s25,d8,SKIPPED,30.0,33,33,33,1.1,720,1280,Video file not present locally (remote archive). Preserved existing canonical frames.
/Users/milinda/ghq/github.com/legion2004/tai-phake-lip-reading/data/digit/s25/d9/d9.mp4,s25,d9,SKIPPED,30.0,41,41,41,1.37,720,1280,Video file not present locally (remote archive). Preserved existing canonical frames.
/Users/milinda/ghq/github.com/legion2004/tai-phake-lip-reading/data/digit/s25/d10/d10.mp4,s25,d10,SKIPPED,30.0,34,34,34,1.13,720,1280,Video file not present locally (remote archive). Preserved existing canonical frames.
/Users/milinda/ghq/github.com/legion2004/tai-phake-lip-reading/data/digit/s26/d0/d0.mp4,s26,d0,SKIPPED,30.0,25,25,25,0.83,720,1280,Video file not present locally (remote archive). Preserved existing canonical frames.
/Users/milinda/ghq/github.com/legion2004/tai-phake-lip-reading/data/digit/s26/d1/d1.mp4,s26,d1,SKIPPED,30.0,27,27,27,0.9,720,1280,Video file not present locally (remote archive). Preserved existing canonical frames.
/Users/milinda/ghq/github.com/legion2004/tai-phake-lip-reading/data/digit/s26/d2/d2.mp4,s26,d2,SKIPPED,30.0,26,26,26,0.87,960,1280,Video file not present locally (remote archive). Preserved existing canonical frames.
/Users/milinda/ghq/github.com/legion2004/tai-phake-lip-reading/data/digit/s26/d3/d3.mp4,s26,d3,SKIPPED,30.0,28,28,28,0.93,720,1280,Video file not present locally (remote archive). Preserved existing canonical frames.
/Users/milinda/ghq/github.com/legion2004/tai-phake-lip-reading/data/digit/s26/d4/d4.mp4,s26,d4,SKIPPED,30.0,34,34,34,1.13,720,1280,Video file not present locally (remote archive). Preserved existing canonical frames.
/Users/milinda/ghq/github.com/legion2004/tai-phake-lip-reading/data/digit/s26/d5/d5.mp4,s26,d5,SKIPPED,30.0,41,41,41,1.37,720,1280,Video file not present locally (remote archive). Preserved existing canonical frames.
/Users/milinda/ghq/github.com/legion2004/tai-phake-lip-reading/data/digit/s26/d6/d6.mp4,s26,d6,SKIPPED,30.0,24,24,24,0.8,720,1280,Video file not present locally (remote archive). Preserved existing canonical frames.
/Users/milinda/ghq/github.com/legion2004/tai-phake-lip-reading/data/digit/s26/d7/d7.mp4,s26,d7,SKIPPED,30.0,28,28,28,0.93,720,1280,Video file not present locally (remote archive). Preserved existing canonical frames.
/Users/milinda/ghq/github.com/legion2004/tai-phake-lip-reading/data/digit/s26/d8/d8.mp4,s26,d8,SKIPPED,30.0,25,25,25,0.83,720,1280,Video file not present locally (remote archive). Preserved existing canonical frames.
/Users/milinda/ghq/github.com/legion2004/tai-phake-lip-reading/data/digit/s26/d9/d9.mp4,s26,d9,SKIPPED,30.0,43,43,43,1.43,720,1280,Video file not present locally (remote archive). Preserved existing canonical frames.
/Users/milinda/ghq/github.com/legion2004/tai-phake-lip-reading/data/digit/s26/d10/d10.mp4,s26,d10,SKIPPED,30.0,15,15,15,0.5,720,1280,Video file not present locally (remote archive). Preserved existing canonical frames.
/Users/milinda/ghq/github.com/legion2004/tai-phake-lip-reading/data/digit/s27/d0/d0.mp4,s27,d0,SKIPPED,30.0,25,25,25,0.83,720,1280,Video file not present locally (remote archive). Preserved existing canonical frames.
/Users/milinda/ghq/github.com/legion2004/tai-phake-lip-reading/data/digit/s27/d1/d1.mp4,s27,d1,SKIPPED,30.0,29,29,29,0.97,720,1280,Video file not present locally (remote archive). Preserved existing canonical frames.
/Users/milinda/ghq/github.com/legion2004/tai-phake-lip-reading/data/digit/s27/d2/d2.mp4,s27,d2,SKIPPED,30.0,37,37,37,1.23,720,1280,Video file not present locally (remote archive). Preserved existing canonical frames.
/Users/milinda/ghq/github.com/legion2004/tai-phake-lip-reading/data/digit/s27/d3/d3.mp4,s27,d3,SKIPPED,30.0,29,29,29,0.97,720,1280,Video file not present locally (remote archive). Preserved existing canonical frames.
/Users/milinda/ghq/github.com/legion2004/tai-phake-lip-reading/data/digit/s27/d4/d4.mp4,s27,d4,SKIPPED,30.0,38,38,38,1.27,720,1280,Video file not present locally (remote archive). Preserved existing canonical frames.
/Users/milinda/ghq/github.com/legion2004/tai-phake-lip-reading/data/digit/s27/d5/d5.mp4,s27,d5,SKIPPED,30.0,32,32,32,1.07,720,1280,Video file not present locally (remote archive). Preserved existing canonical frames.
/Users/milinda/ghq/github.com/legion2004/tai-phake-lip-reading/data/digit/s27/d6/d6.mp4,s27,d6,SKIPPED,30.0,38,38,38,1.27,720,1280,Video file not present locally (remote archive). Preserved existing canonical frames.
/Users/milinda/ghq/github.com/legion2004/tai-phake-lip-reading/data/digit/s27/d7/d7.mp4,s27,d7,SKIPPED,30.0,45,45,45,1.5,720,1280,Video file not present locally (remote archive). Preserved existing canonical frames.
/Users/milinda/ghq/github.com/legion2004/tai-phake-lip-reading/data/digit/s27/d8/d8.mp4,s27,d8,SKIPPED,30.0,32,32,32,1.07,720,1280,Video file not present locally (remote archive). Preserved existing canonical frames.
/Users/milinda/ghq/github.com/legion2004/tai-phake-lip-reading/data/digit/s27/d9/d9.mp4,s27,d9,SKIPPED,30.0,29,29,29,0.97,720,1280,Video file not present locally (remote archive). Preserved existing canonical frames.
/Users/milinda/ghq/github.com/legion2004/tai-phake-lip-reading/data/digit/s27/d10/d10.mp4,s27,d10,SKIPPED,30.0,29,29,29,0.97,720,1280,Video file not present locally (remote archive). Preserved existing canonical frames.
/Users/milinda/ghq/github.com/legion2004/tai-phake-lip-reading/data/digit/s28/d0/d0.mp4,s28,d0,DRY_RUN,30.0,23,23,0,0.77,720,1280,
/Users/milinda/ghq/github.com/legion2004/tai-phake-lip-reading/data/digit/s28/d1/d1.mp4,s28,d1,DRY_RUN,30.0,35,35,0,1.17,720,1280,
/Users/milinda/ghq/github.com/legion2004/tai-phake-lip-reading/data/digit/s28/d2/d2.mp4,s28,d2,DRY_RUN,30.380958810784932,55,54,0,1.81,720,1280,
/Users/milinda/ghq/github.com/legion2004/tai-phake-lip-reading/data/digit/s28/d3/d3.mp4,s28,d3,DRY_RUN,30.0,35,35,0,1.17,720,1280,
/Users/milinda/ghq/github.com/legion2004/tai-phake-lip-reading/data/digit/s28/d4/d4.mp4,s28,d4,DRY_RUN,30.0,44,44,0,1.47,720,1280,
/Users/milinda/ghq/github.com/legion2004/tai-phake-lip-reading/data/digit/s28/d5/d5.mp4,s28,d5,DRY_RUN,30.0,31,31,0,1.03,720,1280,
/Users/milinda/ghq/github.com/legion2004/tai-phake-lip-reading/data/digit/s28/d6/d6.mp4,s28,d6,DRY_RUN,30.0,21,21,0,0.7,720,1280,
/Users/milinda/ghq/github.com/legion2004/tai-phake-lip-reading/data/digit/s28/d7/d7.mp4,s28,d7,DRY_RUN,30.0,42,42,0,1.4,720,1280,
/Users/milinda/ghq/github.com/legion2004/tai-phake-lip-reading/data/digit/s28/d8/d8.mp4,s28,d8,DRY_RUN,30.0,29,29,0,0.97,720,1280,
/Users/milinda/ghq/github.com/legion2004/tai-phake-lip-reading/data/digit/s28/d9/d9.mp4,s28,d9,DRY_RUN,30.0,29,29,0,0.97,720,1280,
/Users/milinda/ghq/github.com/legion2004/tai-phake-lip-reading/data/digit/s28/d10/d10.mp4,s28,d10,DRY_RUN,30.0,38,38,0,1.27,720,1280,
/Users/milinda/ghq/github.com/legion2004/tai-phake-lip-reading/data/digit/s29/d0/d0.mp4,s29,d0,SKIPPED,30.0,33,33,33,1.1,720,1280,Video file not present locally (remote archive). Preserved existing canonical frames.
/Users/milinda/ghq/github.com/legion2004/tai-phake-lip-reading/data/digit/s29/d1/d1.mp4,s29,d1,SKIPPED,30.0,34,34,34,1.13,720,1280,Video file not present locally (remote archive). Preserved existing canonical frames.
/Users/milinda/ghq/github.com/legion2004/tai-phake-lip-reading/data/digit/s29/d2/d2.mp4,s29,d2,SKIPPED,30.0,37,37,37,1.23,720,1280,Video file not present locally (remote archive). Preserved existing canonical frames.
/Users/milinda/ghq/github.com/legion2004/tai-phake-lip-reading/data/digit/s29/d3/d3.mp4,s29,d3,SKIPPED,30.0,34,34,34,1.13,720,1280,Video file not present locally (remote archive). Preserved existing canonical frames.
/Users/milinda/ghq/github.com/legion2004/tai-phake-lip-reading/data/digit/s29/d4/d4.mp4,s29,d4,SKIPPED,30.0,32,32,32,1.07,720,1280,Video file not present locally (remote archive). Preserved existing canonical frames.
/Users/milinda/ghq/github.com/legion2004/tai-phake-lip-reading/data/digit/s29/d5/d5.mp4,s29,d5,SKIPPED,30.0,29,29,29,0.97,720,1280,Video file not present locally (remote archive). Preserved existing canonical frames.
/Users/milinda/ghq/github.com/legion2004/tai-phake-lip-reading/data/digit/s29/d6/d6.mp4,s29,d6,SKIPPED,30.0,35,35,35,1.17,720,1280,Video file not present locally (remote archive). Preserved existing canonical frames.
/Users/milinda/ghq/github.com/legion2004/tai-phake-lip-reading/data/digit/s29/d7/d7.mp4,s29,d7,SKIPPED,30.0,34,34,34,1.13,720,1280,Video file not present locally (remote archive). Preserved existing canonical frames.
/Users/milinda/ghq/github.com/legion2004/tai-phake-lip-reading/data/digit/s29/d8/d8.mp4,s29,d8,SKIPPED,30.0,35,35,35,1.17,720,1280,Video file not present locally (remote archive). Preserved existing canonical frames.
/Users/milinda/ghq/github.com/legion2004/tai-phake-lip-reading/data/digit/s29/d9/d9.mp4,s29,d9,SKIPPED,30.0,27,27,27,0.9,720,1280,Video file not present locally (remote archive). Preserved existing canonical frames.
/Users/milinda/ghq/github.com/legion2004/tai-phake-lip-reading/data/digit/s29/d10/d10.mp4,s29,d10,SKIPPED,30.0,34,34,34,1.13,720,1280,Video file not present locally (remote archive). Preserved existing canonical frames.
/Users/milinda/ghq/github.com/legion2004/tai-phake-lip-reading/data/digit/s30/d0/d0.mp4,s30,d0,DRY_RUN,30.0,31,31,0,1.03,1280,720,
/Users/milinda/ghq/github.com/legion2004/tai-phake-lip-reading/data/digit/s30/d1/d1.mp4,s30,d1,DRY_RUN,30.0,30,30,0,1.0,1280,720,
/Users/milinda/ghq/github.com/legion2004/tai-phake-lip-reading/data/digit/s30/d2/d2.mp4,s30,d2,DRY_RUN,30.380696380571358,54,53,0,1.78,720,1280,
/Users/milinda/ghq/github.com/legion2004/tai-phake-lip-reading/data/digit/s30/d3/d3.mp4,s30,d3,DRY_RUN,30.0,23,23,0,0.77,1280,720,
/Users/milinda/ghq/github.com/legion2004/tai-phake-lip-reading/data/digit/s30/d4/d4.mp4,s30,d4,DRY_RUN,30.0,36,36,0,1.2,1280,720,
/Users/milinda/ghq/github.com/legion2004/tai-phake-lip-reading/data/digit/s30/d5/d5.mp4,s30,d5,DRY_RUN,30.0,18,18,0,0.6,1280,720,
/Users/milinda/ghq/github.com/legion2004/tai-phake-lip-reading/data/digit/s30/d6/d6.mp4,s30,d6,DRY_RUN,30.0,23,23,0,0.77,1280,720,
/Users/milinda/ghq/github.com/legion2004/tai-phake-lip-reading/data/digit/s30/d7/d7.mp4,s30,d7,DRY_RUN,30.0,35,35,0,1.17,1280,720,
/Users/milinda/ghq/github.com/legion2004/tai-phake-lip-reading/data/digit/s30/d8/d8.mp4,s30,d8,DRY_RUN,30.0,37,37,0,1.23,1280,720,
/Users/milinda/ghq/github.com/legion2004/tai-phake-lip-reading/data/digit/s30/d9/d9.mp4,s30,d9,DRY_RUN,30.0,34,34,0,1.13,1280,720,
/Users/milinda/ghq/github.com/legion2004/tai-phake-lip-reading/data/digit/s30/d10/d10.mp4,s30,d10,DRY_RUN,30.0,23,23,0,0.77,1280,720,
