video_path,speaker,digit,num_frames,crop_size,split
data/digit/s1/d0/d0.mp4,s1,d0,40,720x1280,unsplit
data/digit/s1/d1/d1.mp4,s1,d1,39,720x1280,unsplit
data/digit/s1/d2/d2.mp4,s1,d2,40,720x1280,unsplit
data/digit/s1/d3/d3.mp4,s1,d3,36,720x1280,unsplit
data/digit/s1/d4/d4.mp4,s1,d4,48,720x1280,unsplit
data/digit/s1/d5/d5.mp4,s1,d5,55,720x1280,unsplit
data/digit/s1/d6/d6.mp4,s1,d6,35,720x1280,unsplit
data/digit/s1/d7/d7.mp4,s1,d7,41,720x1280,unsplit
data/digit/s1/d8/d8.mp4,s1,d8,42,720x1280,unsplit
data/digit/s1/d9/d9.mp4,s1,d9,36,720x1280,unsplit
data/digit/s1/d10/d10.mp4,s1,d10,30,720x1280,unsplit
data/digit/s2/d0/d0.mp4,s2,d0,23,720x1280,unsplit
data/digit/s2/d1/d1.mp4,s2,d1,43,720x1280,unsplit
data/digit/s2/d2/d2.mp4,s2,d2,32,720x1280,unsplit
data/digit/s2/d3/d3.mp4,s2,d3,28,720x1280,unsplit
data/digit/s2/d4/d4.mp4,s2,d4,44,720x1280,unsplit
data/digit/s2/d5/d5.mp4,s2,d5,37,720x1280,unsplit
data/digit/s2/d6/d6.mp4,s2,d6,40,720x1280,unsplit
data/digit/s2/d7/d7.mp4,s2,d7,46,720x1280,unsplit
data/digit/s2/d8/d8.mp4,s2,d8,39,720x1280,unsplit
data/digit/s2/d9/d9.mp4,s2,d9,32,720x1280,unsplit
data/digit/s2/d10/d10.mp4,s2,d10,25,720x1280,unsplit
data/digit/s3/d0/d0.mp4,s3,d0,66,720x1080,unsplit
data/digit/s3/d1/d1.mp4,s3,d1,31,720x1080,unsplit
data/digit/s3/d2/d2.mp4,s3,d2,32,720x1080,unsplit
data/digit/s3/d3/d3.mp4,s3,d3,23,720x1080,unsplit
data/digit/s3/d4/d4.mp4,s3,d4,37,720x1080,unsplit
data/digit/s3/d5/d5.mp4,s3,d5,31,720x1080,unsplit
data/digit/s3/d6/d6.mp4,s3,d6,30,720x1280,unsplit
data/digit/s3/d7/d7.mp4,s3,d7,36,720x1080,unsplit
data/digit/s3/d8/d8.mp4,s3,d8,25,720x1080,unsplit
data/digit/s3/d9/d9.mp4,s3,d9,44,720x1080,unsplit
data/digit/s3/d10/d10.mp4,s3,d10,22,720x1080,unsplit
data/digit/s4/d0/d0.mp4,s4,d0,31,720x1280,unsplit
data/digit/s4/d1/d1.mp4,s4,d1,37,720x1280,unsplit
data/digit/s4/d2/d2.mp4,s4,d2,38,720x1280,unsplit
data/digit/s4/d3/d3.mp4,s4,d3,35,720x1280,unsplit
data/digit/s4/d4/d4.mp4,s4,d4,36,720x1280,unsplit
data/digit/s4/d5/d5.mp4,s4,d5,41,720x1280,unsplit
data/digit/s4/d6/d6.mp4,s4,d6,38,720x1280,unsplit
data/digit/s4/d7/d7.mp4,s4,d7,33,720x1280,unsplit
data/digit/s4/d8/d8.mp4,s4,d8,38,720x1280,unsplit
data/digit/s4/d9/d9.mp4,s4,d9,54,720x1280,unsplit
data/digit/s4/d10/d10.mp4,s4,d10,56,720x1280,unsplit
data/digit/s5/d0/d0.mp4,s5,d0,22,720x1280,unsplit
data/digit/s5/d1/d1.mp4,s5,d1,40,720x1280,unsplit
data/digit/s5/d2/d2.mp4,s5,d2,31,720x1280,unsplit
data/digit/s5/d3/d3.mp4,s5,d3,24,720x1280,unsplit
data/digit/s5/d4/d4.mp4,s5,d4,47,720x1280,unsplit
data/digit/s5/d5/d5.mp4,s5,d5,38,720x1280,unsplit
data/digit/s5/d6/d6.mp4,s5,d6,36,720x1280,unsplit
data/digit/s5/d7/d7.mp4,s5,d7,36,720x1280,unsplit
data/digit/s5/d8/d8.mp4,s5,d8,31,720x1280,unsplit
data/digit/s5/d9/d9.mp4,s5,d9,33,720x1280,unsplit
data/digit/s5/d10/d10.mp4,s5,d10,28,720x1280,unsplit
data/digit/s6/d0/d0.mp4,s6,d0,39,720x1280,unsplit
data/digit/s6/d1/d1.mp4,s6,d1,37,720x1280,unsplit
data/digit/s6/d2/d2.mp4,s6,d2,42,720x1280,unsplit
data/digit/s6/d3/d3.mp4,s6,d3,40,720x1280,unsplit
data/digit/s6/d4/d4.mp4,s6,d4,42,720x1280,unsplit
data/digit/s6/d5/d5.mp4,s6,d5,42,1280x720,unsplit
data/digit/s6/d6/d6.mp4,s6,d6,47,720x1280,unsplit
data/digit/s6/d7/d7.mp4,s6,d7,39,720x1280,unsplit
data/digit/s6/d8/d8.mp4,s6,d8,41,720x1280,unsplit
data/digit/s6/d9/d9.mp4,s6,d9,42,720x1280,unsplit
data/digit/s6/d10/d10.mp4,s6,d10,42,720x1280,unsplit
data/digit/s7/d0/d0.mp4,s7,d0,31,720x1280,unsplit
data/digit/s7/d1/d1.mp4,s7,d1,39,720x1280,unsplit
data/digit/s7/d2/d2.mp4,s7,d2,42,720x1280,unsplit
data/digit/s7/d3/d3.mp4,s7,d3,30,720x1280,unsplit
data/digit/s7/d4/d4.mp4,s7,d4,41,720x1280,unsplit
data/digit/s7/d5/d5.mp4,s7,d5,28,720x1280,unsplit
data/digit/s7/d6/d6.mp4,s7,d6,32,720x1280,unsplit
data/digit/s7/d7/d7.mp4,s7,d7,43,720x1280,unsplit
data/digit/s7/d8/d8.mp4,s7,d8,26,720x1280,unsplit
data/digit/s7/d9/d9.mp4,s7,d9,30,720x1280,unsplit
data/digit/s7/d10/d10.mp4,s7,d10,52,720x1280,unsplit
data/digit/s8/d0/d0.mp4,s8,d0,36,1280x720,unsplit
data/digit/s8/d1/d1.mp4,s8,d1,32,1280x720,unsplit
data/digit/s8/d2/d2.mp4,s8,d2,37,1280x720,unsplit
data/digit/s8/d3/d3.mp4,s8,d3,50,1280x720,unsplit
data/digit/s8/d4/d4.mp4,s8,d4,34,1280x720,unsplit
data/digit/s8/d5/d5.mp4,s8,d5,41,1280x720,unsplit
data/digit/s8/d6/d6.mp4,s8,d6,56,1280x720,unsplit
data/digit/s8/d7/d7.mp4,s8,d7,38,1280x720,unsplit
data/digit/s8/d8/d8.mp4,s8,d8,32,1280x720,unsplit
data/digit/s8/d9/d9.mp4,s8,d9,28,1280x720,unsplit
data/digit/s8/d10/d10.mp4,s8,d10,31,1280x720,unsplit
data/digit/s9/d0/d0.mp4,s9,d0,44,1280x720,unsplit
data/digit/s9/d1/d1.mp4,s9,d1,59,1280x720,unsplit
data/digit/s9/d2/d2.mp4,s9,d2,51,1280x720,unsplit
data/digit/s9/d3/d3.mp4,s9,d3,52,1280x720,unsplit
data/digit/s9/d4/d4.mp4,s9,d4,44,1280x720,unsplit
data/digit/s9/d5/d5.mp4,s9,d5,52,1280x720,unsplit
data/digit/s9/d6/d6.mp4,s9,d6,61,1280x720,unsplit
data/digit/s9/d7/d7.mp4,s9,d7,64,1280x720,unsplit
data/digit/s9/d8/d8.mp4,s9,d8,53,1280x720,unsplit
data/digit/s9/d9/d9.mp4,s9,d9,66,1280x720,unsplit
data/digit/s9/d10/d10.mp4,s9,d10,51,1280x720,unsplit
data/digit/s10/d0/d0.mp4,s10,d0,48,1280x720,unsplit
data/digit/s10/d1/d1.mp4,s10,d1,60,1280x720,unsplit
data/digit/s10/d2/d2.mp4,s10,d2,68,1280x720,unsplit
data/digit/s10/d3/d3.mp4,s10,d3,54,1280x720,unsplit
data/digit/s10/d4/d4.mp4,s10,d4,51,1280x720,unsplit
data/digit/s10/d5/d5.mp4,s10,d5,47,1280x720,unsplit
data/digit/s10/d6/d6.mp4,s10,d6,44,720x1280,unsplit
data/digit/s10/d7/d7.mp4,s10,d7,41,1280x720,unsplit
data/digit/s10/d8/d8.mp4,s10,d8,45,1280x720,unsplit
data/digit/s10/d9/d9.mp4,s10,d9,46,1280x720,unsplit
data/digit/s10/d10/d10.mp4,s10,d10,50,1280x720,unsplit
data/digit/s11/d0/d0.mp4,s11,d0,45,1280x720,unsplit
data/digit/s11/d1/d1.mp4,s11,d1,34,1280x720,unsplit
data/digit/s11/d2/d2.mp4,s11,d2,51,1280x720,unsplit
data/digit/s11/d3/d3.mp4,s11,d3,43,1280x720,unsplit
data/digit/s11/d4/d4.mp4,s11,d4,40,1280x720,unsplit
data/digit/s11/d5/d5.mp4,s11,d5,77,1280x720,unsplit
data/digit/s11/d6/d6.mp4,s11,d6,42,1280x720,unsplit
data/digit/s11/d7/d7.mp4,s11,d7,37,1280x720,unsplit
data/digit/s11/d8/d8.mp4,s11,d8,42,1280x720,unsplit
data/digit/s11/d9/d9.mp4,s11,d9,52,1280x720,unsplit
data/digit/s11/d10/d10.mp4,s11,d10,54,1280x720,unsplit
data/digit/s12/d0/d0.mp4,s12,d0,28,1280x720,unsplit
data/digit/s12/d1/d1.mp4,s12,d1,30,1280x720,unsplit
data/digit/s12/d2/d2.mp4,s12,d2,38,1280x720,unsplit
data/digit/s12/d3/d3.mp4,s12,d3,41,1280x720,unsplit
data/digit/s12/d4/d4.mp4,s12,d4,50,1280x720,unsplit
data/digit/s12/d5/d5.mp4,s12,d5,55,1280x720,unsplit
data/digit/s12/d6/d6.mp4,s12,d6,44,1280x720,unsplit
data/digit/s12/d7/d7.mp4,s12,d7,49,1280x720,unsplit
data/digit/s12/d8/d8.mp4,s12,d8,30,1280x720,unsplit
data/digit/s12/d9/d9.mp4,s12,d9,32,1280x720,unsplit
data/digit/s12/d10/d10.mp4,s12,d10,36,1280x720,unsplit
data/digit/s13/d0/d0.mp4,s13,d0,33,1280x720,unsplit
data/digit/s13/d1/d1.mp4,s13,d1,44,1280x720,unsplit
data/digit/s13/d2/d2.mp4,s13,d2,44,1280x720,unsplit
data/digit/s13/d3/d3.mp4,s13,d3,49,1280x720,unsplit
data/digit/s13/d4/d4.mp4,s13,d4,47,1280x720,unsplit
data/digit/s13/d5/d5.mp4,s13,d5,45,1280x720,unsplit
data/digit/s13/d6/d6.mp4,s13,d6,56,1280x720,unsplit
data/digit/s13/d7/d7.mp4,s13,d7,46,1280x720,unsplit
data/digit/s13/d8/d8.mp4,s13,d8,56,1280x720,unsplit
data/digit/s13/d9/d9.mp4,s13,d9,45,1280x720,unsplit
data/digit/s13/d10/d10.mp4,s13,d10,60,1280x720,unsplit
data/digit/s14/d0/d0.mp4,s14,d0,32,720x1280,unsplit
data/digit/s14/d1/d1.mp4,s14,d1,30,720x1280,unsplit
data/digit/s14/d2/d2.mp4,s14,d2,32,720x1280,unsplit
data/digit/s14/d3/d3.mp4,s14,d3,45,720x1280,unsplit
data/digit/s14/d4/d4.mp4,s14,d4,50,720x1280,unsplit
data/digit/s14/d5/d5.mp4,s14,d5,40,720x1280,unsplit
data/digit/s14/d6/d6.mp4,s14,d6,56,720x1280,unsplit
data/digit/s14/d7/d7.mp4,s14,d7,42,720x1280,unsplit
data/digit/s14/d8/d8.mp4,s14,d8,40,720x1280,unsplit
data/digit/s14/d9/d9.mp4,s14,d9,68,720x1280,unsplit
data/digit/s14/d10/d10.mp4,s14,d10,56,720x1280,unsplit
data/digit/s15/d0/d0.mp4,s15,d0,59,720x1280,unsplit
data/digit/s15/d1/d1.mp4,s15,d1,92,720x1280,unsplit
data/digit/s15/d2/d2.mp4,s15,d2,53,720x1280,unsplit
data/digit/s15/d3/d3.mp4,s15,d3,38,720x1280,unsplit
data/digit/s15/d4/d4.mp4,s15,d4,56,720x1280,unsplit
data/digit/s15/d5/d5.mp4,s15,d5,53,720x1280,unsplit
data/digit/s15/d6/d6.mp4,s15,d6,85,720x1280,unsplit
data/digit/s15/d7/d7.mp4,s15,d7,55,720x1280,unsplit
data/digit/s15/d8/d8.mp4,s15,d8,55,720x1280,unsplit
data/digit/s15/d9/d9.mp4,s15,d9,53,720x1280,unsplit
data/digit/s15/d10/d10.mp4,s15,d10,43,720x1280,unsplit
data/digit/s16/d0/d0.mp4,s16,d0,51,720x1280,unsplit
data/digit/s16/d1/d1.mp4,s16,d1,59,720x1280,unsplit
data/digit/s16/d2/d2.mp4,s16,d2,47,720x1280,unsplit
data/digit/s16/d3/d3.mp4,s16,d3,45,720x1280,unsplit
data/digit/s16/d4/d4.mp4,s16,d4,51,720x1280,unsplit
data/digit/s16/d5/d5.mp4,s16,d5,51,720x1280,unsplit
data/digit/s16/d6/d6.mp4,s16,d6,40,720x1280,unsplit
data/digit/s16/d7/d7.mp4,s16,d7,59,720x1280,unsplit
data/digit/s16/d8/d8.mp4,s16,d8,51,720x1280,unsplit
data/digit/s16/d9/d9.mp4,s16,d9,46,720x1280,unsplit
data/digit/s16/d10/d10.mp4,s16,d10,52,720x1280,unsplit
data/digit/s17/d0/d0.mp4,s17,d0,32,720x1280,unsplit
data/digit/s17/d1/d1.mp4,s17,d1,38,720x1280,unsplit
data/digit/s17/d2/d2.mp4,s17,d2,53,720x1280,unsplit
data/digit/s17/d3/d3.mp4,s17,d3,37,720x1280,unsplit
data/digit/s17/d4/d4.mp4,s17,d4,41,720x1280,unsplit
data/digit/s17/d5/d5.mp4,s17,d5,25,720x1280,unsplit
data/digit/s17/d6/d6.mp4,s17,d6,37,720x1280,unsplit
data/digit/s17/d7/d7.mp4,s17,d7,35,720x1280,unsplit
data/digit/s17/d8/d8.mp4,s17,d8,38,720x1280,unsplit
data/digit/s17/d9/d9.mp4,s17,d9,36,720x1280,unsplit
data/digit/s17/d10/d10.mp4,s17,d10,31,720x1280,unsplit
data/digit/s18/d0/d0.mp4,s18,d0,29,720x1280,unsplit
data/digit/s18/d1/d1.mp4,s18,d1,41,720x1280,unsplit
data/digit/s18/d2/d2.mp4,s18,d2,49,720x1280,unsplit
data/digit/s18/d3/d3.mp4,s18,d3,45,720x1280,unsplit
data/digit/s18/d4/d4.mp4,s18,d4,34,720x1280,unsplit
data/digit/s18/d5/d5.mp4,s18,d5,44,720x1280,unsplit
data/digit/s18/d6/d6.mp4,s18,d6,46,720x1280,unsplit
data/digit/s18/d7/d7.mp4,s18,d7,44,720x1280,unsplit
data/digit/s18/d8/d8.mp4,s18,d8,39,720x1280,unsplit
data/digit/s18/d9/d9.mp4,s18,d9,38,720x1280,unsplit
data/digit/s18/d10/d10.mp4,s18,d10,49,720x1280,unsplit
data/digit/s19/d0/d0.mp4,s19,d0,41,720x1280,unsplit
data/digit/s19/d1/d1.mp4,s19,d1,40,720x1280,unsplit
data/digit/s19/d2/d2.mp4,s19,d2,45,720x1280,unsplit
data/digit/s19/d3/d3.mp4,s19,d3,45,720x1280,unsplit
data/digit/s19/d4/d4.mp4,s19,d4,60,720x1280,unsplit
data/digit/s19/d5/d5.mp4,s19,d5,45,720x1280,unsplit
data/digit/s19/d6/d6.mp4,s19,d6,64,720x1280,unsplit
data/digit/s19/d7/d7.mp4,s19,d7,44,720x1280,unsplit
data/digit/s19/d8/d8.mp4,s19,d8,41,720x1280,unsplit
data/digit/s19/d9/d9.mp4,s19,d9,48,720x1280,unsplit
data/digit/s19/d10/d10.mp4,s19,d10,43,720x1280,unsplit
data/digit/s20/d0/d0.mp4,s20,d0,45,720x1280,unsplit
data/digit/s20/d1/d1.mp4,s20,d1,37,720x1280,unsplit
data/digit/s20/d2/d2.mp4,s20,d2,46,1080x1920,unsplit
data/digit/s20/d3/d3.mp4,s20,d3,48,720x1280,unsplit
data/digit/s20/d4/d4.mp4,s20,d4,60,720x1280,unsplit
data/digit/s20/d5/d5.mp4,s20,d5,43,720x1280,unsplit
data/digit/s20/d6/d6.mp4,s20,d6,41,720x1280,unsplit
data/digit/s20/d7/d7.mp4,s20,d7,44,720x1280,unsplit
data/digit/s20/d8/d8.mp4,s20,d8,39,720x1280,unsplit
data/digit/s20/d9/d9.mp4,s20,d9,35,720x1280,unsplit
data/digit/s20/d10/d10.mp4,s20,d10,41,720x1280,unsplit
data/digit/s21/d0/d0.mp4,s21,d0,49,720x1280,unsplit
data/digit/s21/d1/d1.mp4,s21,d1,74,720x1280,unsplit
data/digit/s21/d2/d2.mp4,s21,d2,51,720x1280,unsplit
data/digit/s21/d3/d3.mp4,s21,d3,60,720x1280,unsplit
data/digit/s21/d4/d4.mp4,s21,d4,90,720x1280,unsplit
data/digit/s21/d5/d5.mp4,s21,d5,64,720x1280,unsplit
data/digit/s21/d6/d6.mp4,s21,d6,76,720x1280,unsplit
data/digit/s21/d7/d7.mp4,s21,d7,87,720x1280,unsplit
data/digit/s21/d8/d8.mp4,s21,d8,72,720x1280,unsplit
data/digit/s21/d9/d9.mp4,s21,d9,76,720x1280,unsplit
data/digit/s21/d10/d10.mp4,s21,d10,74,720x1280,unsplit
data/digit/s22/d0/d0.mp4,s22,d0,25,720x1280,unsplit
data/digit/s22/d1/d1.mp4,s22,d1,31,720x1280,unsplit
data/digit/s22/d2/d2.mp4,s22,d2,41,720x1280,unsplit
data/digit/s22/d3/d3.mp4,s22,d3,28,720x1280,unsplit
data/digit/s22/d4/d4.mp4,s22,d4,55,720x1280,unsplit
data/digit/s22/d5/d5.mp4,s22,d5,37,720x1280,unsplit
data/digit/s22/d6/d6.mp4,s22,d6,42,720x1280,unsplit
data/digit/s22/d7/d7.mp4,s22,d7,46,720x1280,unsplit
data/digit/s22/d8/d8.mp4,s22,d8,36,720x1280,unsplit
data/digit/s22/d9/d9.mp4,s22,d9,36,720x1280,unsplit
data/digit/s22/d10/d10.mp4,s22,d10,32,720x1280,unsplit
data/digit/s23/d0/d0.mp4,s23,d0,35,720x1280,unsplit
data/digit/s23/d1/d1.mp4,s23,d1,42,720x1280,unsplit
data/digit/s23/d2/d2.mp4,s23,d2,44,720x1280,unsplit
data/digit/s23/d3/d3.mp4,s23,d3,30,720x1280,unsplit
data/digit/s23/d4/d4.mp4,s23,d4,48,720x1280,unsplit
data/digit/s23/d5/d5.mp4,s23,d5,44,720x1280,unsplit
data/digit/s23/d6/d6.mp4,s23,d6,34,720x1280,unsplit
data/digit/s23/d7/d7.mp4,s23,d7,45,720x1280,unsplit
data/digit/s23/d8/d8.mp4,s23,d8,42,720x1280,unsplit
data/digit/s23/d9/d9.mp4,s23,d9,34,720x1280,unsplit
data/digit/s23/d10/d10.mp4,s23,d10,30,720x1280,unsplit
data/digit/s24/d0/d0.mp4,s24,d0,30,720x1280,unsplit
data/digit/s24/d1/d1.mp4,s24,d1,31,720x1280,unsplit
data/digit/s24/d2/d2.mp4,s24,d2,39,720x1280,unsplit
data/digit/s24/d3/d3.mp4,s24,d3,28,720x1280,unsplit
data/digit/s24/d4/d4.mp4,s24,d4,37,720x1280,unsplit
data/digit/s24/d5/d5.mp4,s24,d5,33,720x1280,unsplit
data/digit/s24/d6/d6.mp4,s24,d6,34,720x1280,unsplit
data/digit/s24/d7/d7.mp4,s24,d7,31,720x1280,unsplit
data/digit/s24/d8/d8.mp4,s24,d8,31,720x1280,unsplit
data/digit/s24/d9/d9.mp4,s24,d9,31,720x1280,unsplit
data/digit/s24/d10/d10.mp4,s24,d10,30,720x1280,unsplit
data/digit/s25/d0/d0.mp4,s25,d0,42,720x1280,unsplit
data/digit/s25/d1/d1.mp4,s25,d1,41,720x1280,unsplit
data/digit/s25/d2/d2.mp4,s25,d2,41,720x1280,unsplit
data/digit/s25/d3/d3.mp4,s25,d3,39,720x1280,unsplit
data/digit/s25/d4/d4.mp4,s25,d4,39,720x1280,unsplit
data/digit/s25/d5/d5.mp4,s25,d5,41,720x1280,unsplit
data/digit/s25/d6/d6.mp4,s25,d6,41,720x1280,unsplit
data/digit/s25/d7/d7.mp4,s25,d7,44,720x1280,unsplit
data/digit/s25/d8/d8.mp4,s25,d8,33,720x1280,unsplit
data/digit/s25/d9/d9.mp4,s25,d9,41,720x1280,unsplit
data/digit/s25/d10/d10.mp4,s25,d10,34,720x1280,unsplit
data/digit/s26/d0/d0.mp4,s26,d0,25,720x1280,unsplit
data/digit/s26/d1/d1.mp4,s26,d1,27,720x1280,unsplit
data/digit/s26/d2/d2.mp4,s26,d2,26,960x1280,unsplit
data/digit/s26/d3/d3.mp4,s26,d3,28,720x1280,unsplit
data/digit/s26/d4/d4.mp4,s26,d4,34,720x1280,unsplit
data/digit/s26/d5/d5.mp4,s26,d5,41,720x1280,unsplit
data/digit/s26/d6/d6.mp4,s26,d6,24,720x1280,unsplit
data/digit/s26/d7/d7.mp4,s26,d7,28,720x1280,unsplit
data/digit/s26/d8/d8.mp4,s26,d8,25,720x1280,unsplit
data/digit/s26/d9/d9.mp4,s26,d9,43,720x1280,unsplit
data/digit/s26/d10/d10.mp4,s26,d10,15,720x1280,unsplit
data/digit/s27/d0/d0.mp4,s27,d0,25,720x1280,unsplit
data/digit/s27/d1/d1.mp4,s27,d1,29,720x1280,unsplit
data/digit/s27/d2/d2.mp4,s27,d2,37,720x1280,unsplit
data/digit/s27/d3/d3.mp4,s27,d3,29,720x1280,unsplit
data/digit/s27/d4/d4.mp4,s27,d4,38,720x1280,unsplit
data/digit/s27/d5/d5.mp4,s27,d5,32,720x1280,unsplit
data/digit/s27/d6/d6.mp4,s27,d6,38,720x1280,unsplit
data/digit/s27/d7/d7.mp4,s27,d7,45,720x1280,unsplit
data/digit/s27/d8/d8.mp4,s27,d8,32,720x1280,unsplit
data/digit/s27/d9/d9.mp4,s27,d9,29,720x1280,unsplit
data/digit/s27/d10/d10.mp4,s27,d10,29,720x1280,unsplit
data/digit/s28/d0/d0.mp4,s28,d0,23,720x1280,unsplit
data/digit/s28/d1/d1.mp4,s28,d1,35,720x1280,unsplit
data/digit/s28/d2/d2.mp4,s28,d2,55,720x1280,unsplit
data/digit/s28/d3/d3.mp4,s28,d3,35,720x1280,unsplit
data/digit/s28/d4/d4.mp4,s28,d4,44,720x1280,unsplit
data/digit/s28/d5/d5.mp4,s28,d5,31,720x1280,unsplit
data/digit/s28/d6/d6.mp4,s28,d6,21,720x1280,unsplit
data/digit/s28/d7/d7.mp4,s28,d7,42,720x1280,unsplit
data/digit/s28/d8/d8.mp4,s28,d8,29,720x1280,unsplit
data/digit/s28/d9/d9.mp4,s28,d9,29,720x1280,unsplit
data/digit/s28/d10/d10.mp4,s28,d10,38,720x1280,unsplit
data/digit/s29/d0/d0.mp4,s29,d0,33,720x1280,unsplit
data/digit/s29/d1/d1.mp4,s29,d1,34,720x1280,unsplit
data/digit/s29/d2/d2.mp4,s29,d2,37,720x1280,unsplit
data/digit/s29/d3/d3.mp4,s29,d3,34,720x1280,unsplit
data/digit/s29/d4/d4.mp4,s29,d4,32,720x1280,unsplit
data/digit/s29/d5/d5.mp4,s29,d5,29,720x1280,unsplit
data/digit/s29/d6/d6.mp4,s29,d6,35,720x1280,unsplit
data/digit/s29/d7/d7.mp4,s29,d7,34,720x1280,unsplit
data/digit/s29/d8/d8.mp4,s29,d8,35,720x1280,unsplit
data/digit/s29/d9/d9.mp4,s29,d9,27,720x1280,unsplit
data/digit/s29/d10/d10.mp4,s29,d10,34,720x1280,unsplit
data/digit/s30/d0/d0.mp4,s30,d0,31,1280x720,unsplit
data/digit/s30/d1/d1.mp4,s30,d1,30,1280x720,unsplit
data/digit/s30/d2/d2.mp4,s30,d2,54,720x1280,unsplit
data/digit/s30/d3/d3.mp4,s30,d3,23,1280x720,unsplit
data/digit/s30/d4/d4.mp4,s30,d4,36,1280x720,unsplit
data/digit/s30/d5/d5.mp4,s30,d5,18,1280x720,unsplit
data/digit/s30/d6/d6.mp4,s30,d6,23,1280x720,unsplit
data/digit/s30/d7/d7.mp4,s30,d7,35,1280x720,unsplit
data/digit/s30/d8/d8.mp4,s30,d8,37,1280x720,unsplit
data/digit/s30/d9/d9.mp4,s30,d9,34,1280x720,unsplit
data/digit/s30/d10/d10.mp4,s30,d10,23,1280x720,unsplit
