video_id,speaker_id,digit,digit_label,tai_phake_word,file_name,relative_path,duration_sec,fps,frame_count,width,height,is_valid,notes
s14_d0,s14,d0,Zero,Pau,d0.mp4,s14/d0/d0.mp4,1.07,30.0,32,720,1280,True,OK
s14_d1,s14,d1,One,Nung,d1.mp4,s14/d1/d1.mp4,1.0,30.0,30,720,1280,True,OK
s14_d10,s14,d10,Ten,Sip,d10.mp4,s14/d10/d10.mp4,1.87,30.0,56,720,1280,True,OK
s14_d2,s14,d2,Two,Saung,d2.mp4,s14/d2/d2.mp4,1.07,30.0187617260788,32,720,1280,True,OK
s14_d3,s14,d3,Three,Sam,d3.mp4,s14/d3/d3.mp4,1.5,30.0,45,720,1280,True,OK
s14_d4,s14,d4,Four,Si,d4.mp4,s14/d4/d4.mp4,1.67,30.0,50,720,1280,True,OK
s14_d5,s14,d5,Five,Ha,d5.mp4,s14/d5/d5.mp4,1.33,30.0,40,720,1280,True,OK
s14_d6,s14,d6,Six,Hok,d6.mp4,s14/d6/d6.mp4,1.93,30.0,58,720,1280,True,OK
s14_d7,s14,d7,Seven,Chit,d7.mp4,s14/d7/d7.mp4,1.4,30.0,42,720,1280,True,OK
s14_d8,s14,d8,Eight,Pet,d8.mp4,s14/d8/d8.mp4,1.33,30.0,40,720,1280,True,OK
s14_d9,s14,d9,Nine,Kao,d9.mp4,s14/d9/d9.mp4,2.27,30.0,68,720,1280,True,OK
s22_d0,s22,d0,Zero,Pau,d0.mp4,s22/d0/d0.mp4,0.83,30.0,25,720,1280,True,OK
s22_d1,s22,d1,One,Nung,d1.mp4,s22/d1/d1.mp4,1.03,30.0,31,720,1280,True,OK
s22_d10,s22,d10,Ten,Sip,d10.mp4,s22/d10/d10.mp4,1.07,30.0,32,720,1280,True,OK
s22_d2,s22,d2,Two,Saung,d2.mp4,s22/d2/d2.mp4,1.37,30.0,41,720,1280,True,OK
s22_d3,s22,d3,Three,Sam,d3.mp4,s22/d3/d3.mp4,0.93,30.0,28,720,1280,True,OK
s22_d4,s22,d4,Four,Si,d4.mp4,s22/d4/d4.mp4,1.81,30.380958810784932,55,720,1280,True,OK
s22_d5,s22,d5,Five,Ha,d5.mp4,s22/d5/d5.mp4,1.23,30.0,37,720,1280,True,OK
s22_d6,s22,d6,Six,Hok,d6.mp4,s22/d6/d6.mp4,1.4,30.0,42,720,1280,True,OK
s22_d7,s22,d7,Seven,Chit,d7.mp4,s22/d7/d7.mp4,1.53,30.0,46,720,1280,True,OK
s22_d8,s22,d8,Eight,Pet,d8.mp4,s22/d8/d8.mp4,1.2,30.0,36,720,1280,True,OK
s22_d9,s22,d9,Nine,Kao,d9.mp4,s22/d9/d9.mp4,1.2,30.0,36,720,1280,True,OK
s28_d0,s28,d0,Zero,Pau,d0.mp4,s28/d0/d0.mp4,0.77,30.0,23,720,1280,True,OK
s28_d1,s28,d1,One,Nung,d1.mp4,s28/d1/d1.mp4,1.17,30.0,35,720,1280,True,OK
s28_d10,s28,d10,Ten,Sip,d10.mp4,s28/d10/d10.mp4,1.27,30.0,38,720,1280,True,OK
s28_d2,s28,d2,Two,Saung,d2.mp4,s28/d2/d2.mp4,1.81,30.380958810784932,55,720,1280,True,OK
s28_d3,s28,d3,Three,Sam,d3.mp4,s28/d3/d3.mp4,1.17,30.0,35,720,1280,True,OK
s28_d4,s28,d4,Four,Si,d4.mp4,s28/d4/d4.mp4,1.47,30.0,44,720,1280,True,OK
s28_d5,s28,d5,Five,Ha,d5.mp4,s28/d5/d5.mp4,1.03,30.0,31,720,1280,True,OK
s28_d6,s28,d6,Six,Hok,d6.mp4,s28/d6/d6.mp4,0.7,30.0,21,720,1280,True,OK
s28_d7,s28,d7,Seven,Chit,d7.mp4,s28/d7/d7.mp4,1.4,30.0,42,720,1280,True,OK
s28_d8,s28,d8,Eight,Pet,d8.mp4,s28/d8/d8.mp4,0.97,30.0,29,720,1280,True,OK
s28_d9,s28,d9,Nine,Kao,d9.mp4,s28/d9/d9.mp4,0.97,30.0,29,720,1280,True,OK
s30_d0,s30,d0,Zero,Pau,d0.mp4,s30/d0/d0.mp4,1.03,30.0,31,1280,720,True,OK
s30_d1,s30,d1,One,Nung,d1.mp4,s30/d1/d1.mp4,1.0,30.0,30,1280,720,True,OK
s30_d10,s30,d10,Ten,Sip,d10.mp4,s30/d10/d10.mp4,0.77,30.0,23,1280,720,True,OK
s30_d2,s30,d2,Two,Saung,d2.mp4,s30/d2/d2.mp4,1.78,30.380696380571358,54,720,1280,True,OK
s30_d3,s30,d3,Three,Sam,d3.mp4,s30/d3/d3.mp4,0.77,30.0,23,1280,720,True,OK
s30_d4,s30,d4,Four,Si,d4.mp4,s30/d4/d4.mp4,1.2,30.0,36,1280,720,True,OK
s30_d5,s30,d5,Five,Ha,d5.mp4,s30/d5/d5.mp4,0.6,30.0,18,1280,720,True,OK
s30_d6,s30,d6,Six,Hok,d6.mp4,s30/d6/d6.mp4,0.77,30.0,23,1280,720,True,OK
s30_d7,s30,d7,Seven,Chit,d7.mp4,s30/d7/d7.mp4,1.17,30.0,35,1280,720,True,OK
s30_d8,s30,d8,Eight,Pet,d8.mp4,s30/d8/d8.mp4,1.23,30.0,37,1280,720,True,OK
s30_d9,s30,d9,Nine,Kao,d9.mp4,s30/d9/d9.mp4,1.13,30.0,34,1280,720,True,OK
