speaker,base_speaker,digit,digit_id,split,raw_frame_count
s10,s10,d0,0,train,48
s10,s10,d1,1,train,60
s10,s10,d2,2,train,68
s10,s10,d3,3,train,54
s10,s10,d4,4,train,51
s10,s10,d5,5,train,47
s10,s10,d6,6,train,44
s10,s10,d7,7,train,41
s10,s10,d8,8,train,45
s10,s10,d9,9,train,46
s10,s10,d10,10,train,50
s10_aug1,s10,d0,0,train,48
s10_aug1,s10,d1,1,train,60
s10_aug1,s10,d2,2,train,68
s10_aug1,s10,d3,3,train,54
s10_aug1,s10,d4,4,train,51
s10_aug1,s10,d5,5,train,47
s10_aug1,s10,d6,6,train,44
s10_aug1,s10,d7,7,train,41
s10_aug1,s10,d8,8,train,45
s10_aug1,s10,d9,9,train,46
s10_aug1,s10,d10,10,train,50
s10_aug2,s10,d0,0,train,48
s10_aug2,s10,d1,1,train,60
s10_aug2,s10,d2,2,train,68
s10_aug2,s10,d3,3,train,54
s10_aug2,s10,d4,4,train,51
s10_aug2,s10,d5,5,train,47
s10_aug2,s10,d6,6,train,44
s10_aug2,s10,d7,7,train,41
s10_aug2,s10,d8,8,train,45
s10_aug2,s10,d9,9,train,46
s10_aug2,s10,d10,10,train,50
s10_aug3,s10,d0,0,train,48
s10_aug3,s10,d1,1,train,60
s10_aug3,s10,d2,2,train,68
s10_aug3,s10,d3,3,train,54
s10_aug3,s10,d4,4,train,51
s10_aug3,s10,d5,5,train,47
s10_aug3,s10,d6,6,train,44
s10_aug3,s10,d7,7,train,41
s10_aug3,s10,d8,8,train,45
s10_aug3,s10,d9,9,train,46
s10_aug3,s10,d10,10,train,50
s10_aug4,s10,d0,0,train,48
s10_aug4,s10,d1,1,train,60
s10_aug4,s10,d2,2,train,68
s10_aug4,s10,d3,3,train,54
s10_aug4,s10,d4,4,train,51
s10_aug4,s10,d5,5,train,47
s10_aug4,s10,d6,6,train,44
s10_aug4,s10,d7,7,train,41
s10_aug4,s10,d8,8,train,45
s10_aug4,s10,d9,9,train,46
s10_aug4,s10,d10,10,train,50
s11,s11,d0,0,train,45
s11,s11,d1,1,train,34
s11,s11,d2,2,train,51
s11,s11,d3,3,train,43
s11,s11,d4,4,train,40
s11,s11,d5,5,train,77
s11,s11,d6,6,train,42
s11,s11,d7,7,train,37
s11,s11,d8,8,train,42
s11,s11,d9,9,train,52
s11,s11,d10,10,train,54
s11_aug1,s11,d0,0,train,45
s11_aug1,s11,d1,1,train,34
s11_aug1,s11,d2,2,train,51
s11_aug1,s11,d3,3,train,43
s11_aug1,s11,d4,4,train,40
s11_aug1,s11,d5,5,train,77
s11_aug1,s11,d6,6,train,42
s11_aug1,s11,d7,7,train,37
s11_aug1,s11,d8,8,train,42
s11_aug1,s11,d9,9,train,52
s11_aug1,s11,d10,10,train,54
s11_aug2,s11,d0,0,train,45
s11_aug2,s11,d1,1,train,34
s11_aug2,s11,d2,2,train,51
s11_aug2,s11,d3,3,train,43
s11_aug2,s11,d4,4,train,40
s11_aug2,s11,d5,5,train,77
s11_aug2,s11,d6,6,train,42
s11_aug2,s11,d7,7,train,37
s11_aug2,s11,d8,8,train,42
s11_aug2,s11,d9,9,train,52
s11_aug2,s11,d10,10,train,54
s11_aug3,s11,d0,0,train,45
s11_aug3,s11,d1,1,train,34
s11_aug3,s11,d2,2,train,51
s11_aug3,s11,d3,3,train,43
s11_aug3,s11,d4,4,train,40
s11_aug3,s11,d5,5,train,77
s11_aug3,s11,d6,6,train,42
s11_aug3,s11,d7,7,train,37
s11_aug3,s11,d8,8,train,42
s11_aug3,s11,d9,9,train,52
s11_aug3,s11,d10,10,train,54
s11_aug4,s11,d0,0,train,45
s11_aug4,s11,d1,1,train,34
s11_aug4,s11,d2,2,train,51
s11_aug4,s11,d3,3,train,43
s11_aug4,s11,d4,4,train,40
s11_aug4,s11,d5,5,train,77
s11_aug4,s11,d6,6,train,42
s11_aug4,s11,d7,7,train,37
s11_aug4,s11,d8,8,train,42
s11_aug4,s11,d9,9,train,52
s11_aug4,s11,d10,10,train,54
s12,s12,d0,0,train,28
s12,s12,d1,1,train,30
s12,s12,d2,2,train,38
s12,s12,d3,3,train,41
s12,s12,d4,4,train,50
s12,s12,d5,5,train,55
s12,s12,d6,6,train,44
s12,s12,d7,7,train,49
s12,s12,d8,8,train,30
s12,s12,d9,9,train,32
s12,s12,d10,10,train,36
s12_aug1,s12,d0,0,train,28
s12_aug1,s12,d1,1,train,30
s12_aug1,s12,d2,2,train,38
s12_aug1,s12,d3,3,train,41
s12_aug1,s12,d4,4,train,50
s12_aug1,s12,d5,5,train,55
s12_aug1,s12,d6,6,train,44
s12_aug1,s12,d7,7,train,49
s12_aug1,s12,d8,8,train,30
s12_aug1,s12,d9,9,train,32
s12_aug1,s12,d10,10,train,36
s12_aug2,s12,d0,0,train,28
s12_aug2,s12,d1,1,train,30
s12_aug2,s12,d2,2,train,38
s12_aug2,s12,d3,3,train,41
s12_aug2,s12,d4,4,train,50
s12_aug2,s12,d5,5,train,55
s12_aug2,s12,d6,6,train,44
s12_aug2,s12,d7,7,train,49
s12_aug2,s12,d8,8,train,30
s12_aug2,s12,d9,9,train,32
s12_aug2,s12,d10,10,train,36
s12_aug3,s12,d0,0,train,28
s12_aug3,s12,d1,1,train,30
s12_aug3,s12,d2,2,train,38
s12_aug3,s12,d3,3,train,41
s12_aug3,s12,d4,4,train,50
s12_aug3,s12,d5,5,train,55
s12_aug3,s12,d6,6,train,44
s12_aug3,s12,d7,7,train,49
s12_aug3,s12,d8,8,train,30
s12_aug3,s12,d9,9,train,32
s12_aug3,s12,d10,10,train,36
s12_aug4,s12,d0,0,train,28
s12_aug4,s12,d1,1,train,30
s12_aug4,s12,d2,2,train,38
s12_aug4,s12,d3,3,train,41
s12_aug4,s12,d4,4,train,50
s12_aug4,s12,d5,5,train,55
s12_aug4,s12,d6,6,train,44
s12_aug4,s12,d7,7,train,49
s12_aug4,s12,d8,8,train,30
s12_aug4,s12,d9,9,train,32
s12_aug4,s12,d10,10,train,36
s13,s13,d0,0,train,33
s13,s13,d1,1,train,44
s13,s13,d2,2,train,44
s13,s13,d3,3,train,49
s13,s13,d4,4,train,47
s13,s13,d5,5,train,45
s13,s13,d6,6,train,56
s13,s13,d7,7,train,46
s13,s13,d8,8,train,56
s13,s13,d9,9,train,45
s13,s13,d10,10,train,60
s13_aug1,s13,d0,0,train,33
s13_aug1,s13,d1,1,train,44
s13_aug1,s13,d2,2,train,44
s13_aug1,s13,d3,3,train,49
s13_aug1,s13,d4,4,train,47
s13_aug1,s13,d5,5,train,45
s13_aug1,s13,d6,6,train,56
s13_aug1,s13,d7,7,train,46
s13_aug1,s13,d8,8,train,56
s13_aug1,s13,d9,9,train,45
s13_aug1,s13,d10,10,train,60
s13_aug2,s13,d0,0,train,33
s13_aug2,s13,d1,1,train,44
s13_aug2,s13,d2,2,train,44
s13_aug2,s13,d3,3,train,49
s13_aug2,s13,d4,4,train,47
s13_aug2,s13,d5,5,train,45
s13_aug2,s13,d6,6,train,56
s13_aug2,s13,d7,7,train,46
s13_aug2,s13,d8,8,train,56
s13_aug2,s13,d9,9,train,45
s13_aug2,s13,d10,10,train,60
s13_aug3,s13,d0,0,train,33
s13_aug3,s13,d1,1,train,44
s13_aug3,s13,d2,2,train,44
s13_aug3,s13,d3,3,train,49
s13_aug3,s13,d4,4,train,47
s13_aug3,s13,d5,5,train,45
s13_aug3,s13,d6,6,train,56
s13_aug3,s13,d7,7,train,46
s13_aug3,s13,d8,8,train,56
s13_aug3,s13,d9,9,train,45
s13_aug3,s13,d10,10,train,60
s13_aug4,s13,d0,0,train,33
s13_aug4,s13,d1,1,train,44
s13_aug4,s13,d2,2,train,44
s13_aug4,s13,d3,3,train,49
s13_aug4,s13,d4,4,train,47
s13_aug4,s13,d5,5,train,45
s13_aug4,s13,d6,6,train,56
s13_aug4,s13,d7,7,train,46
s13_aug4,s13,d8,8,train,56
s13_aug4,s13,d9,9,train,45
s13_aug4,s13,d10,10,train,60
s14,s14,d0,0,train,32
s14,s14,d1,1,train,30
s14,s14,d2,2,train,32
s14,s14,d3,3,train,45
s14,s14,d4,4,train,50
s14,s14,d5,5,train,40
s14,s14,d6,6,train,56
s14,s14,d7,7,train,42
s14,s14,d8,8,train,40
s14,s14,d9,9,train,68
s14,s14,d10,10,train,56
s14_aug1,s14,d0,0,train,32
s14_aug1,s14,d1,1,train,30
s14_aug1,s14,d2,2,train,32
s14_aug1,s14,d3,3,train,45
s14_aug1,s14,d4,4,train,50
s14_aug1,s14,d5,5,train,40
s14_aug1,s14,d6,6,train,56
s14_aug1,s14,d7,7,train,42
s14_aug1,s14,d8,8,train,40
s14_aug1,s14,d9,9,train,68
s14_aug1,s14,d10,10,train,56
s14_aug2,s14,d0,0,train,32
s14_aug2,s14,d1,1,train,30
s14_aug2,s14,d2,2,train,32
s14_aug2,s14,d3,3,train,45
s14_aug2,s14,d4,4,train,50
s14_aug2,s14,d5,5,train,40
s14_aug2,s14,d6,6,train,56
s14_aug2,s14,d7,7,train,42
s14_aug2,s14,d8,8,train,40
s14_aug2,s14,d9,9,train,68
s14_aug2,s14,d10,10,train,56
s14_aug3,s14,d0,0,train,32
s14_aug3,s14,d1,1,train,30
s14_aug3,s14,d2,2,train,32
s14_aug3,s14,d3,3,train,45
s14_aug3,s14,d4,4,train,50
s14_aug3,s14,d5,5,train,40
s14_aug3,s14,d6,6,train,56
s14_aug3,s14,d7,7,train,42
s14_aug3,s14,d8,8,train,40
s14_aug3,s14,d9,9,train,68
s14_aug3,s14,d10,10,train,56
s14_aug4,s14,d0,0,train,32
s14_aug4,s14,d1,1,train,30
s14_aug4,s14,d2,2,train,32
s14_aug4,s14,d3,3,train,45
s14_aug4,s14,d4,4,train,50
s14_aug4,s14,d5,5,train,40
s14_aug4,s14,d6,6,train,56
s14_aug4,s14,d7,7,train,42
s14_aug4,s14,d8,8,train,40
s14_aug4,s14,d9,9,train,68
s14_aug4,s14,d10,10,train,56
s15,s15,d0,0,train,59
s15,s15,d1,1,train,92
s15,s15,d2,2,train,53
s15,s15,d3,3,train,38
s15,s15,d4,4,train,56
s15,s15,d5,5,train,53
s15,s15,d6,6,train,85
s15,s15,d7,7,train,55
s15,s15,d8,8,train,55
s15,s15,d9,9,train,53
s15,s15,d10,10,train,43
s15_aug1,s15,d0,0,train,59
s15_aug1,s15,d1,1,train,92
s15_aug1,s15,d2,2,train,53
s15_aug1,s15,d3,3,train,38
s15_aug1,s15,d4,4,train,56
s15_aug1,s15,d5,5,train,53
s15_aug1,s15,d6,6,train,85
s15_aug1,s15,d7,7,train,55
s15_aug1,s15,d8,8,train,55
s15_aug1,s15,d9,9,train,53
s15_aug1,s15,d10,10,train,43
s15_aug2,s15,d0,0,train,59
s15_aug2,s15,d1,1,train,92
s15_aug2,s15,d2,2,train,53
s15_aug2,s15,d3,3,train,38
s15_aug2,s15,d4,4,train,56
s15_aug2,s15,d5,5,train,53
s15_aug2,s15,d6,6,train,85
s15_aug2,s15,d7,7,train,55
s15_aug2,s15,d8,8,train,55
s15_aug2,s15,d9,9,train,53
s15_aug2,s15,d10,10,train,43
s15_aug3,s15,d0,0,train,59
s15_aug3,s15,d1,1,train,92
s15_aug3,s15,d2,2,train,53
s15_aug3,s15,d3,3,train,38
s15_aug3,s15,d4,4,train,56
s15_aug3,s15,d5,5,train,53
s15_aug3,s15,d6,6,train,85
s15_aug3,s15,d7,7,train,55
s15_aug3,s15,d8,8,train,55
s15_aug3,s15,d9,9,train,53
s15_aug3,s15,d10,10,train,43
s15_aug4,s15,d0,0,train,59
s15_aug4,s15,d1,1,train,92
s15_aug4,s15,d2,2,train,53
s15_aug4,s15,d3,3,train,38
s15_aug4,s15,d4,4,train,56
s15_aug4,s15,d5,5,train,53
s15_aug4,s15,d6,6,train,85
s15_aug4,s15,d7,7,train,55
s15_aug4,s15,d8,8,train,55
s15_aug4,s15,d9,9,train,53
s15_aug4,s15,d10,10,train,43
s16,s16,d0,0,train,51
s16,s16,d1,1,train,59
s16,s16,d2,2,train,47
s16,s16,d3,3,train,45
s16,s16,d4,4,train,51
s16,s16,d5,5,train,51
s16,s16,d6,6,train,40
s16,s16,d7,7,train,59
s16,s16,d8,8,train,51
s16,s16,d9,9,train,46
s16,s16,d10,10,train,52
s16_aug1,s16,d0,0,train,51
s16_aug1,s16,d1,1,train,59
s16_aug1,s16,d2,2,train,47
s16_aug1,s16,d3,3,train,45
s16_aug1,s16,d4,4,train,51
s16_aug1,s16,d5,5,train,51
s16_aug1,s16,d6,6,train,40
s16_aug1,s16,d7,7,train,59
s16_aug1,s16,d8,8,train,51
s16_aug1,s16,d9,9,train,46
s16_aug1,s16,d10,10,train,52
s16_aug2,s16,d0,0,train,51
s16_aug2,s16,d1,1,train,59
s16_aug2,s16,d2,2,train,47
s16_aug2,s16,d3,3,train,45
s16_aug2,s16,d4,4,train,51
s16_aug2,s16,d5,5,train,51
s16_aug2,s16,d6,6,train,40
s16_aug2,s16,d7,7,train,59
s16_aug2,s16,d8,8,train,51
s16_aug2,s16,d9,9,train,46
s16_aug2,s16,d10,10,train,52
s16_aug3,s16,d0,0,train,51
s16_aug3,s16,d1,1,train,59
s16_aug3,s16,d2,2,train,47
s16_aug3,s16,d3,3,train,45
s16_aug3,s16,d4,4,train,51
s16_aug3,s16,d5,5,train,51
s16_aug3,s16,d6,6,train,40
s16_aug3,s16,d7,7,train,59
s16_aug3,s16,d8,8,train,51
s16_aug3,s16,d9,9,train,46
s16_aug3,s16,d10,10,train,52
s16_aug4,s16,d0,0,train,51
s16_aug4,s16,d1,1,train,59
s16_aug4,s16,d2,2,train,47
s16_aug4,s16,d3,3,train,45
s16_aug4,s16,d4,4,train,51
s16_aug4,s16,d5,5,train,51
s16_aug4,s16,d6,6,train,40
s16_aug4,s16,d7,7,train,59
s16_aug4,s16,d8,8,train,51
s16_aug4,s16,d9,9,train,46
s16_aug4,s16,d10,10,train,52
s17,s17,d0,0,train,32
s17,s17,d1,1,train,38
s17,s17,d2,2,train,53
s17,s17,d3,3,train,37
s17,s17,d4,4,train,41
s17,s17,d5,5,train,25
s17,s17,d6,6,train,37
s17,s17,d7,7,train,35
s17,s17,d8,8,train,38
s17,s17,d9,9,train,36
s17,s17,d10,10,train,31
s17_aug1,s17,d0,0,train,32
s17_aug1,s17,d1,1,train,38
s17_aug1,s17,d2,2,train,53
s17_aug1,s17,d3,3,train,37
s17_aug1,s17,d4,4,train,41
s17_aug1,s17,d5,5,train,25
s17_aug1,s17,d6,6,train,37
s17_aug1,s17,d7,7,train,35
s17_aug1,s17,d8,8,train,38
s17_aug1,s17,d9,9,train,36
s17_aug1,s17,d10,10,train,31
s17_aug2,s17,d0,0,train,32
s17_aug2,s17,d1,1,train,38
s17_aug2,s17,d2,2,train,53
s17_aug2,s17,d3,3,train,37
s17_aug2,s17,d4,4,train,41
s17_aug2,s17,d5,5,train,25
s17_aug2,s17,d6,6,train,37
s17_aug2,s17,d7,7,train,35
s17_aug2,s17,d8,8,train,38
s17_aug2,s17,d9,9,train,36
s17_aug2,s17,d10,10,train,31
s17_aug3,s17,d0,0,train,32
s17_aug3,s17,d1,1,train,38
s17_aug3,s17,d2,2,train,53
s17_aug3,s17,d3,3,train,37
s17_aug3,s17,d4,4,train,41
s17_aug3,s17,d5,5,train,25
s17_aug3,s17,d6,6,train,37
s17_aug3,s17,d7,7,train,35
s17_aug3,s17,d8,8,train,38
s17_aug3,s17,d9,9,train,36
s17_aug3,s17,d10,10,train,31
s17_aug4,s17,d0,0,train,32
s17_aug4,s17,d1,1,train,38
s17_aug4,s17,d2,2,train,53
s17_aug4,s17,d3,3,train,37
s17_aug4,s17,d4,4,train,41
s17_aug4,s17,d5,5,train,25
s17_aug4,s17,d6,6,train,37
s17_aug4,s17,d7,7,train,35
s17_aug4,s17,d8,8,train,38
s17_aug4,s17,d9,9,train,36
s17_aug4,s17,d10,10,train,31
s18,s18,d0,0,train,29
s18,s18,d1,1,train,41
s18,s18,d2,2,train,49
s18,s18,d3,3,train,45
s18,s18,d4,4,train,34
s18,s18,d5,5,train,44
s18,s18,d6,6,train,46
s18,s18,d7,7,train,44
s18,s18,d8,8,train,39
s18,s18,d9,9,train,38
s18,s18,d10,10,train,49
s18_aug1,s18,d0,0,train,29
s18_aug1,s18,d1,1,train,41
s18_aug1,s18,d2,2,train,49
s18_aug1,s18,d3,3,train,45
s18_aug1,s18,d4,4,train,34
s18_aug1,s18,d5,5,train,44
s18_aug1,s18,d6,6,train,46
s18_aug1,s18,d7,7,train,44
s18_aug1,s18,d8,8,train,39
s18_aug1,s18,d9,9,train,38
s18_aug1,s18,d10,10,train,49
s18_aug2,s18,d0,0,train,29
s18_aug2,s18,d1,1,train,41
s18_aug2,s18,d2,2,train,49
s18_aug2,s18,d3,3,train,45
s18_aug2,s18,d4,4,train,34
s18_aug2,s18,d5,5,train,44
s18_aug2,s18,d6,6,train,46
s18_aug2,s18,d7,7,train,44
s18_aug2,s18,d8,8,train,39
s18_aug2,s18,d9,9,train,38
s18_aug2,s18,d10,10,train,49
s18_aug3,s18,d0,0,train,29
s18_aug3,s18,d1,1,train,41
s18_aug3,s18,d2,2,train,49
s18_aug3,s18,d3,3,train,45
s18_aug3,s18,d4,4,train,34
s18_aug3,s18,d5,5,train,44
s18_aug3,s18,d6,6,train,46
s18_aug3,s18,d7,7,train,44
s18_aug3,s18,d8,8,train,39
s18_aug3,s18,d9,9,train,38
s18_aug3,s18,d10,10,train,49
s18_aug4,s18,d0,0,train,29
s18_aug4,s18,d1,1,train,41
s18_aug4,s18,d2,2,train,49
s18_aug4,s18,d3,3,train,45
s18_aug4,s18,d4,4,train,34
s18_aug4,s18,d5,5,train,44
s18_aug4,s18,d6,6,train,46
s18_aug4,s18,d7,7,train,44
s18_aug4,s18,d8,8,train,39
s18_aug4,s18,d9,9,train,38
s18_aug4,s18,d10,10,train,49
s19,s19,d0,0,train,41
s19,s19,d1,1,train,40
s19,s19,d2,2,train,45
s19,s19,d3,3,train,45
s19,s19,d4,4,train,60
s19,s19,d5,5,train,45
s19,s19,d6,6,train,64
s19,s19,d7,7,train,44
s19,s19,d8,8,train,41
s19,s19,d9,9,train,48
s19,s19,d10,10,train,43
s19_aug1,s19,d0,0,train,41
s19_aug1,s19,d1,1,train,40
s19_aug1,s19,d2,2,train,45
s19_aug1,s19,d3,3,train,45
s19_aug1,s19,d4,4,train,60
s19_aug1,s19,d5,5,train,45
s19_aug1,s19,d6,6,train,64
s19_aug1,s19,d7,7,train,44
s19_aug1,s19,d8,8,train,41
s19_aug1,s19,d9,9,train,48
s19_aug1,s19,d10,10,train,43
s19_aug2,s19,d0,0,train,41
s19_aug2,s19,d1,1,train,40
s19_aug2,s19,d2,2,train,45
s19_aug2,s19,d3,3,train,45
s19_aug2,s19,d4,4,train,60
s19_aug2,s19,d5,5,train,45
s19_aug2,s19,d6,6,train,64
s19_aug2,s19,d7,7,train,44
s19_aug2,s19,d8,8,train,41
s19_aug2,s19,d9,9,train,48
s19_aug2,s19,d10,10,train,43
s19_aug3,s19,d0,0,train,41
s19_aug3,s19,d1,1,train,40
s19_aug3,s19,d2,2,train,45
s19_aug3,s19,d3,3,train,45
s19_aug3,s19,d4,4,train,60
s19_aug3,s19,d5,5,train,45
s19_aug3,s19,d6,6,train,64
s19_aug3,s19,d7,7,train,44
s19_aug3,s19,d8,8,train,41
s19_aug3,s19,d9,9,train,48
s19_aug3,s19,d10,10,train,43
s19_aug4,s19,d0,0,train,41
s19_aug4,s19,d1,1,train,40
s19_aug4,s19,d2,2,train,45
s19_aug4,s19,d3,3,train,45
s19_aug4,s19,d4,4,train,60
s19_aug4,s19,d5,5,train,45
s19_aug4,s19,d6,6,train,64
s19_aug4,s19,d7,7,train,44
s19_aug4,s19,d8,8,train,41
s19_aug4,s19,d9,9,train,48
s19_aug4,s19,d10,10,train,43
s2,s2,d0,0,train,23
s2,s2,d1,1,train,43
s2,s2,d2,2,train,32
s2,s2,d3,3,train,28
s2,s2,d4,4,train,44
s2,s2,d5,5,train,37
s2,s2,d6,6,train,40
s2,s2,d7,7,train,46
s2,s2,d8,8,train,39
s2,s2,d9,9,train,32
s2,s2,d10,10,train,25
s20,s20,d0,0,train,45
s20,s20,d1,1,train,37
s20,s20,d2,2,train,46
s20,s20,d3,3,train,48
s20,s20,d4,4,train,60
s20,s20,d5,5,train,43
s20,s20,d6,6,train,41
s20,s20,d7,7,train,44
s20,s20,d8,8,train,39
s20,s20,d9,9,train,35
s20,s20,d10,10,train,41
s20_aug1,s20,d0,0,train,45
s20_aug1,s20,d1,1,train,37
s20_aug1,s20,d2,2,train,46
s20_aug1,s20,d3,3,train,48
s20_aug1,s20,d4,4,train,60
s20_aug1,s20,d5,5,train,43
s20_aug1,s20,d6,6,train,41
s20_aug1,s20,d7,7,train,44
s20_aug1,s20,d8,8,train,39
s20_aug1,s20,d9,9,train,35
s20_aug1,s20,d10,10,train,41
s20_aug2,s20,d0,0,train,45
s20_aug2,s20,d1,1,train,37
s20_aug2,s20,d2,2,train,46
s20_aug2,s20,d3,3,train,48
s20_aug2,s20,d4,4,train,60
s20_aug2,s20,d5,5,train,43
s20_aug2,s20,d6,6,train,41
s20_aug2,s20,d7,7,train,44
s20_aug2,s20,d8,8,train,39
s20_aug2,s20,d9,9,train,35
s20_aug2,s20,d10,10,train,41
s20_aug3,s20,d0,0,train,45
s20_aug3,s20,d1,1,train,37
s20_aug3,s20,d2,2,train,46
s20_aug3,s20,d3,3,train,48
s20_aug3,s20,d4,4,train,60
s20_aug3,s20,d5,5,train,43
s20_aug3,s20,d6,6,train,41
s20_aug3,s20,d7,7,train,44
s20_aug3,s20,d8,8,train,39
s20_aug3,s20,d9,9,train,35
s20_aug3,s20,d10,10,train,41
s20_aug4,s20,d0,0,train,45
s20_aug4,s20,d1,1,train,37
s20_aug4,s20,d2,2,train,46
s20_aug4,s20,d3,3,train,48
s20_aug4,s20,d4,4,train,60
s20_aug4,s20,d5,5,train,43
s20_aug4,s20,d6,6,train,41
s20_aug4,s20,d7,7,train,44
s20_aug4,s20,d8,8,train,39
s20_aug4,s20,d9,9,train,35
s20_aug4,s20,d10,10,train,41
s22,s22,d0,0,train,25
s22,s22,d1,1,train,31
s22,s22,d2,2,train,41
s22,s22,d3,3,train,28
s22,s22,d4,4,train,55
s22,s22,d5,5,train,37
s22,s22,d6,6,train,42
s22,s22,d7,7,train,46
s22,s22,d8,8,train,36
s22,s22,d9,9,train,36
s22,s22,d10,10,train,32
s22_aug1,s22,d0,0,train,25
s22_aug1,s22,d1,1,train,31
s22_aug1,s22,d2,2,train,41
s22_aug1,s22,d3,3,train,28
s22_aug1,s22,d4,4,train,55
s22_aug1,s22,d5,5,train,37
s22_aug1,s22,d6,6,train,42
s22_aug1,s22,d7,7,train,46
s22_aug1,s22,d8,8,train,36
s22_aug1,s22,d9,9,train,36
s22_aug1,s22,d10,10,train,32
s22_aug2,s22,d0,0,train,25
s22_aug2,s22,d1,1,train,31
s22_aug2,s22,d2,2,train,41
s22_aug2,s22,d3,3,train,28
s22_aug2,s22,d4,4,train,55
s22_aug2,s22,d5,5,train,37
s22_aug2,s22,d6,6,train,42
s22_aug2,s22,d7,7,train,46
s22_aug2,s22,d8,8,train,36
s22_aug2,s22,d9,9,train,36
s22_aug2,s22,d10,10,train,32
s22_aug3,s22,d0,0,train,25
s22_aug3,s22,d1,1,train,31
s22_aug3,s22,d2,2,train,41
s22_aug3,s22,d3,3,train,28
s22_aug3,s22,d4,4,train,55
s22_aug3,s22,d5,5,train,37
s22_aug3,s22,d6,6,train,42
s22_aug3,s22,d7,7,train,46
s22_aug3,s22,d8,8,train,36
s22_aug3,s22,d9,9,train,36
s22_aug3,s22,d10,10,train,32
s22_aug4,s22,d0,0,train,25
s22_aug4,s22,d1,1,train,31
s22_aug4,s22,d2,2,train,41
s22_aug4,s22,d3,3,train,28
s22_aug4,s22,d4,4,train,55
s22_aug4,s22,d5,5,train,37
s22_aug4,s22,d6,6,train,42
s22_aug4,s22,d7,7,train,46
s22_aug4,s22,d8,8,train,36
s22_aug4,s22,d9,9,train,36
s22_aug4,s22,d10,10,train,32
s23,s23,d0,0,train,35
s23,s23,d1,1,train,42
s23,s23,d2,2,train,44
s23,s23,d3,3,train,30
s23,s23,d4,4,train,48
s23,s23,d5,5,train,44
s23,s23,d6,6,train,34
s23,s23,d7,7,train,45
s23,s23,d8,8,train,42
s23,s23,d9,9,train,34
s23,s23,d10,10,train,30
s23_aug1,s23,d0,0,train,35
s23_aug1,s23,d1,1,train,42
s23_aug1,s23,d2,2,train,44
s23_aug1,s23,d3,3,train,30
s23_aug1,s23,d4,4,train,48
s23_aug1,s23,d5,5,train,44
s23_aug1,s23,d6,6,train,34
s23_aug1,s23,d7,7,train,45
s23_aug1,s23,d8,8,train,42
s23_aug1,s23,d9,9,train,34
s23_aug1,s23,d10,10,train,30
s23_aug2,s23,d0,0,train,35
s23_aug2,s23,d1,1,train,42
s23_aug2,s23,d2,2,train,44
s23_aug2,s23,d3,3,train,30
s23_aug2,s23,d4,4,train,48
s23_aug2,s23,d5,5,train,44
s23_aug2,s23,d6,6,train,34
s23_aug2,s23,d7,7,train,45
s23_aug2,s23,d8,8,train,42
s23_aug2,s23,d9,9,train,34
s23_aug2,s23,d10,10,train,30
s23_aug3,s23,d0,0,train,35
s23_aug3,s23,d1,1,train,42
s23_aug3,s23,d2,2,train,44
s23_aug3,s23,d3,3,train,30
s23_aug3,s23,d4,4,train,48
s23_aug3,s23,d5,5,train,44
s23_aug3,s23,d6,6,train,34
s23_aug3,s23,d7,7,train,45
s23_aug3,s23,d8,8,train,42
s23_aug3,s23,d9,9,train,34
s23_aug3,s23,d10,10,train,30
s23_aug4,s23,d0,0,train,35
s23_aug4,s23,d1,1,train,42
s23_aug4,s23,d2,2,train,44
s23_aug4,s23,d3,3,train,30
s23_aug4,s23,d4,4,train,48
s23_aug4,s23,d5,5,train,44
s23_aug4,s23,d6,6,train,34
s23_aug4,s23,d7,7,train,45
s23_aug4,s23,d8,8,train,42
s23_aug4,s23,d9,9,train,34
s23_aug4,s23,d10,10,train,30
s25,s25,d0,0,train,42
s25,s25,d1,1,train,41
s25,s25,d2,2,train,41
s25,s25,d3,3,train,39
s25,s25,d4,4,train,39
s25,s25,d5,5,train,41
s25,s25,d6,6,train,41
s25,s25,d7,7,train,44
s25,s25,d8,8,train,33
s25,s25,d9,9,train,41
s25,s25,d10,10,train,34
s25_aug1,s25,d0,0,train,42
s25_aug1,s25,d1,1,train,41
s25_aug1,s25,d2,2,train,41
s25_aug1,s25,d3,3,train,39
s25_aug1,s25,d4,4,train,39
s25_aug1,s25,d5,5,train,41
s25_aug1,s25,d6,6,train,41
s25_aug1,s25,d7,7,train,44
s25_aug1,s25,d8,8,train,33
s25_aug1,s25,d9,9,train,41
s25_aug1,s25,d10,10,train,34
s25_aug2,s25,d0,0,train,42
s25_aug2,s25,d1,1,train,41
s25_aug2,s25,d2,2,train,41
s25_aug2,s25,d3,3,train,39
s25_aug2,s25,d4,4,train,39
s25_aug2,s25,d5,5,train,41
s25_aug2,s25,d6,6,train,41
s25_aug2,s25,d7,7,train,44
s25_aug2,s25,d8,8,train,33
s25_aug2,s25,d9,9,train,41
s25_aug2,s25,d10,10,train,34
s25_aug3,s25,d0,0,train,42
s25_aug3,s25,d1,1,train,41
s25_aug3,s25,d2,2,train,41
s25_aug3,s25,d3,3,train,39
s25_aug3,s25,d4,4,train,39
s25_aug3,s25,d5,5,train,41
s25_aug3,s25,d6,6,train,41
s25_aug3,s25,d7,7,train,44
s25_aug3,s25,d8,8,train,33
s25_aug3,s25,d9,9,train,41
s25_aug3,s25,d10,10,train,34
s25_aug4,s25,d0,0,train,42
s25_aug4,s25,d1,1,train,41
s25_aug4,s25,d2,2,train,41
s25_aug4,s25,d3,3,train,39
s25_aug4,s25,d4,4,train,39
s25_aug4,s25,d5,5,train,41
s25_aug4,s25,d6,6,train,41
s25_aug4,s25,d7,7,train,44
s25_aug4,s25,d8,8,train,33
s25_aug4,s25,d9,9,train,41
s25_aug4,s25,d10,10,train,34
s26,s26,d0,0,train,25
s26,s26,d1,1,train,27
s26,s26,d2,2,train,26
s26,s26,d3,3,train,28
s26,s26,d4,4,train,34
s26,s26,d5,5,train,41
s26,s26,d6,6,train,24
s26,s26,d7,7,train,28
s26,s26,d8,8,train,25
s26,s26,d9,9,train,43
s26,s26,d10,10,train,15
s26_aug1,s26,d0,0,train,25
s26_aug1,s26,d1,1,train,27
s26_aug1,s26,d2,2,train,26
s26_aug1,s26,d3,3,train,28
s26_aug1,s26,d4,4,train,34
s26_aug1,s26,d5,5,train,41
s26_aug1,s26,d6,6,train,24
s26_aug1,s26,d7,7,train,28
s26_aug1,s26,d8,8,train,25
s26_aug1,s26,d9,9,train,43
s26_aug1,s26,d10,10,train,15
s26_aug2,s26,d0,0,train,25
s26_aug2,s26,d1,1,train,27
s26_aug2,s26,d2,2,train,26
s26_aug2,s26,d3,3,train,28
s26_aug2,s26,d4,4,train,34
s26_aug2,s26,d5,5,train,41
s26_aug2,s26,d6,6,train,24
s26_aug2,s26,d7,7,train,28
s26_aug2,s26,d8,8,train,25
s26_aug2,s26,d9,9,train,43
s26_aug2,s26,d10,10,train,15
s26_aug3,s26,d0,0,train,25
s26_aug3,s26,d1,1,train,27
s26_aug3,s26,d2,2,train,26
s26_aug3,s26,d3,3,train,28
s26_aug3,s26,d4,4,train,34
s26_aug3,s26,d5,5,train,41
s26_aug3,s26,d6,6,train,24
s26_aug3,s26,d7,7,train,28
s26_aug3,s26,d8,8,train,25
s26_aug3,s26,d9,9,train,43
s26_aug3,s26,d10,10,train,15
s26_aug4,s26,d0,0,train,25
s26_aug4,s26,d1,1,train,27
s26_aug4,s26,d2,2,train,26
s26_aug4,s26,d3,3,train,28
s26_aug4,s26,d4,4,train,34
s26_aug4,s26,d5,5,train,41
s26_aug4,s26,d6,6,train,24
s26_aug4,s26,d7,7,train,28
s26_aug4,s26,d8,8,train,25
s26_aug4,s26,d9,9,train,43
s26_aug4,s26,d10,10,train,15
s27,s27,d0,0,train,25
s27,s27,d1,1,train,29
s27,s27,d2,2,train,37
s27,s27,d3,3,train,29
s27,s27,d4,4,train,38
s27,s27,d5,5,train,32
s27,s27,d6,6,train,38
s27,s27,d7,7,train,45
s27,s27,d8,8,train,32
s27,s27,d9,9,train,29
s27,s27,d10,10,train,29
s27_aug1,s27,d0,0,train,25
s27_aug1,s27,d1,1,train,29
s27_aug1,s27,d2,2,train,37
s27_aug1,s27,d3,3,train,29
s27_aug1,s27,d4,4,train,38
s27_aug1,s27,d5,5,train,32
s27_aug1,s27,d6,6,train,38
s27_aug1,s27,d7,7,train,45
s27_aug1,s27,d8,8,train,32
s27_aug1,s27,d9,9,train,29
s27_aug1,s27,d10,10,train,29
s27_aug2,s27,d0,0,train,25
s27_aug2,s27,d1,1,train,29
s27_aug2,s27,d2,2,train,37
s27_aug2,s27,d3,3,train,29
s27_aug2,s27,d4,4,train,38
s27_aug2,s27,d5,5,train,32
s27_aug2,s27,d6,6,train,38
s27_aug2,s27,d7,7,train,45
s27_aug2,s27,d8,8,train,32
s27_aug2,s27,d9,9,train,29
s27_aug2,s27,d10,10,train,29
s27_aug3,s27,d0,0,train,25
s27_aug3,s27,d1,1,train,29
s27_aug3,s27,d2,2,train,37
s27_aug3,s27,d3,3,train,29
s27_aug3,s27,d4,4,train,38
s27_aug3,s27,d5,5,train,32
s27_aug3,s27,d6,6,train,38
s27_aug3,s27,d7,7,train,45
s27_aug3,s27,d8,8,train,32
s27_aug3,s27,d9,9,train,29
s27_aug3,s27,d10,10,train,29
s27_aug4,s27,d0,0,train,25
s27_aug4,s27,d1,1,train,29
s27_aug4,s27,d2,2,train,37
s27_aug4,s27,d3,3,train,29
s27_aug4,s27,d4,4,train,38
s27_aug4,s27,d5,5,train,32
s27_aug4,s27,d6,6,train,38
s27_aug4,s27,d7,7,train,45
s27_aug4,s27,d8,8,train,32
s27_aug4,s27,d9,9,train,29
s27_aug4,s27,d10,10,train,29
s28,s28,d0,0,train,23
s28,s28,d1,1,train,35
s28,s28,d2,2,train,55
s28,s28,d3,3,train,35
s28,s28,d4,4,train,44
s28,s28,d5,5,train,31
s28,s28,d6,6,train,21
s28,s28,d7,7,train,42
s28,s28,d8,8,train,29
s28,s28,d9,9,train,29
s28,s28,d10,10,train,38
s28_aug1,s28,d0,0,train,23
s28_aug1,s28,d1,1,train,35
s28_aug1,s28,d2,2,train,55
s28_aug1,s28,d3,3,train,35
s28_aug1,s28,d4,4,train,44
s28_aug1,s28,d5,5,train,31
s28_aug1,s28,d6,6,train,21
s28_aug1,s28,d7,7,train,42
s28_aug1,s28,d8,8,train,29
s28_aug1,s28,d9,9,train,29
s28_aug1,s28,d10,10,train,38
s28_aug2,s28,d0,0,train,23
s28_aug2,s28,d1,1,train,35
s28_aug2,s28,d2,2,train,55
s28_aug2,s28,d3,3,train,35
s28_aug2,s28,d4,4,train,44
s28_aug2,s28,d5,5,train,31
s28_aug2,s28,d6,6,train,21
s28_aug2,s28,d7,7,train,42
s28_aug2,s28,d8,8,train,29
s28_aug2,s28,d9,9,train,29
s28_aug2,s28,d10,10,train,38
s28_aug3,s28,d0,0,train,23
s28_aug3,s28,d1,1,train,35
s28_aug3,s28,d2,2,train,55
s28_aug3,s28,d3,3,train,35
s28_aug3,s28,d4,4,train,44
s28_aug3,s28,d5,5,train,31
s28_aug3,s28,d6,6,train,21
s28_aug3,s28,d7,7,train,42
s28_aug3,s28,d8,8,train,29
s28_aug3,s28,d9,9,train,29
s28_aug3,s28,d10,10,train,38
s28_aug4,s28,d0,0,train,23
s28_aug4,s28,d1,1,train,35
s28_aug4,s28,d2,2,train,55
s28_aug4,s28,d3,3,train,35
s28_aug4,s28,d4,4,train,44
s28_aug4,s28,d5,5,train,31
s28_aug4,s28,d6,6,train,21
s28_aug4,s28,d7,7,train,42
s28_aug4,s28,d8,8,train,29
s28_aug4,s28,d9,9,train,29
s28_aug4,s28,d10,10,train,38
s29,s29,d0,0,train,33
s29,s29,d1,1,train,34
s29,s29,d2,2,train,37
s29,s29,d3,3,train,34
s29,s29,d4,4,train,32
s29,s29,d5,5,train,29
s29,s29,d6,6,train,35
s29,s29,d7,7,train,34
s29,s29,d8,8,train,35
s29,s29,d9,9,train,27
s29,s29,d10,10,train,34
s29_aug1,s29,d0,0,train,33
s29_aug1,s29,d1,1,train,34
s29_aug1,s29,d2,2,train,37
s29_aug1,s29,d3,3,train,34
s29_aug1,s29,d4,4,train,32
s29_aug1,s29,d5,5,train,29
s29_aug1,s29,d6,6,train,35
s29_aug1,s29,d7,7,train,34
s29_aug1,s29,d8,8,train,35
s29_aug1,s29,d9,9,train,27
s29_aug1,s29,d10,10,train,34
s29_aug2,s29,d0,0,train,33
s29_aug2,s29,d1,1,train,34
s29_aug2,s29,d2,2,train,37
s29_aug2,s29,d3,3,train,34
s29_aug2,s29,d4,4,train,32
s29_aug2,s29,d5,5,train,29
s29_aug2,s29,d6,6,train,35
s29_aug2,s29,d7,7,train,34
s29_aug2,s29,d8,8,train,35
s29_aug2,s29,d9,9,train,27
s29_aug2,s29,d10,10,train,34
s29_aug3,s29,d0,0,train,33
s29_aug3,s29,d1,1,train,34
s29_aug3,s29,d2,2,train,37
s29_aug3,s29,d3,3,train,34
s29_aug3,s29,d4,4,train,32
s29_aug3,s29,d5,5,train,29
s29_aug3,s29,d6,6,train,35
s29_aug3,s29,d7,7,train,34
s29_aug3,s29,d8,8,train,35
s29_aug3,s29,d9,9,train,27
s29_aug3,s29,d10,10,train,34
s29_aug4,s29,d0,0,train,33
s29_aug4,s29,d1,1,train,34
s29_aug4,s29,d2,2,train,37
s29_aug4,s29,d3,3,train,34
s29_aug4,s29,d4,4,train,32
s29_aug4,s29,d5,5,train,29
s29_aug4,s29,d6,6,train,35
s29_aug4,s29,d7,7,train,34
s29_aug4,s29,d8,8,train,35
s29_aug4,s29,d9,9,train,27
s29_aug4,s29,d10,10,train,34
s2_aug1,s2,d0,0,train,23
s2_aug1,s2,d1,1,train,43
s2_aug1,s2,d2,2,train,32
s2_aug1,s2,d3,3,train,28
s2_aug1,s2,d4,4,train,44
s2_aug1,s2,d5,5,train,37
s2_aug1,s2,d6,6,train,40
s2_aug1,s2,d7,7,train,46
s2_aug1,s2,d8,8,train,39
s2_aug1,s2,d9,9,train,32
s2_aug1,s2,d10,10,train,25
s2_aug2,s2,d0,0,train,23
s2_aug2,s2,d1,1,train,43
s2_aug2,s2,d2,2,train,32
s2_aug2,s2,d3,3,train,28
s2_aug2,s2,d4,4,train,44
s2_aug2,s2,d5,5,train,37
s2_aug2,s2,d6,6,train,40
s2_aug2,s2,d7,7,train,46
s2_aug2,s2,d8,8,train,39
s2_aug2,s2,d9,9,train,32
s2_aug2,s2,d10,10,train,25
s2_aug3,s2,d0,0,train,23
s2_aug3,s2,d1,1,train,43
s2_aug3,s2,d2,2,train,32
s2_aug3,s2,d3,3,train,28
s2_aug3,s2,d4,4,train,44
s2_aug3,s2,d5,5,train,37
s2_aug3,s2,d6,6,train,40
s2_aug3,s2,d7,7,train,46
s2_aug3,s2,d8,8,train,39
s2_aug3,s2,d9,9,train,32
s2_aug3,s2,d10,10,train,25
s2_aug4,s2,d0,0,train,23
s2_aug4,s2,d1,1,train,43
s2_aug4,s2,d2,2,train,32
s2_aug4,s2,d3,3,train,28
s2_aug4,s2,d4,4,train,44
s2_aug4,s2,d5,5,train,37
s2_aug4,s2,d6,6,train,40
s2_aug4,s2,d7,7,train,46
s2_aug4,s2,d8,8,train,39
s2_aug4,s2,d9,9,train,32
s2_aug4,s2,d10,10,train,25
s3,s3,d0,0,train,66
s3,s3,d1,1,train,31
s3,s3,d2,2,train,32
s3,s3,d3,3,train,23
s3,s3,d4,4,train,37
s3,s3,d5,5,train,31
s3,s3,d6,6,train,30
s3,s3,d7,7,train,36
s3,s3,d8,8,train,25
s3,s3,d9,9,train,44
s3,s3,d10,10,train,22
s30,s30,d0,0,train,31
s30,s30,d1,1,train,30
s30,s30,d2,2,train,54
s30,s30,d3,3,train,23
s30,s30,d4,4,train,36
s30,s30,d5,5,train,18
s30,s30,d6,6,train,23
s30,s30,d7,7,train,35
s30,s30,d8,8,train,37
s30,s30,d9,9,train,34
s30,s30,d10,10,train,23
s30_aug1,s30,d0,0,train,31
s30_aug1,s30,d1,1,train,30
s30_aug1,s30,d2,2,train,54
s30_aug1,s30,d3,3,train,23
s30_aug1,s30,d4,4,train,36
s30_aug1,s30,d5,5,train,18
s30_aug1,s30,d6,6,train,23
s30_aug1,s30,d7,7,train,35
s30_aug1,s30,d8,8,train,37
s30_aug1,s30,d9,9,train,34
s30_aug1,s30,d10,10,train,23
s30_aug2,s30,d0,0,train,31
s30_aug2,s30,d1,1,train,30
s30_aug2,s30,d2,2,train,54
s30_aug2,s30,d3,3,train,23
s30_aug2,s30,d4,4,train,36
s30_aug2,s30,d5,5,train,18
s30_aug2,s30,d6,6,train,23
s30_aug2,s30,d7,7,train,35
s30_aug2,s30,d8,8,train,37
s30_aug2,s30,d9,9,train,34
s30_aug2,s30,d10,10,train,23
s30_aug3,s30,d0,0,train,31
s30_aug3,s30,d1,1,train,30
s30_aug3,s30,d2,2,train,54
s30_aug3,s30,d3,3,train,23
s30_aug3,s30,d4,4,train,36
s30_aug3,s30,d5,5,train,18
s30_aug3,s30,d6,6,train,23
s30_aug3,s30,d7,7,train,35
s30_aug3,s30,d8,8,train,37
s30_aug3,s30,d9,9,train,34
s30_aug3,s30,d10,10,train,23
s30_aug4,s30,d0,0,train,31
s30_aug4,s30,d1,1,train,30
s30_aug4,s30,d2,2,train,54
s30_aug4,s30,d3,3,train,23
s30_aug4,s30,d4,4,train,36
s30_aug4,s30,d5,5,train,18
s30_aug4,s30,d6,6,train,23
s30_aug4,s30,d7,7,train,35
s30_aug4,s30,d8,8,train,37
s30_aug4,s30,d9,9,train,34
s30_aug4,s30,d10,10,train,23
s3_aug1,s3,d0,0,train,66
s3_aug1,s3,d1,1,train,31
s3_aug1,s3,d2,2,train,32
s3_aug1,s3,d3,3,train,23
s3_aug1,s3,d4,4,train,37
s3_aug1,s3,d5,5,train,31
s3_aug1,s3,d6,6,train,30
s3_aug1,s3,d7,7,train,36
s3_aug1,s3,d8,8,train,25
s3_aug1,s3,d9,9,train,44
s3_aug1,s3,d10,10,train,22
s3_aug2,s3,d0,0,train,66
s3_aug2,s3,d1,1,train,31
s3_aug2,s3,d2,2,train,32
s3_aug2,s3,d3,3,train,23
s3_aug2,s3,d4,4,train,37
s3_aug2,s3,d5,5,train,31
s3_aug2,s3,d6,6,train,30
s3_aug2,s3,d7,7,train,36
s3_aug2,s3,d8,8,train,25
s3_aug2,s3,d9,9,train,44
s3_aug2,s3,d10,10,train,22
s3_aug3,s3,d0,0,train,66
s3_aug3,s3,d1,1,train,31
s3_aug3,s3,d2,2,train,32
s3_aug3,s3,d3,3,train,23
s3_aug3,s3,d4,4,train,37
s3_aug3,s3,d5,5,train,31
s3_aug3,s3,d6,6,train,30
s3_aug3,s3,d7,7,train,36
s3_aug3,s3,d8,8,train,25
s3_aug3,s3,d9,9,train,44
s3_aug3,s3,d10,10,train,22
s3_aug4,s3,d0,0,train,66
s3_aug4,s3,d1,1,train,31
s3_aug4,s3,d2,2,train,32
s3_aug4,s3,d3,3,train,23
s3_aug4,s3,d4,4,train,37
s3_aug4,s3,d5,5,train,31
s3_aug4,s3,d6,6,train,30
s3_aug4,s3,d7,7,train,36
s3_aug4,s3,d8,8,train,25
s3_aug4,s3,d9,9,train,44
s3_aug4,s3,d10,10,train,22
s5,s5,d0,0,train,22
s5,s5,d1,1,train,40
s5,s5,d2,2,train,31
s5,s5,d3,3,train,24
s5,s5,d4,4,train,47
s5,s5,d5,5,train,38
s5,s5,d6,6,train,36
s5,s5,d7,7,train,36
s5,s5,d8,8,train,31
s5,s5,d9,9,train,33
s5,s5,d10,10,train,28
s5_aug1,s5,d0,0,train,22
s5_aug1,s5,d1,1,train,40
s5_aug1,s5,d2,2,train,31
s5_aug1,s5,d3,3,train,24
s5_aug1,s5,d4,4,train,47
s5_aug1,s5,d5,5,train,38
s5_aug1,s5,d6,6,train,36
s5_aug1,s5,d7,7,train,36
s5_aug1,s5,d8,8,train,31
s5_aug1,s5,d9,9,train,33
s5_aug1,s5,d10,10,train,28
s5_aug2,s5,d0,0,train,22
s5_aug2,s5,d1,1,train,40
s5_aug2,s5,d2,2,train,31
s5_aug2,s5,d3,3,train,24
s5_aug2,s5,d4,4,train,47
s5_aug2,s5,d5,5,train,38
s5_aug2,s5,d6,6,train,36
s5_aug2,s5,d7,7,train,36
s5_aug2,s5,d8,8,train,31
s5_aug2,s5,d9,9,train,33
s5_aug2,s5,d10,10,train,28
s5_aug3,s5,d0,0,train,22
s5_aug3,s5,d1,1,train,40
s5_aug3,s5,d2,2,train,31
s5_aug3,s5,d3,3,train,24
s5_aug3,s5,d4,4,train,47
s5_aug3,s5,d5,5,train,38
s5_aug3,s5,d6,6,train,36
s5_aug3,s5,d7,7,train,36
s5_aug3,s5,d8,8,train,31
s5_aug3,s5,d9,9,train,33
s5_aug3,s5,d10,10,train,28
s5_aug4,s5,d0,0,train,22
s5_aug4,s5,d1,1,train,40
s5_aug4,s5,d2,2,train,31
s5_aug4,s5,d3,3,train,24
s5_aug4,s5,d4,4,train,47
s5_aug4,s5,d5,5,train,38
s5_aug4,s5,d6,6,train,36
s5_aug4,s5,d7,7,train,36
s5_aug4,s5,d8,8,train,31
s5_aug4,s5,d9,9,train,33
s5_aug4,s5,d10,10,train,28
s6,s6,d0,0,train,39
s6,s6,d1,1,train,37
s6,s6,d2,2,train,42
s6,s6,d3,3,train,40
s6,s6,d4,4,train,42
s6,s6,d5,5,train,42
s6,s6,d6,6,train,47
s6,s6,d7,7,train,39
s6,s6,d8,8,train,41
s6,s6,d9,9,train,42
s6,s6,d10,10,train,42
s6_aug1,s6,d0,0,train,39
s6_aug1,s6,d1,1,train,37
s6_aug1,s6,d2,2,train,42
s6_aug1,s6,d3,3,train,40
s6_aug1,s6,d4,4,train,42
s6_aug1,s6,d5,5,train,42
s6_aug1,s6,d6,6,train,47
s6_aug1,s6,d7,7,train,39
s6_aug1,s6,d8,8,train,41
s6_aug1,s6,d9,9,train,42
s6_aug1,s6,d10,10,train,42
s6_aug2,s6,d0,0,train,39
s6_aug2,s6,d1,1,train,37
s6_aug2,s6,d2,2,train,42
s6_aug2,s6,d3,3,train,40
s6_aug2,s6,d4,4,train,42
s6_aug2,s6,d5,5,train,42
s6_aug2,s6,d6,6,train,47
s6_aug2,s6,d7,7,train,39
s6_aug2,s6,d8,8,train,41
s6_aug2,s6,d9,9,train,42
s6_aug2,s6,d10,10,train,42
s6_aug3,s6,d0,0,train,39
s6_aug3,s6,d1,1,train,37
s6_aug3,s6,d2,2,train,42
s6_aug3,s6,d3,3,train,40
s6_aug3,s6,d4,4,train,42
s6_aug3,s6,d5,5,train,42
s6_aug3,s6,d6,6,train,47
s6_aug3,s6,d7,7,train,39
s6_aug3,s6,d8,8,train,41
s6_aug3,s6,d9,9,train,42
s6_aug3,s6,d10,10,train,42
s6_aug4,s6,d0,0,train,39
s6_aug4,s6,d1,1,train,37
s6_aug4,s6,d2,2,train,42
s6_aug4,s6,d3,3,train,40
s6_aug4,s6,d4,4,train,42
s6_aug4,s6,d5,5,train,42
s6_aug4,s6,d6,6,train,47
s6_aug4,s6,d7,7,train,39
s6_aug4,s6,d8,8,train,41
s6_aug4,s6,d9,9,train,42
s6_aug4,s6,d10,10,train,42
s7,s7,d0,0,train,31
s7,s7,d1,1,train,39
s7,s7,d2,2,train,42
s7,s7,d3,3,train,30
s7,s7,d4,4,train,41
s7,s7,d5,5,train,28
s7,s7,d6,6,train,32
s7,s7,d7,7,train,43
s7,s7,d8,8,train,26
s7,s7,d9,9,train,30
s7,s7,d10,10,train,52
s7_aug1,s7,d0,0,train,31
s7_aug1,s7,d1,1,train,39
s7_aug1,s7,d2,2,train,42
s7_aug1,s7,d3,3,train,30
s7_aug1,s7,d4,4,train,41
s7_aug1,s7,d5,5,train,28
s7_aug1,s7,d6,6,train,32
s7_aug1,s7,d7,7,train,43
s7_aug1,s7,d8,8,train,26
s7_aug1,s7,d9,9,train,30
s7_aug1,s7,d10,10,train,52
s7_aug2,s7,d0,0,train,31
s7_aug2,s7,d1,1,train,39
s7_aug2,s7,d2,2,train,42
s7_aug2,s7,d3,3,train,30
s7_aug2,s7,d4,4,train,41
s7_aug2,s7,d5,5,train,28
s7_aug2,s7,d6,6,train,32
s7_aug2,s7,d7,7,train,43
s7_aug2,s7,d8,8,train,26
s7_aug2,s7,d9,9,train,30
s7_aug2,s7,d10,10,train,52
s7_aug3,s7,d0,0,train,31
s7_aug3,s7,d1,1,train,39
s7_aug3,s7,d2,2,train,42
s7_aug3,s7,d3,3,train,30
s7_aug3,s7,d4,4,train,41
s7_aug3,s7,d5,5,train,28
s7_aug3,s7,d6,6,train,32
s7_aug3,s7,d7,7,train,43
s7_aug3,s7,d8,8,train,26
s7_aug3,s7,d9,9,train,30
s7_aug3,s7,d10,10,train,52
s7_aug4,s7,d0,0,train,31
s7_aug4,s7,d1,1,train,39
s7_aug4,s7,d2,2,train,42
s7_aug4,s7,d3,3,train,30
s7_aug4,s7,d4,4,train,41
s7_aug4,s7,d5,5,train,28
s7_aug4,s7,d6,6,train,32
s7_aug4,s7,d7,7,train,43
s7_aug4,s7,d8,8,train,26
s7_aug4,s7,d9,9,train,30
s7_aug4,s7,d10,10,train,52
s1,s1,d0,0,val,40
s1,s1,d1,1,val,39
s1,s1,d2,2,val,40
s1,s1,d3,3,val,36
s1,s1,d4,4,val,48
s1,s1,d5,5,val,55
s1,s1,d6,6,val,35
s1,s1,d7,7,val,41
s1,s1,d8,8,val,42
s1,s1,d9,9,val,36
s1,s1,d10,10,val,30
s21,s21,d0,0,val,49
s21,s21,d1,1,val,74
s21,s21,d2,2,val,51
s21,s21,d3,3,val,60
s21,s21,d4,4,val,90
s21,s21,d5,5,val,64
s21,s21,d6,6,val,76
s21,s21,d7,7,val,87
s21,s21,d8,8,val,72
s21,s21,d9,9,val,76
s21,s21,d10,10,val,74
s4,s4,d0,0,val,31
s4,s4,d1,1,val,37
s4,s4,d2,2,val,38
s4,s4,d3,3,val,35
s4,s4,d4,4,val,36
s4,s4,d5,5,val,41
s4,s4,d6,6,val,38
s4,s4,d7,7,val,33
s4,s4,d8,8,val,38
s4,s4,d9,9,val,54
s4,s4,d10,10,val,56
s24,s24,d0,0,test,30
s24,s24,d1,1,test,31
s24,s24,d2,2,test,39
s24,s24,d3,3,test,28
s24,s24,d4,4,test,37
s24,s24,d5,5,test,33
s24,s24,d6,6,test,34
s24,s24,d7,7,test,31
s24,s24,d8,8,test,31
s24,s24,d9,9,test,31
s24,s24,d10,10,test,30
s8,s8,d0,0,test,36
s8,s8,d1,1,test,32
s8,s8,d2,2,test,37
s8,s8,d3,3,test,50
s8,s8,d4,4,test,34
s8,s8,d5,5,test,41
s8,s8,d6,6,test,56
s8,s8,d7,7,test,38
s8,s8,d8,8,test,32
s8,s8,d9,9,test,28
s8,s8,d10,10,test,31
s9,s9,d0,0,test,44
s9,s9,d1,1,test,59
s9,s9,d2,2,test,51
s9,s9,d3,3,test,52
s9,s9,d4,4,test,44
s9,s9,d5,5,test,52
s9,s9,d6,6,test,61
s9,s9,d7,7,test,64
s9,s9,d8,8,test,53
s9,s9,d9,9,test,66
s9,s9,d10,10,test,51
