speaker,digit,frames,w_mean,w_std,h_mean,h_std,ar_mean,ar_std,cx_mean,cx_std,cy_mean,cy_std
s1,d0,40,185.05,7.438465515868804,93.1,17.591956203814377,2.0569117846904708,0.3974859170784845,372.65,2.1756225162774463,754.65,9.437513796899394
s1,d1,39,191.53846153846155,1.6197165743970452,93.71794871794872,12.29451892842952,2.0792554590897745,0.28001065152109816,367.87179487179486,2.261572428986418,745.5512820512821,9.085699341471535
s1,d10,30,196.93333333333334,3.1941037632761335,86.43333333333334,13.825721489768396,2.3280507286052488,0.3245215787565378,351.3,5.221969505583234,749.25,3.7663436948301285
s1,d2,40,188.475,2.385721414303573,88.85,12.65022549712871,2.160243408574795,0.2828406703489093,354.8875,4.303378964583572,743.325,7.1275467783047795
s1,d3,36,191.86111111111111,2.6311624565989593,91.61111111111111,22.777530002523815,2.2096636948056645,0.483626407166105,352.40277777777777,3.7374923687345505,746.3611111111111,11.50689924170411
s1,d4,48,196.54166666666666,4.780093176930944,95.625,16.024748147521365,2.1135117625628,0.35737716880596276,352.125,2.0119324890327626,738.8333333333334,5.976312580240206
s1,d5,55,192.6909090909091,3.537485648565182,100.21818181818182,28.79151811126873,2.086736795264924,0.5880142652950584,343.3090909090909,1.4984279079376002,733.9090909090909,7.996579656033439
s1,d6,35,181.11428571428573,6.466071762176262,107.62857142857143,16.26993928598838,1.7341923313787977,0.3528047250333779,351.1857142857143,3.1344520918283045,732.1,6.570656695625228
s1,d7,41,198.26829268292684,3.3839650577680636,95.48780487804878,11.764612087144043,2.106781524991605,0.25471228100595517,364.5243902439024,5.7662284245338435,755.7682926829268,4.515386972585515
s1,d8,42,194.5952380952381,4.072869928456235,91.38095238095238,15.693640751796817,2.182498072649819,0.31954657044634904,352.01190476190476,3.229981679397766,763.3571428571429,6.448941787162942
s1,d9,36,185.22222222222223,8.482287801602013,100.0,18.91937782124077,1.9129065675790555,0.3476755814957257,353.1388888888889,2.6257274124410714,757.6666666666666,7.710845793889462
s10,d0,48,85.125,5.389607809518761,51.729166666666664,7.728751470372184,1.6730603491820013,0.22260659833266738,643.7083333333334,2.358401309698748,466.65625,3.6788010448595663
s10,d1,60,93.65,1.132344201129025,53.05,7.216800079663458,1.7962930154196455,0.23265368038520948,627.725,1.01022316715539,471.84166666666664,3.239705556126299
s10,d10,50,96.6,2.3299294900428698,49.8,6.937034595530844,1.9690943609396279,0.21980441217033508,628.78,0.6480740698407695,472.14,2.5715079352831656
s10,d2,68,90.52941176470588,3.671067144192949,50.30882352941177,6.055113425466029,1.8232923775375047,0.21544229579991905,626.8823529411765,1.5576428016249422,475.2867647058824,2.12363419930721
s10,d3,54,95.94444444444444,2.0596452036163533,50.75925925925926,9.73407782684439,1.9428919908114697,0.2854374455545206,627.8611111111111,0.7423615217202431,474.30555555555554,2.291116286109861
s10,d4,51,99.11764705882354,4.2315342788332835,54.6078431372549,6.453149405902663,1.833564348012018,0.1661054652729002,627.2254901960785,0.8143323982883072,476.5980392156863,1.9748914092758283
s10,d5,47,96.08510638297872,1.5011558913636371,63.51063829787234,12.412953158111002,1.5789890622569858,0.3473516240851443,630.9787234042553,0.659029645771372,463.2659574468085,4.801325749693666
s10,d6,44,142.25,12.731804161598708,81.02272727272727,13.635604277659036,1.8283987369516461,0.4442606897188027,339.78409090909093,1.6296587147090726,652.6477272727273,4.153423280517648
s10,d7,41,95.1951219512195,0.7148255799536619,58.63414634146341,9.784569733925393,1.6681727610939485,0.27569824852686187,629.6951219512196,0.3138082372343057,462.0487804878049,1.8934257248726885
s10,d8,45,96.6,1.452270948924794,51.977777777777774,7.584340592445873,1.8928352443023304,0.24270345238811541,628.2777777777778,0.3295236844080633,468.5444444444444,2.694316877121851
s10,d9,46,90.02173913043478,3.8092818246125693,55.391304347826086,10.686394799764097,1.6769249512605173,0.28869349306328584,628.2717391304348,0.49110444396201813,472.0217391304348,3.907196382942556
s11,d0,45,102.37777777777778,2.395914030261521,51.0,3.982918071419038,2.0209673977790583,0.1820362894229857,643.0555555555555,0.9488163812100282,357.74444444444447,4.884602689507427
s11,d1,34,106.41176470588235,1.3054117441431619,53.55882352941177,4.377568001102675,1.998875217830321,0.1550907187447966,637.3235294117648,2.928135079630556,361.3382352941176,3.976675534488021
s11,d10,54,88.03703703703704,1.3730968024108912,43.7962962962963,1.9070834160662928,2.0136464834079795,0.08717356273903987,630.9629629629629,0.5481689232469201,396.1203703703704,0.9513405892956439
s11,d2,51,105.15686274509804,1.5539954828712672,53.431372549019606,4.272024821841675,1.9806244845932701,0.16263811036434137,638.8137254901961,1.0047924378384185,357.53921568627453,1.8516023797103476
s11,d3,43,106.32558139534883,1.1896564176377094,51.651162790697676,3.8845464338424085,2.0687783055061204,0.1415050438267359,633.6046511627907,3.1932930821878314,354.3837209302326,1.209275704622237
s11,d4,40,88.575,0.8129559864454162,45.75,2.844247455785725,1.9429143147670846,0.11456090885989084,633.7125,1.0912677877660417,408.675,0.9644315450710457
s11,d5,77,87.9090909090909,1.028307477334767,47.23376623376623,7.883854427172335,1.9088687517405125,0.2918772991378763,625.6428571428571,4.138122780969241,380.37012987012986,3.2941361352635523
s11,d6,42,86.64285714285714,1.2653241861939013,45.404761904761905,1.5626669481077817,1.911144117030812,0.08858496617797235,641.4404761904761,2.3767224330597285,404.0357142857143,1.4457374569489108
s11,d7,37,89.29729729729729,0.8118861737701644,44.32432432432432,2.297994947945008,2.0195150029967888,0.09815661247723483,635.6216216216217,1.3560840549037074,405.35135135135135,3.459818686773219
s11,d8,42,88.42857142857143,0.7372611524884778,43.285714285714285,2.266249876280674,2.0480645239510937,0.10242657718986324,639.3095238095239,0.9035997181488931,403.57142857142856,0.8594625984812448
s11,d9,52,86.51923076923077,1.9044878331156865,43.30769230769231,2.2625550500373386,2.003643082893637,0.12191286531579561,635.0288461538462,1.3482503605378677,398.8269230769231,1.514261016251652
s12,d0,28,81.25,1.1426091000668437,40.857142857142854,4.766505713788319,2.0136539821866073,0.22617419087869084,631.4107142857143,1.305639983761128,392.5,1.6722129936991628
s12,d1,30,80.63333333333334,0.9994251221140291,43.43333333333333,5.137309998723896,1.8813685903458885,0.22123748290409598,626.2833333333333,0.5200022104285799,404.01666666666665,2.644067312687584
s12,d10,36,85.16666666666667,1.681835731744157,38.75,4.177319714841081,2.2225681116765488,0.24175697760329748,629.5555555555555,0.5039526306789665,422.06944444444446,0.7285286324187772
s12,d2,38,79.63157894736842,2.0719628066104896,41.31578947368421,4.759657398287756,1.9538267515128358,0.24430926253567756,625.8421052631579,0.7175904044927913,408.7368421052632,2.979063978938968
s12,d3,41,81.07317073170732,0.7870909700421905,39.73170731707317,3.521536527170367,2.0565717921253137,0.1871442379477275,628.9756097560976,0.8362955481780254,413.4024390243902,1.8242104874270966
s12,d4,50,83.52,2.5653897344840098,42.38,3.0026518891384897,1.977902321113112,0.1126784761193661,629.6,0.8390957231764697,414.69,0.82616646047161
s12,d5,55,80.65454545454546,1.5778346838507131,46.09090909090909,7.73705065654561,1.8027016862694918,0.32263104567307893,628.7818181818182,0.5249659280269164,418.2818181818182,2.6766542762333385
s12,d6,44,77.43181818181819,2.748341802587107,43.63636363636363,3.0123073833309553,1.786892650193898,0.19051628256210984,628.8295454545455,0.3567159937702019,419.59090909090907,1.254168525046654
s12,d7,49,82.3061224489796,1.0840526131268804,42.714285714285715,3.391164991562635,1.9383073576256211,0.14831793419629927,628.234693877551,0.5313312762957447,419.6020408163265,0.7428800362772989
s12,d8,30,82.2,1.2429109325317338,38.833333333333336,4.13632631719245,2.137974146088608,0.2105006081411499,629.2333333333333,0.5208304597622142,421.8833333333333,1.2572776648126749
s12,d9,32,77.90625,2.5572083442944185,44.15625,6.99358865376457,1.8098342165769061,0.30807424973332853,628.890625,0.4874948304109746,422.859375,2.6003547369665716
s13,d0,33,101.75757575757575,9.020914251859068,61.36363636363637,12.323296489317963,1.7260041340695236,0.3879399630161621,624.8787878787879,2.038804425355261,430.2878787878788,8.036081040211595
s13,d1,44,106.04545454545455,3.2418380190983953,63.25,10.257441994916169,1.7238626320251647,0.3027838444345943,627.4318181818181,1.469024787618841,431.17045454545456,6.384886935876968
s13,d10,60,114.05,2.7396956406487614,59.13333333333333,8.720648915884887,1.9675696641560403,0.2749593569669798,633.3083333333333,1.5296273686768929,435.1166666666667,3.3928722228967323
s13,d2,44,109.25,8.095720948403462,65.68181818181819,12.753062062350878,1.7255834421192426,0.35734441545569967,632.9204545454545,1.5361654988138447,430.8863636363636,6.464449864508189
s13,d3,49,114.28571428571429,1.6201851746019633,61.97959183673469,12.795653226646879,1.9124594537321142,0.34228097390117235,634.9387755102041,0.7262392645593658,430.234693877551,7.560934439064834
s13,d4,47,116.25531914893617,2.3725613118607494,63.212765957446805,8.179869697624788,1.8676668341925335,0.2276607438962358,632.6595744680851,0.9896550946114775,429.90425531914894,4.230631438470813
s13,d5,45,111.15555555555555,3.111237371175324,73.5111111111111,16.54693355582871,1.6009956141116628,0.4080437515169334,631.7111111111111,0.6350455324485343,432.44444444444446,8.017893499019335
s13,d6,56,66.83928571428571,4.793088909951631,44.857142857142854,5.475328371816689,1.5230196486933119,0.2847186768196267,626.0803571428571,0.7554455982717173,281.0357142857143,3.6641471075782737
s13,d7,46,114.93478260869566,2.6111059718317153,65.06521739130434,9.221718745350973,1.8017504574032883,0.25834082745863646,629.5326086956521,0.609208720965486,430.3152173913044,5.287678229885215
s13,d8,56,115.125,1.758744386823117,60.94642857142857,10.002580835795497,1.9319949475298266,0.27129357314598745,630.4553571428571,1.0586302716000626,431.99107142857144,5.77021432674933
s13,d9,45,104.06666666666666,8.799276829789632,67.95555555555555,12.992927369002015,1.5882362607243599,0.34669860337310976,633.2111111111111,0.8221983343513356,436.4888888888889,7.013371067993881
s14,d0,32,134.375,4.743416490252571,65.78125,16.320844331020968,2.1870601575515494,0.6267401840488166,341.6875,2.2956831859650433,726.328125,10.247430342726554
s14,d1,30,138.86666666666667,1.6131642354623097,70.3,3.563705936241093,1.98099559701424,0.11821645489271806,321.03333333333336,3.501067160790829,714.1166666666667,7.309280040649927
s14,d10,56,144.375,6.82392182626011,62.67857142857143,6.075605896779938,2.3314945058951895,0.30085902069249626,351.4017857142857,1.113633050617912,718.8214285714286,1.7067474953803432
s14,d2,32,127.21875,3.210209268628304,65.84375,10.389539947590588,1.9781505430171753,0.3041472071096161,336.515625,4.74593947836022,641.390625,4.015563221251935
s14,d3,45,140.77777777777777,4.967571607613477,66.75555555555556,13.312938948043868,2.2012022417525987,0.4791368762935264,322.9222222222222,1.7708355614959075,725.8888888888889,4.9782354587572435
s14,d4,50,142.26,5.5871938120918605,67.52,5.7966915264710455,2.122299641354306,0.20003730053662497,321.71,1.9221851935667942,723.36,4.005149746238698
s14,d5,40,133.85,2.665544635741111,75.15,9.593133227898237,1.8140131354763156,0.26701829983887265,323.575,1.2636434907816614,728.025,3.867931932686679
s14,d6,56,129.23214285714286,5.575893149584599,71.51785714285714,7.51723128776588,1.834085535028925,0.2651883371066032,346.9017857142857,1.9409923489548802,717.0803571428571,3.3841566502995315
s14,d7,42,138.88095238095238,2.923432504340275,71.38095238095238,5.648018780423676,1.9590826194631228,0.17883800817091156,346.3690476190476,1.456941014464317,714.2380952380952,2.9821380757610485
s14,d8,40,143.525,2.707894441755854,65.175,5.651809331351221,2.218701352757755,0.20017999063838998,345.8375,2.6101073266075074,719.2875,2.6211357393509647
s14,d9,68,128.26470588235293,4.705086631584082,71.83823529411765,7.339547942721801,1.806207131284613,0.2263090944444946,347.3235294117647,1.0781573068093655,717.7573529411765,3.9012939367645716
s15,d0,59,163.57627118644066,4.669059529574143,76.35593220338983,7.46200193131244,2.163022289912664,0.2228722719547176,364.29661016949154,3.621200320226036,698.5,4.438273973299676
s15,d1,92,170.9891304347826,3.850202121759881,75.29347826086956,5.2110154743818855,2.283957516909896,0.1947005686359858,367.16847826086956,4.787964061755762,687.6358695652174,3.059935412725629
s15,d10,43,175.72093023255815,3.0419728983119425,75.23255813953489,9.923126449774086,2.3673834797845896,0.24705974054157454,353.06976744186045,4.934790721848148,679.8023255813954,3.6074320355999805
s15,d2,53,169.1320754716981,4.389838510474023,76.22641509433963,6.695697554957212,2.2389838265586204,0.23810853534856474,344.8679245283019,4.4798168568723415,686.188679245283,5.868123156163875
s15,d3,38,176.89473684210526,5.012360255835751,77.8157894736842,12.590977600149001,2.3229376572296503,0.32171103699054754,358.7368421052632,4.051587680299189,679.4078947368421,7.30869092352714
s15,d4,56,178.89285714285714,2.826360148373107,83.35714285714286,10.96843167943774,2.1813473220229516,0.2755962786950223,365.19642857142856,5.0665377917079875,679.0178571428571,3.6729530919390374
s15,d5,53,181.03773584905662,3.995007770046085,87.86792452830188,16.42352643647457,2.1359096321427398,0.4151357644489631,348.688679245283,3.9213743851123106,675.4811320754717,9.427334573213049
s15,d6,85,172.2941176470588,8.979902864852454,83.29411764705883,7.478259807461836,2.0926439862418027,0.274480253023261,360.3235294117647,5.608616819952409,666.7529411764706,8.708788503510656
s15,d7,55,176.6,5.599603160542327,81.7090909090909,10.575430517937821,2.198192730011343,0.2986549500542134,365.1909090909091,7.977103176227245,657.1090909090909,5.578306949022066
s15,d8,55,181.07272727272726,3.3102229165987906,77.7090909090909,9.604537367678779,2.357905297418635,0.2314631868860278,370.42727272727274,2.093681371054716,663.8909090909091,6.856796377730423
s15,d9,53,167.56603773584905,5.436732028746197,84.28301886792453,12.680053018711302,2.0314663084399815,0.30386596583352304,354.85849056603774,4.058913930250139,675.4245283018868,4.369250316806546
s16,d0,51,139.23529411764707,1.2741779356764422,60.84313725490196,7.61412516056732,2.3261708099775857,0.3094142025677869,347.34313725490193,1.911779788779099,665.8725490196078,4.034653810743762
s16,d1,59,145.15254237288136,1.2840340435119806,66.77966101694915,7.100431741633199,2.1985802183976357,0.24053742719605356,346.50847457627117,1.7919636826285612,674.8305084745763,9.173899525044765
s16,d10,52,145.07692307692307,2.230327100305921,61.46153846153846,5.998240063655071,2.3817369979547864,0.22513960291487733,357.59615384615387,6.355512090827262,690.0576923076923,9.034060736660203
s16,d2,47,143.7872340425532,2.0101500075190866,66.42553191489361,8.550984384855713,2.2018599841682884,0.2998445655955239,348.8510638297872,2.302916141918045,679.9787234042553,5.297617847354998
s16,d3,45,144.66666666666666,1.6514456476895392,68.42222222222222,6.837360232538216,2.134490511012239,0.20753442594926808,351.8222222222222,1.3532601861109754,677.7666666666667,4.951583768672582
s16,d4,51,147.92156862745097,2.9989540660363785,67.17647058823529,6.918687396762311,2.2251621822687704,0.23605956234610603,355.3137254901961,2.041961763387651,684.2156862745098,5.195435402313135
s16,d5,51,144.13725490196077,1.371416900043711,67.19607843137256,11.050827313541976,2.203102338022293,0.36487475108234557,353.5,1.5362291495737155,679.9509803921569,6.6762675964649905
s16,d6,40,187.6,7.853792159336226,93.45,10.347674085240557,2.043359164985743,0.33736787668504753,344.575,2.5205565116071336,739.625,6.643630070437426
s16,d7,59,147.5593220338983,2.199303858831631,65.9322033898305,7.092648955030744,2.263475832279195,0.24626252670296736,348.1694915254237,3.4348746018012326,674.2033898305085,3.9654962772296285
s16,d8,51,152.2941176470588,3.0416713671733753,66.80392156862744,8.548729982501813,2.3156776922760254,0.2889494069086214,343.12745098039215,3.583075686131818,672.7941176470588,4.236952289781196
s16,d9,46,140.34782608695653,1.6359488080057598,64.54347826086956,7.810837262673029,2.204424584288783,0.2548777449276746,356.4130434782609,1.20786472672542,689.5978260869565,2.817839135100639
s17,d0,32,145.75,4.1503983485459575,74.46875,10.410863975178884,1.99663078361359,0.2967441912460405,347.5625,3.550897206022992,849.328125,4.843701222439106
s17,d1,38,146.44736842105263,3.116628188604262,79.8157894736842,10.600497854595865,1.8703841615361447,0.2758840870066515,344.67105263157896,3.5053555855203995,864.4605263157895,7.255362954904258
s17,d10,31,154.1290322580645,4.153247207377797,77.54838709677419,11.915924106498325,2.0368302534573375,0.3407516693504369,332.16129032258067,3.0642755989363164,911.258064516129,3.4080076480302566
s17,d2,53,151.58490566037736,2.5678033283794255,78.05660377358491,10.385668924679935,1.9766904703872992,0.2677942484960378,328.37735849056605,2.2120858160285097,862.7075471698113,2.9309915004340876
s17,d3,37,154.0,1.9720265943665356,74.24324324324324,13.93916426118511,2.1378523146061346,0.3510107767615772,335.86486486486484,3.3965845767162572,875.5,4.265494630689868
s17,d4,41,153.9268292682927,3.1495257095508777,79.4390243902439,12.8180512959026,1.9812389233036873,0.27950123673536637,336.5243902439024,3.0123728593755663,883.3780487804878,5.552905194360946
s17,d5,25,151.56,1.8046236911518838,93.84,16.831716093930133,1.6693060831060536,0.3191555662138186,337.42,2.2017038856304216,897.72,6.103414344993089
s17,d6,37,146.78378378378378,5.518328728152386,80.29729729729729,11.45974806991088,1.8743009044253687,0.3363549868026303,337.52702702702703,2.195152316741086,903.7162162162163,5.685679550585845
s17,d7,35,151.0857142857143,2.240948178672551,79.45714285714286,10.782182626206712,1.9342356771896108,0.25064504196429344,335.2,3.1417492317647,912.1,5.356139962147945
s17,d8,38,153.26315789473685,3.406545452557681,74.10526315789474,10.832357617365568,2.1012422876001056,0.2352462321893992,333.6578947368421,3.6982560958892816,910.4736842105264,5.837839484220873
s17,d9,36,147.30555555555554,2.122255463879944,81.02777777777777,14.411277550408936,1.8742252543469233,0.3297800455569338,337.2083333333333,1.979808793076443,916.3472222222222,5.979511977750677
s18,d0,29,132.44827586206895,2.8483855940884926,68.86206896551724,7.414869895453489,1.9447696772758802,0.2105154469589956,345.8448275862069,3.553427541211491,577.0862068965517,4.739780294631683
s18,d1,41,132.70731707317074,2.1005225830614656,70.53658536585365,7.399653914121964,1.9017557005745929,0.20171095022549887,353.6463414634146,2.367075998038053,581.4634146341464,4.311887991214572
s18,d10,49,137.55102040816325,3.559384453395674,63.183673469387756,7.801371325467272,2.205441783375138,0.24075145490733188,343.7551020408163,3.005416029471497,649.5102040816327,4.52480408866681
s18,d2,49,132.81632653061226,2.377616711013331,69.3265306122449,6.46911816215459,1.9319894492727014,0.1832188201605039,360.3673469387755,1.8393146091119266,581.9285714285714,4.740121306464572
s18,d3,45,136.0222222222222,2.1688799883904153,62.68888888888889,7.8879142946150065,2.199910702802289,0.24871309382342038,367.1,3.2762922502564957,607.3222222222222,6.597309675124722
s18,d4,34,135.73529411764707,2.064253090094414,66.8529411764706,7.007062899766446,2.0535328228713383,0.23107084089942598,364.30882352941177,1.5715978449006027,616.6911764705883,4.615544726186709
s18,d5,44,134.02272727272728,1.8361820394584014,70.75,9.618598747243029,1.930173920758765,0.27246601068745413,355.85227272727275,1.1938775279721983,625.5340909090909,6.9636913220469445
s18,d6,46,132.2173913043478,2.965827922469605,67.47826086956522,4.8292586522607,1.971223795355615,0.17232026575810475,350.39130434782606,2.41502943041248,625.3695652173913,6.157592226591985
s18,d7,44,134.86363636363637,1.5033437009872654,67.36363636363636,4.725442807310078,2.010814691868599,0.13085997157027154,348.54545454545456,1.631158034271817,625.5454545454545,4.246500860240713
s18,d8,39,135.33333333333334,2.453068254176618,65.51282051282051,5.816816794848475,2.0816708303638447,0.18955733188224652,350.4102564102564,2.3727393531078604,631.0897435897435,4.402259878492724
s18,d9,38,132.8684210526316,2.4513763660836445,67.36842105263158,9.127982082530847,2.005843382437551,0.2599126956824792,346.4868421052632,2.4809731147308125,648.7368421052631,6.343475944265613
s19,d0,41,118.97560975609755,5.116091305274222,66.14634146341463,13.41745314061085,1.8693638047596677,0.37380847173375215,348.1951219512195,1.9681147349064758,690.2439024390244,7.602731376962055
s19,d1,40,120.8,3.2121563968693523,63.85,8.087819268061107,1.9276302109803745,0.2904162134554901,349.95,3.5188139027307597,705.75,5.445534514980698
s19,d10,43,134.58139534883722,1.8157060562863567,62.651162790697676,7.341609142837923,2.176965086199764,0.2531532210506102,353.80232558139534,3.689011247842883,622.9302325581396,11.819365362136683
s19,d2,45,121.22222222222223,3.0517423405542177,64.71111111111111,9.299614415814677,1.9177878906925767,0.3195137719127578,342.81111111111113,1.7362737297576039,703.8888888888889,5.019155226920064
s19,d3,45,123.95555555555555,2.976846680905175,61.266666666666666,10.894952959971878,2.0828049110058053,0.34893078626651186,340.1111111111111,3.2992576453046643,707.5888888888888,7.858325701336281
s19,d4,60,124.76666666666667,2.0031049344782352,59.63333333333333,5.903077814463897,2.1138470705710564,0.22339513328430247,336.31666666666666,5.671790637845154,702.1,7.834517280403989
s19,d5,45,121.42222222222222,3.8582196134821856,69.06666666666666,13.103434664239753,1.8278964680178522,0.3800828940648226,335.31111111111113,3.826179094690521,705.2222222222222,8.660618518980739
s19,d6,64,121.515625,5.514748443657739,61.765625,8.87790585113333,2.015619234385736,0.3444822028377174,344.9765625,3.635614931829279,601.2109375,4.094910398364633
s19,d7,44,125.70454545454545,2.0973909091518417,60.31818181818182,7.615079065608956,2.118991171716643,0.28522264355184024,353.6931818181818,3.695087733941118,600.3409090909091,2.7296237224134674
s19,d8,41,126.0,2.6172504656604807,62.390243902439025,5.860367090807918,2.0394191676793363,0.21920481023425678,351.609756097561,3.792281956688377,609.0731707317074,2.4071793026532045
s19,d9,48,124.14583333333333,4.212390958666167,68.29166666666667,11.654527625965677,1.8699062579130514,0.32044431506119814,349.4270833333333,1.617686762322251,653.75,5.038152312445901
s2,d0,23,136.65217391304347,6.131948345659317,86.34782608695652,14.521484696358053,1.6284457156493528,0.303703656340599,360.5869565217391,1.7099453334765566,674.9130434782609,6.860049320510914
s2,d1,43,143.34883720930233,7.975807828708466,86.32558139534883,12.610881412933608,1.690915629433017,0.22776722585863673,358.25581395348837,1.0314812108672218,686.1162790697674,4.294011901005868
s2,d10,25,138.0,3.547299442298795,71.96,10.814650556844938,1.9536396208186857,0.25432840377090066,380.0,3.319764047840346,763.98,4.045264721457229
s2,d2,32,135.40625,7.165596006546291,87.21875,14.116415461577743,1.5929973230187708,0.27105710934626404,358.484375,1.1106840016912636,703.140625,5.955797358659834
s2,d3,28,139.53571428571428,4.940251477008501,86.42857142857143,16.84884559498359,1.6724377182600603,0.31470898311407475,368.51785714285717,1.9601688459829234,704.1071428571429,9.094521288133759
s2,d4,44,145.45454545454547,7.696131753980689,81.11363636363636,9.201152377501195,1.808885243766043,0.15284044730044016,363.34090909090907,2.1668021858198347,710.8522727272727,3.624175199597616
s2,d5,37,136.94594594594594,2.1978012490510386,93.48648648648648,18.615438069906784,1.5277016733478632,0.3291632219330837,370.6621621621622,2.508469138223053,723.472972972973,8.953542087683271
s2,d6,40,124.175,6.675202868327917,83.95,11.309061490454098,1.517154887719234,0.29478317553773703,375.2125,2.6695997491221437,734.125,4.815506470154807
s2,d7,46,134.8695652173913,3.235969342336397,80.65217391304348,8.319234450101098,1.6889117221841115,0.16953714199580788,382.9782608695652,1.4412823061393534,742.9782608695652,2.584046184956916
s2,d8,39,138.43589743589743,5.702238119208209,74.33333333333333,10.024531314239852,1.8904130070894887,0.2262640351387313,384.29487179487177,1.8090341589904075,755.3717948717949,6.695165133687268
s2,d9,32,126.375,5.356635920715236,83.34375,11.65252118642142,1.5490515924140311,0.25678929185290716,379.3125,1.763199072068084,763.765625,4.504450084584816
s20,d0,45,134.46666666666667,5.508670851072373,72.91111111111111,11.429273066485148,1.8869637612003953,0.2893332168669385,374.1666666666667,3.6306773723119647,622.7888888888889,5.218508243054522
s20,d1,37,135.21621621621622,3.8088722093957843,81.72972972972973,14.392607378343481,1.70679436270736,0.30899507192562065,373.44594594594594,2.153110746312378,627.4324324324324,8.178700455521051
s20,d10,41,146.26829268292684,5.234617417939452,70.82926829268293,11.3531987541494,2.1123610517942755,0.31597356206146326,372.4268292682927,4.213906998869579,634.7560975609756,4.094389379412288
s20,d2,46,186.43478260869566,9.289545315779076,106.8913043478261,18.751270488357218,1.7986581752153805,0.32681423441224833,563.304347826087,5.111510171356882,935.8804347826087,10.337732817536097
s20,d3,48,140.10416666666666,3.7259274631952977,71.10416666666667,14.73198804069586,2.045676415835461,0.3782925763505118,369.1145833333333,1.3177979025847408,623.8645833333334,5.694098833425927
s20,d4,60,141.45,4.969142066932271,75.08333333333333,10.32077330348462,1.9132971701925938,0.22329774641704223,370.025,1.086999446462695,623.5583333333333,5.361579948860424
s20,d5,43,132.51162790697674,4.377279504241214,89.83720930232558,20.481036795461648,1.5636267192478892,0.40384666987070417,371.74418604651163,3.4681751978032853,629.5930232558139,11.078322791848919
s20,d6,41,130.73170731707316,6.538441673074338,80.65853658536585,8.44573784845813,1.6460236017359322,0.251292175212035,381.2439024390244,2.2834238306201384,628.329268292683,6.4851848047082905
s20,d7,44,141.95454545454547,5.451496681430993,78.02272727272727,10.542248637861602,1.8429690360548212,0.18632972408679413,384.1818181818182,1.7787208269222419,629.9659090909091,4.758587985889342
s20,d8,39,140.66666666666666,4.76463580832417,75.05128205128206,11.445405232872682,1.9161622592579106,0.2941695939316148,374.1794871794872,2.162744295562746,634.2948717948718,5.679740019900273
s20,d9,35,132.34285714285716,7.033294170639839,80.22857142857143,14.618855097775196,1.7067422501885188,0.33615805426299195,373.4,2.7807108697555174,636.9142857142857,8.177700771975367
s21,d0,49,141.57142857142858,4.067144780637468,61.91836734693877,7.694253089952585,2.3181013459359967,0.27328518969234245,364.3979591836735,5.037339319022092,664.469387755102,7.8775843400126915
s21,d1,74,145.32432432432432,1.8290510160737177,63.71621621621622,4.991829681494406,2.2943171388024854,0.17602083614377106,372.52702702702703,2.063863732446703,672.8581081081081,5.220822555166538
s21,d10,74,157.6216216216216,1.6774303791175154,63.28378378378378,7.9906113920252455,2.5286641782472743,0.30656022237120484,365.1621621621622,5.088334838176241,743.8851351351351,6.0903850212868775
s21,d2,51,153.92156862745097,2.3819583309109382,67.49019607843137,7.598348633800922,2.3077483211019785,0.24794057311127876,371.15686274509807,7.070707316866148,704.9607843137255,5.806757388814242
s21,d3,60,160.83333333333334,4.134053154015548,64.08333333333333,9.824375887654188,2.5682858043673824,0.39412707113051426,375.78333333333336,4.223989866877101,683.2583333333333,8.538790682976305
s21,d4,90,158.64444444444445,1.9961260859002656,67.83333333333333,6.92049553333909,2.362212298491009,0.23443002073058927,388.9888888888889,5.804869022599789,666.3388888888888,10.130005428799935
s21,d5,64,155.859375,3.0905241118157205,73.765625,13.587742127046381,2.1850614467487,0.40096555424176467,394.2265625,6.856192709676623,646.7421875,12.37733213153964
s21,d6,76,150.80263157894737,4.292690646023325,66.86842105263158,8.16715716393108,2.290142831045615,0.2961287501462117,397.1118421052632,12.180202156015449,652.8684210526316,10.552525265247349
s21,d7,87,155.89655172413794,1.4787996606190497,67.03448275862068,6.492300047268996,2.3470398362254925,0.22644178811175206,356.17816091954023,3.4447271903104806,659.6321839080459,5.805700772013365
s21,d8,72,162.30555555555554,3.5070909613174623,64.47222222222223,7.676509297341819,2.5462004434626944,0.24661120227956573,346.9166666666667,6.482370458448341,728.4166666666666,11.609551676996192
s21,d9,76,154.26315789473685,3.4500953457457855,70.6842105263158,8.66134789558883,2.2137599535576213,0.2654214030779201,364.4605263157895,7.76863915920704,747.3947368421053,7.0034828428307145
s22,d0,25,131.04,3.878143885933053,66.96,7.68374908491942,1.9837769991901444,0.2482138351534215,375.36,5.407402333838329,760.24,6.965869172855108
s22,d1,31,132.96774193548387,2.8691911864698274,65.80645161290323,3.995158360138013,2.0298807163680026,0.15949564323334522,371.8709677419355,1.7840391528564388,768.3548387096774,7.414168360181636
s22,d10,32,132.03125,2.162501165392195,62.15625,4.906278893483855,2.138073377771112,0.18480924817873384,359.765625,1.9878030302564562,752.984375,2.5636553257081864
s22,d2,41,131.0487804878049,3.9430395604926036,64.82926829268293,4.317999762762785,2.032260411667907,0.17297564586741218,371.109756097561,1.697469422117665,764.0975609756098,6.138219929461602
s22,d3,28,134.17857142857142,2.404526155346628,66.75,6.472877887628363,2.0295722739282906,0.20999523243955712,369.73214285714283,1.7452694945095504,763.1607142857143,9.907024791108636
s22,d4,55,103.0,1.1706281947614248,55.63636363636363,3.6329950727537734,1.859994626816086,0.13645251355496096,346.8272727272727,1.5963447304127332,602.9454545454546,7.02487163931275
s22,d5,37,132.27027027027026,4.240339665696664,74.5945945945946,12.095590242038762,1.8273581194506079,0.3466130553552,434.7567567567568,4.110659621340825,728.5405405405405,6.9864734173122205
s22,d6,42,131.47619047619048,5.960185359853292,66.23809523809524,4.6790113809333285,2.0002674941433445,0.22417918759415031,388.7857142857143,4.1820505781646915,730.4047619047619,4.732139843971657
s22,d7,46,135.8913043478261,1.4640622462414465,64.0,4.6332134277050825,2.1327364202978467,0.13596932276325358,382.7282608695652,5.91392567658845,739.6739130434783,14.893405472558918
s22,d8,36,132.44444444444446,1.462765374105683,63.52777777777778,4.487991030746774,2.095927336148496,0.1641783456176596,376.0,1.3147514702678067,748.9305555555555,3.1217046116728926
s22,d9,36,128.61111111111111,5.489094527347724,68.97222222222223,8.012440723600163,1.8936805537956738,0.2660504390574915,362.8888888888889,1.1899046246960578,750.2083333333334,4.490267252625363
s23,d0,35,114.51428571428572,4.2034399678150685,65.17142857142858,8.205040467641235,1.7880076461056638,0.25841010403282544,385.48571428571427,3.5406997361890142,652.2714285714286,10.655944803904816
s23,d1,42,117.61904761904762,1.2087562838615074,66.5,8.1157780685857,1.7940278298147487,0.21499120767052213,390.6190476190476,2.2437162221372913,616.9166666666666,8.329287635826113
s23,d10,30,120.26666666666667,2.3034207445529264,68.23333333333333,7.3704130485168315,1.7809008310704755,0.1805447019937066,351.8666666666667,2.757226659267373,553.8833333333333,4.071946356036228
s23,d2,44,115.47727272727273,2.8406405792768408,68.06818181818181,5.137177431836806,1.7081739991978084,0.16083357219664385,384.35227272727275,5.02155764939676,585.5795454545455,6.668167334623243
s23,d3,30,119.33333333333333,1.9357495800804387,62.96666666666667,7.796919521387181,1.922479779681097,0.23118458757925128,387.53333333333336,1.129031728375323,572.35,5.259064424466589
s23,d4,48,121.6875,2.3169702336952476,66.79166666666667,4.292290631498304,1.8287993033544723,0.11488286773808369,399.1770833333333,5.10265844702056,562.4375,5.48462551331231
s23,d5,44,118.52272727272727,1.8361820394583983,72.43181818181819,8.597992538209345,1.6617572050347114,0.22090277302559722,403.10227272727275,19.976026196958305,536.7386363636364,8.285240895828235
s23,d6,34,115.29411764705883,3.6558745731808973,71.5,6.792375404552054,1.6322558643151293,0.21565367673215227,379.3235294117647,3.841327013726016,536.0735294117648,3.8516670002645506
s23,d7,45,120.66666666666667,1.846372364689985,68.66666666666667,4.274661071094101,1.7632713278889873,0.1018000459174635,376.8222222222222,7.433153279515231,535.5777777777778,7.814581035965879
s23,d8,42,120.02380952380952,1.8674110843507008,67.66666666666667,5.4801934569140185,1.7848626923206259,0.1444653203189856,360.67857142857144,2.491011716717205,545.2857142857143,3.931025524271466
s23,d9,34,115.08823529411765,3.0586949787878566,70.02941176470588,7.085988282979592,1.662416413148198,0.19777526436693782,361.72058823529414,1.2744052473223857,550.3088235294117,3.668074191036086
s24,d0,30,174.8,3.0217601630107143,85.43333333333334,11.743474588140383,2.0808408378224073,0.26720571553511174,373.3666666666667,3.6997980684256717,656.0166666666667,6.858776573992887
s24,d1,31,174.93548387096774,1.3400369117047446,88.12903225806451,8.032193289024992,2.0003023221195906,0.17401460245484981,376.56451612903226,4.014021124931717,664.1612903225806,6.735957116814888
s24,d10,30,195.5,5.076993408402801,87.33333333333333,13.121010614286913,2.289636933055308,0.3602731217717324,388.8833333333333,1.6540615285501883,721.5333333333333,9.223221567974779
s24,d2,39,178.3846153846154,4.665750825883302,86.17948717948718,8.312551685226877,2.0892971567874943,0.21112439691840282,385.65384615384613,4.408654536002225,696.2179487179487,8.67982754482061
s24,d3,28,179.25,3.250356105846682,85.75,14.7412874456594,2.1471461527723847,0.34526978319491414,398.625,3.7727703741808294,708.0178571428571,9.832374852399342
s24,d4,37,181.72972972972974,1.774020052633889,86.94594594594595,7.556990678048243,2.1066684392287898,0.1963392043620132,397.64864864864865,2.825638730311145,717.0675675675676,6.16459668204272
s24,d5,33,178.12121212121212,4.270228153723006,99.81818181818181,16.279693151005922,1.8386428999613933,0.3449031964003113,397.75757575757575,4.458351033666361,729.3333333333334,7.22156781223208
s24,d6,34,175.8235294117647,5.900542287534877,89.20588235294117,7.58698811069323,1.9898819952135094,0.2308812449584281,396.61764705882354,5.159661169767784,729.7205882352941,6.630040879793811
s24,d7,31,183.83870967741936,1.6752467319482371,88.80645161290323,8.919713578505792,2.0905261559004646,0.21150994883302823,391.7258064516129,2.8279518786494466,732.1451612903226,7.554461759326032
s24,d8,31,196.74193548387098,2.5556178892195285,88.16129032258064,8.835899404111043,2.2522711703833402,0.2157863104811058,364.4032258064516,4.896290015305332,677.983870967742,6.169121859400157
s24,d9,31,188.74193548387098,4.604112233901954,94.93548387096774,15.521888810903926,2.0400547736504,0.33266347510067407,378.9516129032258,3.7779069132472256,712.8225806451613,11.09770876284594
s25,d0,42,165.6904761904762,11.434837858093248,84.14285714285714,17.123043137006256,2.0585175294799023,0.4823228542551388,366.20238095238096,3.855720368316755,651.1428571428571,9.91751697034813
s25,d1,41,171.9512195121951,4.609507671716127,87.17073170731707,11.566984133784368,2.0117893788863146,0.30824547465711943,364.390243902439,1.6526955070503828,660.3414634146342,7.710738473381032
s25,d10,34,184.44117647058823,5.940060077599396,77.8529411764706,8.388781660885611,2.3900971928264996,0.21253283045967739,394.86764705882354,3.896985671798535,702.5735294117648,5.067921026358939
s25,d2,41,168.90243902439025,10.217154393589194,88.73170731707317,14.5654117522367,1.9500576964438723,0.3168371560225579,381.719512195122,2.387594973210006,679.439024390244,10.251948059973275
s25,d3,39,178.17948717948718,4.5182192281088245,87.12820512820512,20.885879751866977,2.14835203275779,0.45436951778426365,380.7307692307692,4.02434393778099,688.0,13.174436969893062
s25,d4,39,181.0,4.622598950009787,76.71794871794872,7.500697223552373,2.378188650277192,0.20782205026323572,381.52564102564105,2.4707465256602315,694.7692307692307,7.04949247318941
s25,d5,41,180.46341463414635,4.9653678664103555,100.8780487804878,22.31613219394348,1.881049849153933,0.4304421336133827,366.0853658536585,8.213481630088713,690.7073170731708,6.82914307376492
s25,d6,41,165.9512195121951,17.485638706538854,90.02439024390245,13.900517625034768,1.91440648654331,0.47340589535948363,374.5853658536585,2.968380111745276,698.5243902439024,7.576238528709528
s25,d7,44,182.52272727272728,2.921361870721255,83.3409090909091,9.205517005599454,2.2131496480183177,0.216172187900088,383.03409090909093,3.890055489639393,689.5113636363636,3.9125448750879293
s25,d8,33,183.36363636363637,3.586591189923425,78.78787878787878,8.586899818027955,2.3515265995354317,0.23727945224498276,392.1666666666667,1.6233966448981707,695.8484848484849,4.909310110145421
s25,d9,41,168.26829268292684,11.556436280800202,90.60975609756098,18.989310214934736,1.9421437015447263,0.43970340241255573,392.2317073170732,4.563575299279612,703.5487804878048,9.018595288381071
s26,d0,25,160.12,4.798610910114169,85.4,10.835897132525147,1.905381383033965,0.2585010021779327,370.14,3.4324432503199205,700.14,9.095007788158686
s26,d1,27,158.11111111111111,2.3912232681095866,85.44444444444444,7.977532553429391,1.8671576270807362,0.18829325420416396,383.9074074074074,1.0564548575764394,711.2777777777778,5.94741917740753
s26,d10,15,158.06666666666666,4.802776974487437,79.33333333333333,6.542898731412843,2.0097724039611453,0.2286052261877613,390.1666666666667,1.2051476890327624,743.1333333333333,3.351261311946937
s26,d2,26,183.69230769230768,10.019058761257881,105.6923076923077,15.969393803821694,1.780541780611539,0.30396837361034695,436.4230769230769,5.416072945764876,854.7692307692307,19.597056293857378
s26,d3,28,156.53571428571428,4.358747210917057,81.46428571428571,7.391096459816154,1.9397084849221897,0.21170391924021276,371.26785714285717,2.1708598008927757,716.3392857142857,9.724971266670398
s26,d4,34,155.94117647058823,2.3733517594269644,82.29411764705883,3.881029321172462,1.8995048349551449,0.10408396912835366,354.79411764705884,7.267734471578945,721.2058823529412,4.290789372631226
s26,d5,41,154.73170731707316,2.636516548818753,85.34146341463415,9.953918213692441,1.8392371119392703,0.2317929655966082,348.780487804878,1.378626039249788,730.3048780487804,8.950473485227231
s26,d6,24,151.5,5.233670255931888,84.625,6.106393655690797,1.8035915647680423,0.19367718615245283,353.9583333333333,2.828106858977754,738.4375,5.790382768755065
s26,d7,28,156.96428571428572,1.5981967351464614,82.25,3.667929075609793,1.9119651820381196,0.08600947211629514,359.51785714285717,3.845348664192416,731.7678571428571,3.7354213973623893
s26,d8,25,160.16,3.2362529773386624,79.56,5.930711031009126,2.025342080058755,0.1772429029781124,377.56,2.851607733659482,735.5,6.541533968930115
s26,d9,43,151.97674418604652,2.8241169887833126,83.13953488372093,8.069877544798294,1.844952422748363,0.18206949031756442,389.0813953488372,1.1998523349529837,741.3139534883721,7.284215857897901
s27,d0,25,138.08,1.3820274961085217,64.92,8.190034594961533,2.158322188080371,0.26184530236540443,386.6,0.595119035711908,690.74,3.813681510911244
s27,d1,29,144.48275862068965,2.230001435860706,68.27586206896552,6.140594152989118,2.1320120355034997,0.18363061755956103,384.6896551724138,2.575342533054899,679.6206896551724,2.4663998213626686
s27,d10,29,151.93103448275863,2.2979965572950514,68.24137931034483,6.82775414034404,2.249102665273665,0.23819584478678707,402.13793103448273,0.9718957149757547,635.0172413793103,2.050621676732214
s27,d2,37,139.48648648648648,1.8199759098164756,65.54054054054055,7.32800789435298,2.1531191352107313,0.23274788202497798,391.7972972972973,2.55348198941569,678.8513513513514,4.939726804277781
s27,d3,29,140.82758620689654,1.4409561685918724,63.724137931034484,8.919867678887785,2.249064951804344,0.2927793991107003,402.7241379310345,2.316810488028388,693.0689655172414,5.047496087048329
s27,d4,38,144.07894736842104,1.90846731978008,68.34210526315789,5.9150578155748565,2.1228745776982554,0.17621889767605198,391.0394736842105,4.755340637679901,680.7763157894736,1.1131727751393816
s27,d5,32,142.3125,1.7121482450135952,69.25,8.647207268730584,2.0863661218794487,0.2609280921686937,384.09375,3.1887845292828167,681.34375,4.813350888330651
s27,d6,38,141.52631578947367,4.051938755875454,67.1842105263158,6.677332624746781,2.130617538087415,0.2533682762115587,395.1842105263158,3.2203345735018964,669.8815789473684,4.550667029405508
s27,d7,45,151.3111111111111,2.5300217589993443,68.31111111111112,6.976656604258043,2.2390396459726976,0.243454510709835,401.52222222222224,3.054347787014502,659.3777777777777,2.9621774000715932
s27,d8,32,153.46875,2.7117947276962644,68.78125,8.889044997509119,2.2627267800236504,0.2523571737979961,412.046875,3.0489537470438757,654.328125,5.901898785492171
s27,d9,29,146.6206896551724,1.9349011252599098,72.17241379310344,8.56099529225946,2.0601535924574397,0.25347244485735965,406.1034482758621,1.5662700822155349,645.9137931034483,5.904098100831099
s28,d0,23,185.65217391304347,4.107738768052478,101.6086956521739,10.439170684732584,1.8430987046813772,0.16596971394186452,401.7391304347826,4.231563125159928,673.5434782608696,5.894745432621781
s28,d1,35,189.4,4.160033936513149,94.45714285714286,6.232471217662506,2.013256432398981,0.132924739915381,367.2142857142857,8.678307738844278,740.1714285714286,6.655319474745287
s28,d10,38,195.21052631578948,5.0839327973998385,97.02631578947368,6.175307595381931,2.017059101319744,0.08630911272139738,357.4736842105263,8.846244712826065,752.75,6.211095129097829
s28,d2,55,126.49090909090908,2.9930334375427807,66.7090909090909,4.802286211998708,1.903661742985749,0.11267367103104026,334.22727272727275,3.621972786850738,529.4090909090909,3.8730920142492318
s28,d3,35,194.74285714285713,6.541014749225087,98.51428571428572,7.785247846640038,1.9858946478103823,0.12851056349443812,376.0571428571429,9.862862181951465,744.8571428571429,9.914021138067517
s28,d4,44,198.5,6.818238195679543,99.02272727272727,8.448169297666189,2.0138318785443867,0.11477875231789962,389.27272727272725,9.032534570157992,752.4886363636364,6.886529348615653
s28,d5,31,187.09677419354838,4.526623750726929,98.7741935483871,10.381745766550553,1.9116898423502533,0.17471259605492806,351.9032258064516,18.280873135073364,764.0322580645161,10.639498330804095
s28,d6,21,181.47619047619048,3.9321628605520393,92.19047619047619,5.473746866809309,1.9771197842110502,0.15430790673328332,363.4047619047619,6.993959979187477,770.1428571428571,13.325861001397701
s28,d7,42,193.26190476190476,4.992968342454947,91.92857142857143,7.023975863696998,2.11088095456801,0.11997632944237298,362.7261904761905,8.021466915410757,763.6547619047619,8.520769528426525
s28,d8,29,192.58620689655172,3.793954226127494,95.0,8.742343589025273,2.0406985725217996,0.15596769789822892,333.7413793103448,6.830369015411938,759.6379310344828,8.076527444793513
s28,d9,29,186.41379310344828,3.479708951081461,95.82758620689656,7.397243528684193,1.955055655987637,0.13618043306446304,349.55172413793105,7.204097082794261,750.0862068965517,6.475322614022052
s29,d0,33,151.24242424242425,5.623779328831639,67.87878787878788,7.577753524947113,2.2621220622929132,0.3199555522954194,359.6818181818182,5.783622056368227,777.3333333333334,5.7250363899862515
s29,d1,34,156.64705882352942,3.1992646213852276,71.55882352941177,9.049330048768844,2.226383636470315,0.308445253202872,372.94117647058823,3.700460057152512,767.1029411764706,4.224351145737735
s29,d10,34,164.35294117647058,3.122570356741148,71.52941176470588,12.536577499503979,2.3651959427131843,0.3993675779787916,348.1470588235294,2.6728982447407033,799.1176470588235,2.2765564889576924
s29,d2,37,162.75675675675674,3.7223454777674547,78.70270270270271,7.655299053832156,2.086510307324722,0.20370742899285982,349.2432432432432,4.8270384606195575,754.6216216216217,7.736462554220354
s29,d3,34,171.11764705882354,4.903707353732648,77.08823529411765,11.799762830330526,2.272662439040585,0.3615277740025842,345.0882352941176,4.385704373535655,755.7205882352941,2.68043182995003
s29,d4,32,169.5625,2.32708456671544,80.6875,9.512089082303497,2.13331981486025,0.2813677558738035,350.75,4.756998240283952,753.90625,6.524689462391632
s29,d5,29,168.0344827586207,1.8609283132867143,82.24137931034483,11.642456700780839,2.0871790237179884,0.32352951575614103,358.7068965517241,5.957464167776825,779.5,4.200340122282588
s29,d6,35,164.34285714285716,6.462301798725828,70.91428571428571,7.762547446369832,2.3525330171261833,0.33246651146385264,361.48571428571427,2.5248346314098136,769.2571428571429,2.5678195962706662
s29,d7,34,167.08823529411765,2.5979904478657057,77.11764705882354,10.948265964491066,2.2148498565304457,0.3530185338472505,360.4264705882353,2.8099723738024296,765.8823529411765,2.4558489969662376
s29,d8,35,167.22857142857143,3.218382076956889,71.45714285714286,9.214256400187878,2.3805579495703872,0.324739016872299,361.3285714285714,1.4898818406705094,760.9857142857143,7.63745194871354
s29,d9,27,161.4814814814815,4.68524993480252,78.29629629629629,11.044716156866818,2.104263848137903,0.31905464051142385,354.4074074074074,5.424369933346165,761.4074074074074,6.379108083660252
s3,d0,66,162.04545454545453,6.279225376483254,89.21212121212122,16.776829398369784,1.8747864913865426,0.33319625828519783,353.15909090909093,2.5901575403662487,675.6212121212121,8.481228415225932
s3,d1,31,169.4516129032258,1.3376274936722683,89.61290322580645,9.489212890979028,1.9117413609389715,0.20363086146133205,368.5,0.9660917830792926,676.2903225806451,2.821861659579868
s3,d10,22,172.22727272727272,3.584780237427306,84.9090909090909,11.900016370173175,2.0672765509839683,0.2952084026457082,353.8863636363636,1.299558699656464,672.7727272727273,4.540105077259083
s3,d2,32,167.28125,6.001259948356005,92.875,14.486367340008925,1.8456804429015221,0.2962709800688008,353.140625,1.386771459413999,678.78125,6.085330722318998
s3,d3,23,173.7391304347826,2.6494835054873977,101.26086956521739,25.269847989081853,1.8176602981942558,0.4322465838753033,353.0,0.8528028654224395,716.1086956521739,12.146788316388848
s3,d4,37,173.21621621621622,2.1099649172325017,91.72972972972973,6.93080341923186,1.8979502821397802,0.13120902957640804,351.7972972972973,1.3867400794842517,676.2162162162163,3.0104921629300345
s3,d5,31,164.6451612903226,2.345895523345316,115.38709677419355,30.27284527906689,1.5416106358989579,0.45698360014439937,372.4516129032258,1.1280871620408488,692.4677419354839,14.123818820153296
s3,d6,30,153.3,6.281609721214393,86.2,9.513692491750314,1.806548659091611,0.26554409415133284,320.68333333333334,3.6987494003293677,519.6333333333333,4.344900564977348
s3,d7,36,170.80555555555554,2.3882981920120994,95.41666666666667,13.540151929934693,1.8250142962840998,0.25388105405036226,353.7638888888889,1.092089158520847,677.375,4.182232828116107
s3,d8,25,169.36,1.4685593847940515,93.08,15.085644390169971,1.8634028963477123,0.28451601261602116,358.32,1.1715374513859884,680.5,7.877975628294311
s3,d9,44,162.0909090909091,5.850136877023936,92.20454545454545,19.130615357970843,1.8261157626764584,0.34994958841555246,341.8636363636364,1.2217202719252236,675.8522727272727,10.285222830258737
s30,d0,31,106.80645161290323,2.120052748380088,56.41935483870968,7.419677412342518,1.923756515167465,0.2442464319505665,650.7903225806451,1.3950758255878348,352.85483870967744,4.877146618647574
s30,d1,30,108.9,1.3480509557543998,59.666666666666664,6.331820751015338,1.8454595742887203,0.20000038637650414,650.3833333333333,1.4244377797944812,347.1333333333333,2.9534705865722084
s30,d10,23,115.21739130434783,3.7289594178431287,56.26086956521739,5.395430653502917,2.07205611525728,0.2673275129567763,655.8695652173913,2.760177000682813,361.4347826086956,2.2274340507841863
s30,d2,54,125.51851851851852,1.8707353083721412,65.66666666666667,9.70897270278356,1.9461702418533744,0.24233111010533678,342.537037037037,1.8476192019958184,565.6111111111111,4.116999579134271
s30,d3,23,113.1304347826087,4.288508405940928,55.08695652173913,6.815177203580664,2.086946282907185,0.2954909280287912,657.5652173913044,0.5701743717751557,353.19565217391306,2.6056718311597837
s30,d4,36,114.08333333333333,2.534053782268351,59.80555555555556,4.897926350985946,1.9184514176229115,0.14108316098197243,662.0416666666666,1.4946332564975295,353.7083333333333,1.2210943569484942
s30,d5,18,111.72222222222223,0.8947924869885955,69.22222222222223,6.804458361601695,1.6297176544108125,0.17112096189689813,660.5833333333334,0.8952488973661402,363.3333333333333,2.706202027152573
s30,d6,23,107.26086956521739,2.071832550805462,61.69565217391305,5.554971422958121,1.7547885010144761,0.19025188715492564,656.7608695652174,1.7637097087555773,360.10869565217394,2.044707812751175
s30,d7,35,113.0,2.52050415125042,60.6,2.089187852337113,1.8656970872617304,0.03797814494893087,653.5,1.0145993123917707,358.5857142857143,1.3852463907281263
s30,d8,37,113.21621621621621,2.393685386538862,56.5945945945946,5.698242708938429,2.0194081004740823,0.2014144968610352,655.6351351351351,1.4844033998389377,359.13513513513516,2.222513119098358
s30,d9,34,110.70588235294117,1.0879341492077927,61.411764705882355,7.943427422447213,1.8287639258136876,0.20950404935102196,657.7647058823529,0.7999554354789227,361.0,3.2450428395174025
s4,d0,31,190.51612903225808,2.434077070019699,95.90322580645162,7.807495709080586,1.999010059670404,0.16171243589580067,351.93548387096774,1.874130622821649,769.6935483870968,4.108279078792865
s4,d1,37,192.51351351351352,2.433808419622103,91.29729729729729,6.89550926676544,2.1220762826956685,0.18443989660776677,349.7972972972973,2.2436931963080537,773.8108108108108,2.593665765302469
s4,d10,56,191.51785714285714,1.9446062600160183,77.96428571428571,8.097057345871876,2.479976037370627,0.23390652801705805,379.5982142857143,2.351826452427451,801.6428571428571,3.03721506065597
s4,d2,38,186.76315789473685,6.703908543393125,99.23684210526316,11.996472928788371,1.912918880549972,0.2741279151358002,351.4868421052632,3.5421913398218736,777.2236842105264,5.106563567131025
s4,d3,35,190.17142857142858,2.7060467615379844,92.68571428571428,19.096922185912312,2.1319933042407375,0.4043942647258873,351.4,3.772579083488721,779.9142857142857,6.393339496379541
s4,d4,36,194.72222222222223,4.025711018733103,97.66666666666667,11.280830769812244,2.0190751746463307,0.22851569598904034,353.19444444444446,1.8984120348250044,785.5,3.1554940749655205
s4,d5,41,189.4390243902439,2.4088252374114356,105.51219512195122,18.552792176946724,1.8559825173821052,0.35713070584775625,355.280487804878,3.8112477951580868,791.219512195122,9.372198768490573
s4,d6,38,186.6315789473684,3.529191413644119,93.8157894736842,8.630102135745533,2.008324090428827,0.21481364115323154,370.4736842105263,1.5809139010226307,786.1447368421053,2.286588083589098
s4,d7,33,192.9090909090909,3.3574882386580693,95.12121212121212,13.076117485127178,2.067459898946969,0.30136609902350653,373.09090909090907,3.4356916731172307,792.5909090909091,3.6130288225707567
s4,d8,38,190.3684210526316,2.860930227018667,95.1842105263158,10.691889482745205,2.027273971870283,0.25264550912546085,375.5,1.4565787385588387,798.0131578947369,3.2288539555525344
s4,d9,54,187.33333333333334,3.654926889287633,89.20370370370371,11.975414483912253,2.1371745528457518,0.2877986090238853,375.01851851851853,2.046540944929591,799.6203703703703,3.690803442194791
s5,d0,22,166.1818181818182,2.7191799120211586,92.27272727272727,4.037701116109301,1.8049911743534894,0.09930100076050186,367.27272727272725,1.3863902488397397,675.1818181818181,3.8500014055205933
s5,d1,40,170.3,4.339443424077482,95.05,6.535700774621232,1.8031959355584728,0.17311255938359527,368.25,3.096731113568554,673.275,3.2951985271503395
s5,d10,28,165.67857142857142,3.0191189716669573,85.78571428571429,9.314891076507319,1.9569950630209711,0.24803360276444322,380.80357142857144,1.4423443218791863,722.2857142857143,2.4923162342768674
s5,d2,31,163.70967741935485,4.360378793844236,92.64516129032258,5.782435398669409,1.7750689196343001,0.1382629380315099,367.30645161290323,1.3581692294828172,680.4516129032259,2.61200701476112
s5,d3,24,168.625,3.9542217395104955,85.875,13.352454586264688,2.0177240240481895,0.364870990583472,380.3958333333333,1.35918107270733,689.8125,2.689805633837915
s5,d4,47,165.59574468085106,2.559378104388071,96.25531914893617,5.869849583682706,1.7277615343033836,0.1269843388297804,380.0744680851064,1.864947613800512,694.9574468085107,2.9595640602049986
s5,d5,38,162.71052631578948,4.50169874685066,94.3157894736842,8.285791365287658,1.7428108139212788,0.20856545262765977,377.4868421052632,1.8761909446753446,702.3421052631579,4.115076537263796
s5,d6,36,161.25,5.078666866694174,90.52777777777777,6.746368805771894,1.7951015376857065,0.1935489305819661,381.2916666666667,1.2613767988081097,703.8194444444445,1.6175500777312657
s5,d7,36,163.02777777777777,2.0491965130768603,91.88888888888889,6.200358412579419,1.783085170358465,0.137379489947016,380.65277777777777,1.482369938618794,712.5833333333334,2.6686004892880573
s5,d8,31,167.06451612903226,2.1592511645007524,89.64516129032258,6.646043369789151,1.8748930955546401,0.15863988815064417,380.69354838709677,1.4587518600664617,718.1451612903226,2.2553401383793448
s5,d9,33,161.12121212121212,3.3889302862184234,89.66666666666667,5.016638981097474,1.8030129983583272,0.11873462068891665,382.07575757575756,2.0846208142954548,719.1363636363636,2.081438532274367
s6,d0,39,154.33333333333334,8.805899139163628,87.94871794871794,12.113386935532619,1.7820427601647675,0.23034681307947089,359.1923076923077,2.041076162918488,700.8205128205128,5.090609491333267
s6,d1,37,148.86486486486487,2.897912679481201,88.35135135135135,9.496245504338992,1.705064320481871,0.19778190363377882,362.5945945945946,3.4214150699792594,706.1216216216217,4.086572533930561
s6,d10,42,151.78571428571428,7.393259007071555,81.45238095238095,9.200218398660057,1.8865007905241074,0.22703920435525882,377.4166666666667,2.8731657280451586,781.8452380952381,4.346975532872414
s6,d2,42,148.52380952380952,8.813067059044965,82.83333333333333,5.459012090857655,1.8015127204548689,0.16706229206601955,373.85714285714283,4.359298604197426,724.5833333333334,8.467237193503953
s6,d3,40,158.475,7.581987764533684,86.05,6.857337451451321,1.8555539242995724,0.19773345947967547,363.1125,2.9055373747204305,734.475,10.017260744360833
s6,d4,42,154.97619047619048,2.9507179385833937,84.92857142857143,4.413907384303909,1.8293060273002082,0.09551584063775984,367.8452380952381,4.211610107550948,736.797619047619,3.91067881920076
s6,d5,42,97.69047619047619,2.018065908639854,58.833333333333336,6.242719336590995,1.6796173396647665,0.18956913256099858,639.0357142857143,1.9235157633838196,422.9166666666667,3.680728763117786
s6,d6,47,150.89361702127658,6.919518840249916,87.68085106382979,12.24053562159037,1.7502464445098291,0.23074566850307476,371.59574468085106,7.975940927096066,738.6914893617021,8.22612037531865
s6,d7,39,152.3846153846154,2.8618671179510935,84.84615384615384,4.804265985550659,1.80095468603173,0.09433674758465277,369.65384615384613,1.3724442571071835,751.1923076923077,2.9191188843088383
s6,d8,41,148.78048780487805,6.904752693333603,77.58536585365853,6.356003499669018,1.9245085950027034,0.108719416771108,384.3170731707317,3.9902319756515676,777.8414634146342,3.8623811055976565
s6,d9,42,144.35714285714286,6.423362194484514,78.66666666666667,10.35861057324437,1.8694839455160965,0.2818848717756601,383.70238095238096,2.6435829433110074,784.1190476190476,3.796354997358615
s7,d0,31,170.67741935483872,5.5219990146938285,96.16129032258064,9.143656359077763,1.7908416289646294,0.1846272633700287,356.01612903225805,1.8003882496457495,773.0483870967741,5.794185071704441
s7,d1,39,177.48717948717947,3.817355069952802,98.23076923076923,11.148428113088983,1.831629272026748,0.22730546714746716,346.87179487179486,3.760455509778809,755.3205128205128,4.496324784999327
s7,d10,52,184.98076923076923,3.9382009658805046,89.96153846153847,8.33363498699883,2.0700432023665187,0.15775203712402272,354.74038461538464,1.4602255554193717,740.1153846153846,1.319593611742208
s7,d2,42,173.28571428571428,7.702662556088101,98.33333333333333,10.61905022317328,1.7841647834405592,0.22052002585451408,347.1190476190476,1.4890229396319936,752.9047619047619,7.407344818421833
s7,d3,30,181.76666666666668,3.2343344818107287,98.86666666666666,13.541082657610133,1.8686478244175204,0.2311773399970783,330.75,2.3295330300150505,741.1333333333333,3.775906681098997
s7,d4,41,186.53658536585365,2.180568285741238,96.82926829268293,9.89924855487625,1.9448712848479088,0.18643967956923693,340.7560975609756,1.5496852552192426,728.5121951219512,4.405235244680549
s7,d5,28,181.25,3.3733706629467433,111.5,18.582149937407575,1.6751598098619969,0.31035174380357067,342.3392857142857,2.592916174062351,732.6071428571429,6.658824752908542
s7,d6,32,173.21875,7.744860418576035,103.375,9.362760828013318,1.6948055082312627,0.2229610087187674,342.234375,2.6880391432201884,727.09375,3.446450956208162
s7,d7,43,185.09302325581396,2.0096665618759912,95.86046511627907,8.667348128928486,1.94593409873094,0.17317698902928672,339.77906976744185,1.2923876278929678,732.6976744186046,3.8018471933980873
s7,d8,26,184.30769230769232,1.6436357447860732,98.53846153846153,11.395545688489932,1.8927723978118807,0.20270001698390214,348.53846153846155,2.1067656581740444,742.5769230769231,4.058798609668414
s7,d9,30,170.6,8.340181094535952,102.73333333333333,12.373312029311831,1.6826576917082205,0.21045167492783584,352.03333333333336,1.1885468767200293,744.6666666666666,4.377318761551392
s8,d0,36,94.05555555555556,3.2244108604247996,58.69444444444444,8.255974267832421,1.6363883217965622,0.25564992255739855,651.2777777777778,1.7256238807393494,368.2083333333333,3.321735776883644
s8,d1,32,95.3125,1.9081742667424424,60.75,4.593122488411166,1.5800045105019611,0.15287091137013975,640.03125,1.282245384396603,370.3125,4.007553352229727
s8,d10,31,97.41935483870968,2.187451996401102,54.29032258064516,4.17287709210401,1.805617195375427,0.15451485242838042,646.2258064516129,4.830180655140206,397.11290322580646,5.926929611835777
s8,d2,37,95.21621621621621,4.090199228610965,60.08108108108108,7.595241121102594,1.6120170311828372,0.2294912046172228,646.3108108108108,2.170993600454292,382.22972972972974,10.308164640626321
s8,d3,50,98.4,1.7956864414252234,55.96,8.263418277725815,1.7955051546569276,0.25826631238095704,648.28,1.5751903027241183,383.58,7.452817574308275
s8,d4,34,98.94117647058823,0.9191951838952706,59.23529411764706,4.171031581794605,1.6786685101768997,0.12326061713066007,661.5,2.31595258233774,379.6764705882353,4.849058566769153
s8,d5,41,97.73170731707317,1.732402814646502,67.0,12.531959144523253,1.5134895842928096,0.3034356757232363,653.280487804878,1.833878337321688,389.0853658536585,6.764708455491994
s8,d6,56,93.78571428571429,3.7933639938200443,57.660714285714285,4.256660174850215,1.6397641145054977,0.18409304032436974,653.625,0.6123724356958399,385.4017857142857,4.010689855484111
s8,d7,38,98.23684210526316,0.9707676128606774,56.23684210526316,5.715953069078591,1.7645310583259213,0.1795876440662425,646.171052631579,1.3369808453896004,388.69736842105266,2.919041571892257
s8,d8,32,99.4375,0.8007053342260572,54.0625,4.435469208186908,1.8506616646010294,0.14381172773342366,647.15625,1.7663407591456122,393.40625,3.9317514360445878
s8,d9,28,95.75,3.050500869620523,56.964285714285715,6.26857029512899,1.7019614667498435,0.20564040825125007,640.375,1.6811867501526763,395.8392857142857,5.467163885634024
s9,d0,44,89.31818181818181,2.330512741993047,48.72727272727273,7.747058365550044,1.8750903361181412,0.2793829928076635,643.2727272727273,1.9363551995369417,319.5,3.1475350266813518
s9,d1,59,90.76271186440678,1.039545375613907,48.016949152542374,5.649203561271299,1.915096789637367,0.21615771053566465,644.3983050847457,1.1286995149169425,321.00847457627117,1.2016207640305467
s9,d10,51,93.29411764705883,2.5162998044514406,49.627450980392155,7.464477970531431,1.9208848124206468,0.2885206301455318,649.6274509803922,2.021986986246203,329.7156862745098,4.247652177333772
s9,d2,51,90.23529411764706,1.4225081411945248,51.19607843137255,6.873193167205871,1.7951438765178824,0.24994579290140573,646.6862745098039,0.7345800454254513,327.2450980392157,3.1358771484540164
s9,d3,52,92.65384615384616,1.7699519810104865,48.5,8.799509790267843,1.9615839758838998,0.2921525135356848,644.4038461538462,0.8968269858416958,325.61538461538464,3.1585790187674436
s9,d4,44,93.45454545454545,1.7843576846369753,55.29545454545455,6.862705227852751,1.7146265656829145,0.20490821653610672,649.3636363636364,1.053033471737949,324.9431818181818,2.466557503822213
s9,d5,52,89.92307692307692,2.6850797179983394,61.15384615384615,17.273332745383275,1.5943225573894706,0.4583434074099845,647.0576923076923,1.2589049324549866,324.88461538461536,5.2014471823086295
s9,d6,61,89.75409836065573,5.005516082965932,48.78688524590164,6.899552531622036,1.8824446309733796,0.3113670597827722,644.6639344262295,1.9868763413027237,326.55737704918033,2.7493913881920213
s9,d7,64,91.546875,1.3205300462975498,51.609375,7.321672953722385,1.8070612980141483,0.24080477710046794,645.5078125,1.8866535997779672,325.3828125,4.824492890120745
s9,d8,53,92.81132075471699,2.287563397806506,48.924528301886795,6.603754924294593,1.924195383283148,0.21275309876647547,649.5188679245283,2.172738134578463,328.7641509433962,4.983244785494939
s9,d9,66,89.8030303030303,2.361353568610741,50.89393939393939,8.973685955449952,1.8168048109219166,0.306502417573438,646.6287878787879,1.9695970030218652,326.17424242424244,2.397903610435927
