digit,frames,w_mean,w_std,h_mean,h_std,ar_mean,ar_median,ar_std
d0,1093,137.86916742909423,31.04997582980482,71.7950594693504,18.783470573288508,1.9644721325881305,2.0,0.3533212994470023
d1,1236,141.78883495145632,31.32966782088621,73.17233009708738,16.832499259687655,1.9617302315300276,1.9814751286449401,0.29451841913128823
d2,1296,139.37962962962962,31.75759079565967,73.32947530864197,18.842167325746686,1.9333490163947287,1.9533066860465116,0.2999640952100594
d3,1142,141.91506129597198,32.594698021742374,70.361646234676,19.971400237252467,2.071278463203756,2.090909090909091,0.36815757975819163
d4,1366,144.28404099560763,33.46055347564483,72.79062957540263,17.362080698947075,1.9993776596820936,1.9662751042061386,0.2694635150995705
d5,1260,137.61428571428573,34.92372879701538,78.15,23.56615163279708,1.8255125197923632,1.803921568627451,0.4059965803529093
d6,1298,137.11633281972266,34.341311865607345,73.70647149460709,18.79822588865416,1.8885238365166095,1.8846153846153846,0.34438695001733793
d7,1309,143.55996944232237,32.85733388778117,72.56608097784569,16.798125304865504,1.997240640609386,1.978494623655914,0.2873714989043856
d8,1175,144.33531914893618,33.18783828600815,69.82893617021277,17.01278745863291,2.0913333754544152,2.0684931506849313,0.3023139109684131
d9,1244,137.63504823151126,32.11634511286703,74.06591639871382,18.9253220752487,1.894390463400451,1.9034436834094368,0.326940290044861
d10,1191,144.69269521410578,33.88040665338335,67.7968094038623,16.35567970825747,2.1583188952017265,2.125,0.3258400380262697
