speaker,frames,w_mean,w_std,h_mean,h_std,ar_mean,ar_median,ar_std
s1,442,191.32805429864254,6.98645143750782,95.12669683257919,18.725787388715656,2.08821267750206,2.0107539315448655,0.40360527414366687
s2,389,136.44730077120823,8.590958095250771,83.2133676092545,13.65284707369155,1.6827675837955238,1.6741573033707866,0.2844655227440899
s3,377,166.3474801061008,7.219484588874163,93.39787798408489,18.266810845459478,1.841361183902006,1.851063829787234,0.3255604101852403
s4,437,190.14187643020594,4.234849861762275,93.16247139588101,14.043303321872681,2.087972068416071,2.0,0.32013011683252807
s5,366,164.93169398907105,4.592218656709625,91.74863387978142,7.847672077292227,1.8140804851021834,1.776529338327091,0.1995325203593812
s6,453,146.33333333333334,17.15124461199282,81.6644591611479,11.621710476869287,1.8079526426134,1.8068181818181819,0.20463225851127614
s7,394,179.43654822335026,7.6857678367662805,98.35532994923858,12.1400074414994,1.8523634193530998,1.8659223817118553,0.24197469468580768
s8,415,96.66987951807229,3.194868127575667,58.34457831325301,7.731253671704451,1.6861373786287468,1.6896551724137931,0.2308439451545288
s9,597,91.17420435510888,2.862592206266368,51.06365159128978,9.3768583160037,1.8387527228326068,1.9166666666666667,0.3014690098740061
s10,554,97.64079422382672,14.385641704572503,55.855595667870034,12.22930755222572,1.794809158783881,1.8119103773584906,0.29348345583375246
s11,517,93.58220502901354,8.28720835144184,47.4100580270793,5.618192297042591,1.987445340577626,2.022727272727273,0.17075689911623462
s12,433,81.1108545034642,2.824610340151213,42.23094688221709,5.304807679643559,1.9517289757791385,1.951219512195122,0.25924997112682835
s13,525,106.47619047619048,15.195227780191177,61.97714285714286,12.959546991826898,1.767915372900193,1.794871794871795,0.3455623903268861
s14,491,136.36863543788186,7.753113526749107,68.65987780040733,9.342048850211114,2.0317114257456756,2.0,0.35651989325658956
s15,642,173.57476635514018,7.406085031860419,79.91277258566979,10.72570470611334,2.2086669397149534,2.267948717948718,0.29101110639410616
s16,552,148.19746376811594,11.88537789520947,67.56702898550725,11.01603516340983,2.232544899930316,2.180461329715061,0.28682187809888554
s17,403,150.58312655086849,4.5108948435887095,78.88833746898263,12.843487149309874,1.9585702179302988,2.0405405405405403,0.3154031775895551
s18,458,134.292576419214,2.9911593881628256,67.1877729257642,7.616900983160678,2.0249072856480583,2.029850746268657,0.23753459505206745
s19,516,123.8624031007752,5.234543705627677,63.48449612403101,9.908991304752211,2.0001519250452398,2.0847457627118646,0.32660729352543005
s20,479,142.5073068893528,16.079673779053124,80.1294363256785,16.97869542153258,1.8385803738668516,1.875,0.34071797747805577
s21,773,154.64683053040105,6.401969492823807,66.58861578266495,8.8303805992186,2.3603343399969927,2.378787878787879,0.3059696271676652
s22,409,128.320293398533,10.733519236849789,64.90464547677261,7.7897118508705745,1.9969308675904214,2.0303030303030303,0.23098792000115836
s23,428,118.17056074766356,3.526596525999398,68.08878504672897,7.074482655545678,1.7556553612194725,1.7591684434968018,0.20056701376405772
s24,355,182.35774647887325,8.273838388980005,89.15492957746478,11.888664172231943,2.081331654619123,2.1219512195121952,0.2887246349501658
s25,436,175.2224770642202,11.148467213315467,86.22018348623853,16.17169816610027,2.1030101407008135,2.201123595505618,0.40281127014769463
s26,316,158.28481012658227,9.15620478121693,84.9873417721519,10.618036372298588,1.8847465672446246,1.9024390243902438,0.21041414879953832
s27,363,145.10192837465564,5.529236369937087,67.73829201101928,7.727424388659507,2.1686049149874984,2.1232876712328768,0.24746803324171426
s28,382,182.0497382198953,23.726351949555518,92.13874345549738,13.087996804675992,1.9833392033644994,1.9868729096989965,0.14810617880250246
s29,364,163.9835164835165,6.866275049459064,75.06593406593407,10.789549272573101,2.230241117213703,2.1710526315789473,0.33647616422983695
s30,344,113.66569767441861,6.157447133103337,60.36918604651163,7.683633997368624,1.909026927334992,1.8999722145040288,0.23371684074792778
