,precision,recall,f1-score,support
d0,0.09090909090909091,1.0,0.16666666666666666,6.0
d1,0.0,0.0,0.0,6.0
d2,0.0,0.0,0.0,6.0
d3,0.0,0.0,0.0,6.0
d4,0.0,0.0,0.0,6.0
d5,0.0,0.0,0.0,6.0
d6,0.0,0.0,0.0,6.0
d7,0.0,0.0,0.0,6.0
d8,0.0,0.0,0.0,6.0
d9,0.0,0.0,0.0,6.0
d10,0.0,0.0,0.0,6.0
accuracy,0.09090909090909091,0.09090909090909091,0.09090909090909091,0.09090909090909091
macro avg,0.008264462809917356,0.09090909090909091,0.01515151515151515,66.0
weighted avg,0.008264462809917356,0.09090909090909091,0.015151515151515152,66.0
